1,AGMA TRADING HOUSE ,"OLD NO16, NEW NO 33, 
ESI HOSPITAL 
ROAD,PERAVALLUR,AGARAM, PERAMBUR/600011, Tamil Nadu",9884200201,AGMATRADINGHOUSE@GMAIL.COM,,"TN1/ME/603/21 28/06/2021 
27/06/2024",Live other than ornamental fish,
2,AQGROMALIN FARMTECH SERVICES PVT LTD ,"3rd Floor, Tower C, Rattha Tek Meadows Road 
Elcot Sez, Sholinganallur 
/600097, Tamil Nadu",9150095418,urvashi.sundarraju@aqgromalin.,www.aqaicrabs.com,"TN1/ME/620/22 23/03/2022 
22/03/2025",Live other than ornamental fish,Live other than ornamental fish:Crab(mudcrab)
3,"ARHAAN TRADING COMPANY NEW NO. 133, OLD NO. 65, ","LINGHI CHETTY STREET 
CHENNAI-600001/600001, Tamil Nadu",4448645151,arhaanmaws@gmail.com,,"TN1/ME/605/21 03/09/2021 
02/09/2024",Dried,
4,BSF EXPORTS ,"12/2, 13/2 REX STREET 
WEST COOVAM RIVER ROAD CHINTADRIPET,/600002, Tamil Nadu",7200200035,bsfexports1961@gmail.com,,"TN1/ME/623/22 18/04/2022 
17/04/2025",Live other than ornamental fish,Live other than ornamental fish:Crab(Crab(Mud Crab))
5,"CHENNAI MARINE EXPORTS, No.43,Old No.21, Kalavai Chetty street ","Chindatripet, 
Chennai/600002, Tamil Nadu",9884916999,chennaimarineexport@gmail.com,,"TN1/ME/518/18 15/01/2018 
14/01/2024",Live other than ornamental fish,Live other than ornamental fish:Crab(Crab(Mud Crab))
6,CHITANG BEIKE IMPEX PRIVATE LIMITED ,"No 147/54 Ground Floor 
Swami Naicken Street Chintadripet Chennai 600002, Tamil Nadu",9962247316,chitangbeike@gmail.com,,"TN1/ME/564/19 02/08/2019 
01/08/2025",Live other than ornamental fish,Live other than ornamental fish:Crab(Crab(Mud Crab))
7,COASTAL AQUACULTURE ,"RESEARCH INSTITUTE PRIVATE LIMITED 
Type II/17, Dr V S I Estate 
Rajiv Gandhi Salai, Thiruvanmiyur, /600041, Tamil Nadu",7299910993,abhishek@aquaconnect.blue,https://aquaconnect.blue/,"TN1/ME/621/22 05/04/2022 
04/04/2025",Frozen,
8,COASTLINE FISHERIES ,"4/1, BALAKRISHNAN STREET, TONDIARPET, 
CHENNAI-600 081., Tamil Nadu",,brittoseafoodexports@gmail.com,,"TN1/ME/370/14 14/07/2014 
13/07/2023",Chilled,"Chilled:Fish Wild(chilled : grouper , tomato grouper,,chilled prawn, coral trout fish, 
baigai)"
9,DECO DE TREND ,"4/371, DAVID NAGAR 
VANDALLUR - WALAJABAD 
ROAD 
PADAPPAI VILLAGE/601301, Tamil Nadu",4467142222,ACCOUNTS@DECODETREND.COM,,"TN1/ME/552/19 15/02/2019 
14/02/2025",Others-Non Edible,Others-Non Edible:Sea Shells(SEA SHELLS)
10,DUX GLOBAL SOLUTIONS ,"ZEAL HOUSE NO 5 M G 
CHAKRAPANI STREET 
SATHYA GARDEN 
SALIGRAMAM/600093, Tamil Nadu",4424880136,DUXGLOBAL73@GMAIL.COM,,"TN1/ME/631/22 26/08/2022 
25/08/2025",Others-Non Edible,Others-Non Edible:Prawn Feed(PRAWN FEED)
11,"EAST INDIA CORPORATION PLOT NO.8, 2ND FLOOR, SRI LAKSHMI NAGAR ","2ND CROSS STREET, 
KATHIRVEDU 
Chennai-600066, Tamil Nadu",9884578615,sales@eastindiacorporations.com,,"TN1/ME/602/21 21/06/2021 
20/06/2024",Chilled,
,,,,,,,,
12,Off FOUR SEASONS INDIA GROUP," 29-B, Jayalakshmi Street Moolachathram Main Road, MMC Madhavaram, Chennai/600051, Tamil Nadu",9791945468,fourseasonsindiag@gmail.com,,TN1/ME/611/21    30/12/2021 29/12/2024,Chilled,"
Chilled:Fish Wild(Silver Pomfret,Reef Cod Spotted Grouper,White Snapper,Red 
Snapper,Macreal,King Fish,Silver 
Croaker,Sardine) 
Chilled:Fish 
Aquaculture(Rohu,Catla,Seabass,Roopchand) Chilled:Shrimp Wild(White,Tiger) 
Chilled:Shrimp Aquaculture(Vannamei 
Shrimps) 
Chilled:Squid(Needle Squid)"
13,GREAT WIN EXPORTS ,"4/234 D, MGR SALAI, 
7TH STREET, PALAVAKKAM CHENNAI-600 041., Tamil Nadu",,greatwinexports@gmail.com,,"TN1/ME/392/15 29/01/2015 
28/01/2024",Frozen,"Frozen:Fish Wild(PUD shrimp) 
Frozen:Shrimp Aquaculture(Vannamei Shrimp)"
14,GREAT WIN EXPORTS PRIVATE LIMITED ,"NO.4/234D 
MGR SALAI 7TH STREET, 
PALAVAKKAM CHENNAI 
/600041, Tamil Nadu",9789901306,greatwinexportspvtltd@gmail.co,,"TN1/ME/610/21 24/11/2021 
23/11/2024",Frozen,"Frozen:Fish Wild(PUD shrimp) 
Frozen:Shrimp Aquaculture(Vannamei Shrimp)"
15,GREENONE IMPEX ,"51/7-4, Mani Complex, Sankagiri Road, 
Seetharampalayam Post, 
Thiruchengode 
Namakkal/637209, Tamil Nadu",4288290437,info@greenoneimpex.com,www.greenoneimpex.com,"TN1/ME/615/22 07/02/2022 
06/02/2025",Chilled,"Chilled:Fish Wild(Pearlspot fish,Grouper fish,PARROT FISH,ROGHU 
FISH,PROMPET FISH, CORAL TROUT FISH) 
Chilled:Fish Aquaculture(PEARL SPOT FISH ,ROGHU FISH) 
Chilled:Shrimp Wild(VANAMIE SHRIPMS ,BLACK TIGER SHRIMPS,SEA FLOWER PRAWNS, SEA TIGER PRAWNS,) 
Chilled:Shrimp Aquaculture(VANAMIE SHRIPMS ,BLACK TIGER SHRIMPS)"
16,J.V.P MARINE PRODUCTS ,"EXPORTS PRIVATE LIMITED 80A/1 
PIDARI NORTH STREET 
SIRKALI/609110, Tamil Nadu",9842658852,jvpmarineexports@gmail.com,,"TN1/ME/549/19 24/01/2019 
23/01/2025",Frozen,
17,JANSI SEA FOOD ,"NO.27, TONDIAR NAGAR, 3rd STREET 
TONDIARPET, CHENNAI 
600081, Tamil Nadu",9840210946,jansiseafood27@gmail.com,,"TN1/ME/496/17 31/08/2017 
30/08/2023",Live other than ornamental fish,"Live other than ornamental fish:Lobster(Live Lobster , snail)"
18,JAY JAY SERVICES ,"2C Shakthi Palace 
Jaikrishna Garden 
Thindal-ERODE/638012, Tamil Nadu",9487949415,info@jayjayservices.com,www.jayjayservices.com,"TN1/ME/639/22 05/12/2022 
03/04/2023",Others-Non Edible,
19,KATHIJA IMPEX ,"NO:107/1A1B, INDRA NAGAR, SIVABOOTHAM VILLAGE, 
VANVANAGARAM, 
THIRUVALLUR DIST 
CHENNAI-600095, Tamil Nadu",7401999666,info@kathijaimpex.com,www.kathijaimpex.com,"TN1/ME/636/22 25/10/2022 
24/10/2025",Chilled,
20,KKP SEA FOODS EXPORTS(PVT )LTD ,"No.27,Wooster Nagar, 
Pudupattinam,Kalpakkam Post, 
Kancheepuram Dist-603102, Tamil Nadu",27487705,kkp_exports@rediffmail.com,,"TN1/ME/352/13 18/12/2013 
16/12/2022",Frozen,
21,LS MARINE FOODS ,"FIRST FLOOR NO,1/150, 
PILLAYAR KOIL STREET, 
INJAMBAKKAM,CHENNAI, 
CHENGALPATTU,TAMIL 
NADU,600115/600115, Tamil Nadu",8807033395,lsmarinefoods@gmail.com,,"TN1/ME/622/22 18/04/2022 
17/04/2025",Live other than ornamental fish,Live other than ornamental fish:Crab(live mud crab)
22,M.D.M ENTERPRISES ,"1ST FLOOR, NO.68/08 MOSQUE JAMATH 
GODOWN STREET,FLOOR 
BAZAR, 
CHENNAI/600001, Tamil Nadu",8122204884,mdmenterprisesdevi@gmail.com,NA,"TN1/ME/613/22 10/01/2022 
09/01/2025",Live other than ornamental fish,Live other than ornamental fish:Crab(Live Blood clam)
23,"M/S. A L M TRADING COMPANY, No.1, Ya Hussain Thaikkal Street, Nagore-611 002.","Nagapattinam Dist., Tamil Nadu",,maamoontrd@yahoo.com,,"TN1/ME/175/07 13/03/2007 
31/12/2023",Others-Non Edible,Others-Non Edible:Operculum of Non-Restricted Species(Sea Shell)
24,M/S. LSF SEA FOODS ,"B2. 5/1, Thiruvenkada Nagar 
Ambattur 
Kanchipuram,Chennai/600053, Tamil Nadu",9962925789,lsfseafoods@gmail.com,www.lsfseafoods.com,"TN1/ME/618/22 15/03/2022 
14/03/2025",Chilled,"Chilled:Shrimp Wild(Chilled: Chilled Shrimp prawn,chilled sea tiger)"
"25
","M/S.B M R EXPORTS, ","Flat S-10, TNHB Complex, 180, Luz Chruch Road MYlapore,Chennai-4., Tamil Nadu",24661082,bmrexp@gmail.com,,"TN1/ME/133/05 05/08/2005 
02/08/2023
","Frozen
","Frozen:Shrimp Aquaculture(Raw Head On shell On shrimps,Raw Head less shell on shrimps - Block /IQF,Raw PD Tail On/off shrimps - IQF,Raw Ezpl Shrimps - IQF,Raw stretched PDTO shrimps - Nobashi,Raw Peeled un deveined shrimps -Block,Raw Peeled Deveined Tail Off Shrimps -
Block,Raw Butterfly shrimps - IQF,Cooked PD tail On /off shrimps - IQF,Cooked EZPL shrimps - IQF)	"
,,,,,,,,"
"
26,M/S.BLUE MARINE HOUSE PVT LTD ,"F1,Skyline Castle 
27,Abdul Razack street, Saidapet Chennai-600 015, Tamil Nadu",,mithun.blumarinehouse.in@gmail.com,,"TN1/ME/233/09 08/10/2009 
04/10/2024",Chilled,"Chilled:Fish Wild(Chilled: Coral trout , 
Emperor bream,Red mullet , Plain 
Grouper,,brown spotted Grouper , Red 
Snapper,Job Fish, Silver pomfret, Chilled Shrimp,chilled mahi mahi, chilled yellow fin tuna,seer fish, silver silago, blue crab,parrot fish, ribbon fish, white squid)"
27,M/S.JAI RAMSIKOGUL CORPORATION ,"9-B/1, Birds Road, 
Cantonment, 
Trichy-620001., Tamil Nadu",0431-2414627,jairamsikogu@satyam.net.in,,"TN1/ME/159/06 21/06/2006 
31/12/2024",Others-Non Edible,
28,"M/S.K V M EXPORTS (P) LTD 61, Venkatesa Street, ","Chintadripet, 
Chennai-600 002, Tamil Nadu",,kvmarine@hotmail.com,,"TN1/ME/098/05 16/03/2005 
14/03/2026",Frozen,"Frozen:Shrimp Wild(Head-on Sea White 
Shrimps (Block & IQF) E,Head-on Flower Shrimps (Block & IQF) E,Head-on Sea Tiger Shrimps (Block & IQF) E,Head-Less Sea White Shrimps (Block & IQF),Head-Less Sea Tiger Shrimps (Block & IQF),Head-Less Flower Shrimps (Block & IQF),Head-Less Bamboo Shrimps (Block & IQF),Head-Less Pink Shrimps (Block & IQF),Head-Less 
Brown Shrimps (Block & IQF),Head-Less Poovalan Shrimps (Block & IQF),Head-Less Deep Sea Shrimps (Block & IQF),Head-Less Red Ring Shrimps (Block & IQF),PUD 
White Shirimps (Block & IQF),PUD Flower Shirimps (Block & IQF),PUD Pink Shirimps (Block & IQF),PUD Sea Tiger Shirimps 
(Block & IQF),PUD Poovalan Shirimps 
(Block & IQF),PUD Karikkadi Shirimps 
(Block & IQF),PUD Red Ring Shirimps 
(Block),PUD Deep Sea Shrimps (Block),PD White Shrimps (Block & IQF),PD Flower Shrimps (Block & IQF),PD Sea Tiger 
Shrimps (Block & IQF),PD Pink Shrimps (Block & IQF),PD Brown Shrimps (Block & IQF),PD Shrimps (General) Block,PUD 
Shrimps (General) Block,PD Shrimps Broken (General) Block,PUD Shrimps Broken 
(General) Block) 
Frozen:Shrimp Aquaculture(Head-on 
Vannamei Shrimps (IQF & Block),Head-on Black Tiger Shrimps (IQF & Block),Head-Less Vannamei Shrimps (IQF & 
Block),Head-Less Black Tiger Shrimps (IQF & Block),PUD Vannamei Shrimps 
(Block),PUD Black Tiger Shrimps 
(Block),PD Vannamei Shrimps (IQF & 
Block),PD Black Tiger Shrimps (IQF & 
Block)) 
Frozen:Cuttlefish(Cuttlefish Whole Cleaned (IQF & Block),Cuttlefish Whole Round (IQF & Block),Baby Cuttlefish (IQF & Block)) Frozen:Squid(Squid Whole Cleaned (IQF & Block),Squid Whole Round (IQF & 
Block),Squid Tube (IQF & Block),Squid 
Fillet (IQF & Block),Squid Tentacles (IQF & Block),Thondi Squid Whole Round (IQF & Block),Thondi Squid Whole Cleaned (IQF & Block),Needle Squid,Semi Needle Squid)"
29,"M/S.N N K MARINE EXPORTS, NO.12/29 VP COLONY,NORTH STREET ","AYANAVARAM 
Chennai/600023, Tamil Nadu",26740067,info@nnkmarine.com,,"TN1/ME/152/06 29/03/2006 
12/03/2024","Frozen 
Chilled","Frozen:Shrimp Wild(FROZEN RAW 
HEALDELSS SHELLON WHITE 
SHRIMPS) 
Frozen:Shrimp Aquaculture(FROZEN RAW HEADLESS SHELLON VANNAMEI 
SHRIMPS BLOCK,FROZEN RAW 
HEADON SHELLON VANNAMEI 
SHRIMPS,BLACK TIGER) 
Chilled:Fish Wild(CHILLED 
REEFCOD,CHILLED SEER 
FISH,CHILLED POMFRET,CHILLED RED SNAPPER,CHILLED GROUPER,CHILLED ANCHOVY,CHILLED 
MACKEREL,CHILLED SARDINE) 
Chilled:Fish Aquaculture(CHILLED 
ROHU,CHILLED SEA BREAM,CHILLED SEA BASS,CHILLED KATLA) 
Chilled:Cuttlefish(CHILLED CUTTLEFISH) Chilled:Squid(CHILLED SQUID) 
Chilled:Lobster(CHILLED LOBSTER)"
30,MARK SRI EXPORTS ,"NO:1/298, PERIYAR ROAD 4th CROSS STREET, ",7010176727,marksriexports@gmail.com,,TN1/ME/619/22,Live other than ornamental fish,
31,MNM SEA FOODS ,"OLD NO.11/1, NEW NO.25, 
VENKATESA GRAMANI 
STREET, CHINTADRIPET, 
CHENNAI/600002, Tamil Nadu",9444050077,mnmseafoods@gmail.com,,"TN1/ME/474/17 09/02/2017 
07/02/2023",Live other than ornamental fish,Live other than ornamental fish:Crab(Crab(Mud Crab))
32,MSA SEA FOODS ,"61/30, ROYES TOWER, KASI GARDEN 
2ND STREET, KASIMEDU, ROYAPURAM 
CHENNAI/600013, Tamil Nadu",8072269431,msaseafood123@gmail.com,www.peterpaulseafood.com,"TN1/ME/616/22 23/02/2022 
22/02/2025",Frozen,
33,NATURAL SEAFOOD NETWORK NO 12/14 PADAVETTAMMAN ,"KOIL STREET 
CHINTADRIPET 
CHENNAI/600002, Tamil Nadu",9940335458,naturalseanetcen@gmail.com,NA,"TN1/ME/503/17 09/11/2017 
08/11/2023",Live other than ornamental fish,"Live other than ornamental fish:Crab(live mud crab, live baigai)"
34,NNK MARINE EXPORTS PVT LTD GROUND FLOOR NO.12/29 VP ,"COLONY 
NORTH STREET AYANAVARAM CHENNAI/600023, Tamil Nadu",4426740067,info@nnkmarine.com,www.nnkmarine.com,"TN1/ME/524/18 19/03/2018 
18/03/2024","Frozen 
Chilled","Frozen:Shrimp Wild(CHILLED 
SEAWHITE,CHILLED SEA BLACK 
TIGER) 
Frozen:Shrimp Aquaculture(FROZEN RAW HEADLESS SHELLON VANNAMEI 
SHRIMPS BLOCK,FROZEN RAW 
HEADON SHELLON VANNAMEI 
SHRIMPS) 
Chilled:Fish Wild(CHILLED 
REEFCOD,CHILLED SEER 
FISH,CHILLED POMFRET,CHILLED RED SNAPPER,CHILLED GROUPER,CHILLED ANCHOVY,CHILLED MACKEREL) 
Chilled:Fish Aquaculture(CHILLED SEA BASS,CHILLED SEA BREAM,CHILLED ROHU,CHILLED KATLA) 
Chilled:Shrimp Aquaculture(CHILLED 
PRAWNS)"
35,OCEAN PEARL EXPORTS ,"PRIVATE LIMITED 
Shop No.5, Ground Floor, Alsa 
Tower, 
No.186/187, Poonamalle High Road, Kilpauk, Chennai/600010, Tamil 
Nadu",4426650991,oceanpearlexports16@gmail.com,-,"TN1/ME/526/18 28/03/2018 
27/03/2024",Chilled,
36,"PEKAYES SEAFOOD EXPORTS NEW No.214, OLD No.104/2, ","G.A. ROAD, 
OLD WASHERMANPET/600021, Tamil Nadu",4425975350,pekayesseafood@gmail.com,,"TN1/ME/560/19 28/05/2019 
27/05/2025","Frozen 
Chilled","Frozen:Cuttlefish(CUTTLE FISH WHOLE CLEANED,CUTTLE FISH WHOLE,BABY CUTTLEFISH WHOLE,CUTTLE FISH ROE) 
Frozen:Octopus(OCTOPUS WHOLE 
CLEANED,OCTOPUS WHOLE) 
Frozen:Lobster(SAND LOBSTER WHOLE)"
37,PONDICHERRY EXPORTS ,"No.56 
Eswaran Koil Street 
Puducherry/605001, Puducherry",4132225358,pondicherryexports@gmail.com,,"TN1/ME/547/18 06/12/2018 
05/12/2024",Others-Non Edible,
38,R.S.E.SEA FOODS ,"NO:21/43, KALAVAI STREET CHINTADRIPET 
CHENNAI/600002, Tamil Nadu",7200767702,rseseafoods7200@gmail.com,na,"TN1/ME/448/16 13/06/2016 
12/06/2025",Live other than ornamental fish,Live other than ornamental fish:Crab(live mud crab)
39,S & S TRADING COMPANY ,"GROUND FLOOR, 45 GIRIAPPA ROAD, 
T.NAGAR, 
CHENNAI/600017, Tamil Nadu",9840999149,sstradingbaskar@gmail.com,,"TN1/ME/612/21 30/12/2021 
29/12/2024",Frozen,
40,SHARAN PRIYA SEA FOODS ,"NEW NO.35, OLD NO.15, 
VENKATESA GRAMANI STREET, CHINTADRIPET-600002, Tamil 
Nadu",4428454678,priyamoorthy14@gmail.com,,"TN1/ME/562/19 26/06/2019 
25/06/2025",Live other than ornamental fish,Live other than ornamental fish:Crab(Live Mud Crab)
41,SK SEA SCAPE PVT LTD ,"B1-Green Centaur Apartments, 7A/4, Cenotaph Road, Ist Street, Alwarpet,Chennai-600 018, Tamil Nadu",9790067867,vatsk@yahoo.com,,"TN1/ME/609/21 15/11/2021 
14/11/2024",Dried,
42,"SKY MOON SEA FOODS No:20/77, Venkatesan Street Chintadripet ","600002, Tamil Nadu",9444144711,satheeshck67@gmail.com,,"TN1/ME/543/18 29/10/2018 
28/10/2024",Live other than ornamental fish,Live other than ornamental fish:Crab(Crab(Mud Crab))
44,SRI SRI BALAJI SEA FOOD 164/18 ,"SWAMI NAICKEN STREET CHINTADRIPET/600002, Tamil Nadu",8939436999,srisribalajiseafood@gmail.com,,"TN1/ME/569/19 27/09/2019 
26/09/2025",Live other than ornamental fish,Live other than ornamental fish:Crab(live mud crab)
45,STPL IMPEX ,"New No.36, Nainiappa Street, Chintadripet, 
Chennai-600 002, Tamil Nadu",9444004737,stplimpex@gmail.com,,"TN1/ME/626/22 22/06/2022 
21/06/2025",Live other than ornamental fish,
46,SULU EXPORTS ,"NO 16,DHARMARAJA KOIL STREET 
CHINTADRIPET,CHENNAI 600002, Tamil Nadu",4428454014,info@suluexports.com,,"TN1/ME/598/21 29/03/2021 
28/03/2024",Live other than ornamental fish Chilled,
47,SVM SEA FOODS ,"08 BAZAAR STREET 
CHINTADRIPET 
Chennai-600002, Tamil Nadu",9043015932,svmseafoods2020@gmail.com,,"TN1/ME/596/21 17/02/2021 
16/02/2024",Live other than ornamental fish,
48,SWASTH SEAFOODS ,"42, MOTHILAL STREET, 
T NAGAR 
CHENNAI/600017, Tamil Nadu",9894672723,s_kandaswamy@hotmail.com,,"TN1/ME/627/22 28/06/2022 
27/06/2025",Chilled,
49,THIRUPATHI THIRUMALA ,"ENTERPRISES 
NO: 1/19 
KVM STREET, CHINTADRIPET CHENNAI/600002, Tamil Nadu",9840130650,thamaraimourthi121275@gmail.com,NA,"TN1/ME/459/16 21/07/2016 
20/07/2025",Live other than ornamental fish,Live other than ornamental fish:Crab(mud crab)
50,V.R.S.SEA FOODS ,"OLD NO.14/1 NEW NO.48 
PARTHASARATHI STREET PULYANTHOPE/600012, Tamil Nadu",4422323139,vrsseafoods.2017@gmail.com,NIL,"TN1/ME/490/17 24/07/2017 
23/07/2023",Live other than ornamental fish,Live other than ornamental fish:Crab(MUD CRAB)
51,"VENKATESWARA SEA FOODS 15/6, SINGANA CHETTY STREET CHINTADRIPET ","/600002, Tamil Nadu",9789056558,VENKATESHWARASEAFOODS5@GMAIL.COM,,"TN1/ME/559/19 27/05/2019 
25/05/2025",Live other than ornamental fish,Live other than ornamental fish:Crab(MUD CRAB)
52,VINNER MARINE ,"NO.9/5, FLAT NO.S-1 
IIND FLOOR, SEETHA NAGAR 1ST STREET 
NUNGAMBAKKAM, Chennai-600034, Tamil Nadu",4442182576,vinnermarine2019@gmail.com,,"TN1/ME/582/20 17/06/2020 
16/06/2023",Frozen,"Frozen:Shrimp Aquaculture(Frozen Headless Shellon Vannamei IQF Shrimp,Frozen 
Headless Shellon Vannamei Block 
Shrimp,Frozen Raw Peeled & Deveined Tail on Vannamei IQF,Frozen Raw Peeled & 
Deveined Tail off Vannamei IQF,Frozen 
Headless Shellon Easy Peel Vannamei IQF)"
53,VTH EXPORTS ,"E1/82-1, 15TH STREET, 
JAGANATHAN SALAI, 
PERIYAR NAGAR, 
CHENNAI/600082, Tamil Nadu",4448502078,sairagavebr@gmail.com,,"TN1/ME/537/18 19/09/2018 
18/09/2024",Live other than ornamental fish Chilled,"Live other than ornamental fish:Crab(LIVE MUD CRABS,CHILLED)"
54,YASH EXPORTS ,"NO.B2, RAJALAKSHMI COMPLEX 
NO.18,CHAMIERS ROAD.
NANDANAM,CHENNAI-600035, Tamil Nadu",9500146503,jothiyeshvi@gmail.com,,"TN1/ME/599/21 01/04/2021 
31/03/2024",Dried,Dried:Salted Jelly Fish(SALTED JELLYFISH LEG)
55,AGS MARINE EXPORTS ,"NO 47/86, VENKATASA STREET CHINTADARIPET 
CHENNAI/600002, Tamil Nadu",9444058235,agsmarineexport@gmail.com,,"TN1/MT/614/22 03/02/2022 
02/02/2025",Chilled,"Chilled:Fish Wild(Grouper:Tomato, Parrot Fish, Anchovy Fish,,Seer Fish,Pearl 
Spot,Emperor Fish,Sardine Fish, Red 
Snapper,,Mackerel,Silver Pomfret, White Pomfret,Black Pomfret,Coral trout, Sea white prawns,,Sea Tiger prawn,Sea Flower prawns) Chilled:Cuttlefish(Cuttlefish) 
Chilled:Squid(Squid)"
56,AQUAGENFOOD EXPORTS PVT LTD ,"NO: 20/50, KOYA ARUNAGIRI 1ST STREET 
ROYAPETTAH 
CHENNAI 600014/, Tamil Nadu",9445609259,AQUAGENFOODEXPORTS@GMAIL.COM,,"TN1/MT/617/22 14/03/2022 
13/03/2025",Live other than ornamental fish,
"
57","ARSHA SEAFOOD EXPORTS 4/364, Anna Road, ","ENJAMBAKKAM/600115, Tamil Nadu",4443855404,arshaseafoodexports@gmail.com,,"TN1/MT/499/17 20/09/2017 
19/09/2023",Frozen,"
Frozen:Shrimp Aquaculture(FROZEN HLSO VANNAMEI) 
Frozen:Cuttlefish(FROZEN WHOLE 
CLEANED CUTTLEFISH,FROZEN 
WHOLE CLEANED CUTTLEFISH 
IQF,FROZEN CLEANED CUTTLEFISH CUTS IQF,FROZEN CUTTLEFISH 
FILLETS IQF,FROZEN CUTTLEISH
TENTACLES IQF,FROZEN CHOPPED 
CUTTLEFISH -IQF,FROZEN 
CUTTLEFISH SKEWER IQF,FROZEN 
CUTTLEFISH ROE IQF,FROZEN 
CUTTLEFISH WINGS IQF,FROZEN 
WHOLE CLEANED CUTTLEFISH IQF -IWP,FROZEN WHOLE CLEANED 
CUTTLEFISHIQF-IWP SHRINK WRAP) Frozen:Squid(FROZEN CLEANED SQUID TUBES,FROZEN SQUID TUBES,FROZEN SQUID TENTACLES,FROZEN SQUID 
TUBES & TENTACLES,FROZEN SQUID WHOLE,FROZEN SQUID WHOLE 
IQF,FROZEN STUFFED SQUID 
IQF,FROZEN SQUID CUTS -IQF,FROZEN WHOLE CLEANED SQUIDS,FROZEN CLEANED SQUID CUTS - IQF,FROZEN WHOLE CLEANED SQUIDS (TRAY 
PACK)) 
Frozen:Octopus(FROZEN CLEANED 
OCTOPUS IQF,FROZEN BABY OCTOPUS BLOCK,FROZEN CLEANED OCTOPUS BLOCK) 
Frozen:Lobster(FROZEN SAND LOBSTER IQF-IWP)"
59,BING FENG EXPORTS ,"NO.1/1295-F, 3RD STREET, 
BETHEL NAGAR,INJAMBAKKAM CHENNAI-600 115, Tamil Nadu",,bingfengexports77@gmail.com,,"TN1/MT/388/14 03/12/2014 
02/12/2023",Live other than ornamental fish,Live other than ornamental fish:Crab(MUD CRAB)
60,"BISMI FISHERIES (P) LIMITED R.S.NO,738/1B, THODUVAI MAIN ROAD, ","THIRUMULLAIVASAL, SIRKALI TALUK 
/609113, Tamil Nadu",4364224967,bismiaqua@gmail.com,,"TN1/MT/449/16 13/06/2016 
12/06/2022",Others-Non Edible,"Others-Non Edible:Fish Meals (Non-Edible) (FISH MEAL, FISH OIL, FISH PASTE (non edible))"
61,BMR INDUSTRIES(P) LTD ,"S-10, TNHB COMPLEX, 
180, LUZ CHURCH ROAD 
MYLAPORE ,CHENNAI-600 004., Tamil Nadu",24352105,bmrexp@gmail.com,,"TN1/MT/382/14 28/10/2014 
27/10/2017",Frozen,
62,CHOICE TRADING ,"CORPORATION PRIVATE 
LIMITED 
No.302, AKSHAYA SHANTHI, 
THIRD FLOOR, 
NO.27/44, ANNA SALAI, MOUNT ROAD, 
TRIPLICANE, CHENNAI, TAMIL NADU 600002, Tamil Nadu",9585522561,admin@choicegroup.in,,"TN1/MT/422/15 14/09/2015 
18/05/2023",Frozen,"Frozen:Shrimp Aquaculture(FROZEN 
COOKED PEELED & DEVEINED T ON SHRIMP,FROZEN RAW EZPL DEVEINED T ON SHRIMP IQF,FROZEN COOKED SHRIMP RING WITH COCKTAIL SAUCE)"
63,CPF (INDIA) PRIVATE LTD ,"40, 2ND STREET, IST FLOOR, F2, SPARTAN NAGAR, 
MOGAPPAIR EAST, 
Chennai-600 037/600 037, Tamil Nadu",26419465,punith.apr03@gmail.com,www.mycpindia.com,"TN1/MT/273/11 08/04/2011 
05/04/2023","Frozen 
Dried",
64,EASTERN RED RUBY FOOD PVT LTD.,"3A, 4TH STREET, GANESH 
NAGAR, 
G.K INDUSTRIAL ESTATE, 
ALAPPAKKAM 
PORUR, CHENNAI/600116, Tamil Nadu",4424765140,INFO@IMFRFOOD.COM,WWW.IMFRFOOD.COM,"TN1/MT/446/16 23/05/2016 
22/05/2025",Dried,"Dried:Dried Fish(SEENI SAMBOL,ONION MALDIVE FRY,ONION SPRATS 
FRY,MALDIVE DRY FISH,SPRATS DRY FISH)"
65,GOSSAMER TRADING (INDIA) PRIVATE LIMITED ,"NO 66/226 ANGAPPAN NAICKAN ST 
MANNADY 
CHENNAI/600001, Tamil Nadu",8939120974,info.ggtipl@gmail.com,,"TN1/MT/606/21 11/10/2021 
10/10/2024",Others-Non Edible,"Others-Non Edible:Sea 
Shells(OPERCULLUM) 
Others-Non Edible:Polished Sea Shell(COWRIE)"
66,GROBEST FEEDS CORPORATION (I) PVT LTD ,"25/1A,1B GROBEST TOWER 
PERAMBUR REDHILLS HIGH 
ROAD KATHIRVEDU 
VINAYAGAPURAM 
Chennai/600099, Tamil Nadu",4425651813,grobestin@hotmail.com,,"TN1/MT/456/16 29/06/2016 
28/06/2025",Others-Non Edible,
68,H.K ENTERPRISES ,"5/738, VELU STREET, MBT ROAD BHARATHI NAGAR, RANIPET /632401, Tamil Nadu",9500084323,hamidleather@gmail.com,,"TN1/MT/640/22 09/12/2022 
08/12/2025","Dried 
Others-Edible",
69,HAKITA FEEDS PRIVATE ,"LIMITED 
DOOR NO.9/1, VIJAYALAKSHMI NAGAR 
KOLATHUR, 
CHENNAI/600099, Tamil Nadu",9840593169,hakita2008@gmail.com,,"TN1/MT/635/22 26/09/2022 
25/09/2025",Others-Non Edible,
70,HYSON EXPORTS PRIVATE ,"LIMITED 
FLAT NO.F2, KALYANIS PALS COURT,NO.42/43, 
GANDHI ROAD, 
ALWARTHIRUNAGAR 
CHENNAI-600087./600087, Tamil Nadu",8623297005,hysonqa@gmail.com,,"TN1/MT/346/13 13/11/2013 
11/11/2025",Frozen,"Frozen:Shrimp Aquaculture(FROZEN 
VANNAMEI SHRIMPS HEADON 
SHELLON,FROZEN HEADLESS SHELL ON VANNAMEI SHRIMPS-
BLOCK,FROZEN RAW PD VANNAMEI SHRIMPS IQF,RAW FROZEN PVPD 
VANNAMEI SHRIMPS-IQF,FROZEN RAW BUTTER ROUND TAIL ON VANNAMEI SHRIMP,FROZEN RAW PDTO SKEWERS VANNAMEI SHRIMP IQF,FROZEN 
BLANCHED PD VANNAMEI SHRIMPS IQF,FROZEN BLANCHED PDTO 
VANNAMEI SHRIMPS IQF,FROZEN RAW HEADLESS EZPL VANNAMEI SHRIMPS IQF,FROZEN HL EZPL VANNAMEI 
SHRIMPS-BLOCK,FROZEN HEAD ON VANNAMEI SHRIMPS-SEMI-
IQF,FROZEN PD VANNAMEI SHRIMPS â€“BLOCK,FRESH FROZEN RAW PDTO 
VANNAMEI SHRIMP IQF)"
71,IFAAWIN MARINE EXPORT INDIA PVT.LTD ,"30/1 & 30/3A 
ELLAPURAM BLOCK, 
KOTTAKUPPAM VILLAGE 
UTHUKOTTAI TALUK/601102, Tamil Nadu",9380034535,ifaawinmarineexport@gmail.com,,"TN1/MT/509/17 04/12/2017 
03/12/2023",Chilled,"Chilled:Fish 
Wild(SEERFISH,GROUPER,POMFRET 300 GMS UP ONLY,SEA WHITE 
PRAWNS,ANCHOVY,SAND 
LOBSTER,SQUID,CUTTLE FISH,INDIAN MACKEREL,SARDINE)"
72,INFINITE BIOSCIENCE ,"S.F. NO 264 
BAKKALAPALLI, 
CHINNADHAMAL CHERU 
PERNAMBUT 635810/, Tamil Nadu",7708497444,infinitebioscience@hotmail.com,,"TN1/MT/497/17 04/09/2017 
03/09/2023",Others-Non Edible,
73,"JACKVIN SEA FOODS No.1,Rope Street ","Cuddalore OT, Tamil Nadu",,jackvinseafoods@gmail.com,,"TN1/MT/339/13 03/09/2013 
02/09/2025",Live other than ornamental fish,"Live other than ornamental fish:Crab(live mud crab , live baigai, live blood clam,live lobster, Live eel fish)"
74,JPH SEA FOOD EXPORT ,"CHINDATARIPET 
IV, Tiruvallur Taluk & District 
Tamilnadu-602024/600002, Tamil Nadu",9952900000,JPHSEAFOODEXPORTCHENNAI@GMAIL.COM,,"TN1/MT/507/17 27/11/2017 
26/11/2023",Live other than ornamental fish,
75,JS MARINE EXPORT ,"NEW NO 53,OLD NO 15/2 KANAKKAR STREET 
TONDIARPET 
Chennai 
600081, Tamil Nadu",9600015312,jsmarineexport2000@gmail.com,,"TN1/MT/591/21 12/01/2021 
11/01/2024",Live other than ornamental fish,"Live other than ornamental fish:Fish 
Aquaculture(LIVE FRESH WATER 
EEL(Anguilla anguilla)) 
Live other than ornamental 
fish:Bivalves(LIVE BAIGAI(Babylonia 
spp.),LIVE BLOOD CLAM(Anadara 
granosa),LIVE HORN 
SHELL(Potamididae),LIVE INDIAN 
VOLUTE(Melo melo),LIVE CHANNELED WHELK(Busycotypus canaliculatus)) 
Live other than ornamental 
fish:Lobster(LIVE ROCK LOBSTER 
(Panulirushomarus,P.ornatus etc)) 
Live other than ornamental fish:Crab(LIVE MUD CRAB (Scylla serrata))"
77,M D M SEA FOODS ,"NO.15/35, VENKATESA STREET, CHINTADRIPET, 
CHENNAI/600002, Tamil Nadu",8122204884,mdmseafoods@gmail.com,,"TN1/MT/454/16 22/06/2016 
20/06/2025",Live other than ornamental fish,"Live other than ornamental 
fish:Crab(Crab(Mud Crab),Blood Clam)"
78,M/S BRITTO SEAFOODS EXPORTS PVT LTD ,"4/1 Balakrishnan Street 
Tondiarpet 
Chennai-600 081, Tamil Nadu",23246170,brittoseafoodexports@gmail.com,,"TN1/MT/258/10 21/10/2010 
05/07/2025","Frozen 
Canned/Bottled/Retort Pouched Product 
Chilled","Chilled:Fish Wild(Grouper,Parrot 
fish,Emperor fish,White Pomfret fish,Chinese pomfret,Black pomfret,Seer fish,Tomatto grouper,Red snapper,Coral trout,Tuna) 
Chilled:Shrimp Wild(White prawn,Tiger 
prawn,Flower prawn) 
Chilled:Cuttlefish(Cuttle fish) 
Chilled:Squid(Squid) 
Chilled:Octopus(Octopus) 
Chilled:Lobster(Rock lobster,Sand lobster) Chilled:Crab(Blue swimming crab,Mud crab)"
79,M/S. NEELA DEEP SEA ,"FISHERIES 
146-B, O.S. Sivasamy Salai, Ist floor, Mylapore 
Chennai-600 004, Tamil Nadu",32549769,,,"TN1/MT/249/10 08/06/2010 
07/06/2013",Frozen,
80,M/S. SAGAR GRANDHI EXPORTS PVT. LTD ,"53, Venkatesan St 
Chintadripet 
Chennai-600 002, Tamil Nadu",4428453897,gvraccounts@gvrfoodpark.com,,"TN1/MT/199/08 10/07/2008 
14/02/2026",Frozen,"Frozen:Shrimp Aquaculture(RAW FROZEN VANNAMEI PEELED & DEVEINED 
SHRIMPS (G2,WHITE RHSO SHRIMP AQUA STAR BRAND,WHITE IQF PD 
TAIL ON SHRIMP AQUA STAR 
BRAND,WHITE IQF QUICK PEEL 
SHRIMP,WHITE IQF PD TAIL OFF 
SHRIMP AQUA STAR BRAND,WHITE CPTO SHRIMP,WHITE CPTL 
SHRIMP,VANNAMEI SHRIMP RAW 
HEADLESS SHELL ON,VANNAMEI 
SHRIMP RAW HEADLESS EASY 
PEEL,FROZEN INDIAN ORIGIN 
VANNAMEI CUT PD SHRIMPS,FROZEN IQF VANNAMEI PVPD 
SHRIMPS,VANNAMEI WHITE IQF 
BLANCHED PD SHRIMP,VANNAMEI WHITE BFLY IQF QUICK PEEL 
SHRIMP,FRESH WATER SHRIMP 
HEADLESS EZP SHRIMP,BLACK TIGER HEADLESS SHELL ON SHRIMP,FROZEN VACUUM PACKED RAW IQF CUT AND STRETCHED S,VANNAMEI WHITE 
SHRIMP RING,VANNAMEI WHITE 
SHRIMP RAW PEELED CUT 
DEVEINED,COOKED PEELED & 
DEVEINED SHRIMP,COCK TAIL SAUCE FOR VALUE ADDED 
PRODUCTS,VANNAMEI WHITE 
COOKED PD MEDIUM SHRIMP,FROZEN TIGER SHRIMP PD,FROZEN HLSO 
WHITE SHRIMPS,VANNAMEI SHRIMP PND TAIL OFF,FROZEN VACUUM 
PACKED PULLED VEIN PEELED AND DEVEIN,FROZEN RAW IQF PD 
VANNAME SHRIMP,VANNAMEI WHITE COOKED PDTO SHRIMP,BLACK TIGER RHSO SHRIMP,FROZEN BFLY GARLIC HERB SHRIMP,FROZEN BLANCHED PD VANNAMEI SHRIMPS,FROZEN 
VANNAMEI PUD BLANCHED SHRIMPS)"
"81
",M/S. WELLCOME FISHERIES LIMITED ,"G-5. AMAR SINDHUR, 
No. 43, PANTHEON ROAD, EGMORE 
CHENNAI/600008, Tamil Nadu
",28542482,wellcome@wellcomevinner.com,www.wellcomevinner.com,"TN1/MT/025/04 23/12/2004 
16/12/2025
","Frozen
","Frozen:Shrimp Aquaculture(RAW FROZEN HOSO VANNAMEI SHRIMP-IQF,RAW FROZEN HLSO VANNAMEI SHRIMP-IQF,RAW FROZEN PD TAIL ON 
VANNAMEI SHRIMP-IQF,RAW FROZEN PD TAIL OFF VANNAMEI SHRIMP -
IQF,RAW FROZEN PD BUTTERFLY TON VANNAMEI SHRIMP-IQF,RAW FROZEN HLSO EASY PEEL VANNAMEI SHRIMP -IQF,RAW FROZEN HLSO VANNAMEI SHRIMP-BLOCK,RAW FROZEN PD TAIL OFF VANNAMEI SHRIMP - BLOCK,RAW FROZEN PD TAIL ON VANNAMEI 
SHRIMP- BLOCK,RAW FROZEN HLSO EASYPEEL VANNAMEI SHRIMP-
BLOCK,FROZEN COOKED PDTAIL ON VANNAMEI SHRIMP- IQF,FROZEN COOKED PD TAIL OFF VANNAMEI 
SHRIMP - IQF,FROZEN COOKED HLSO VANNAMEI SHRIMP- IQF,FROZEN 
COOKED HLSO EASY PEEL VANNAMEI SHRIMP - IQF,FROZEN RAW PUD 
VANNAMEI SHRIMPS-IQF,FROZEN RAW PDTOFF ROUND CUT VANNAMEI 
SHRIMPS-BLOCK)
	"
,,,,,,,,"
"
82,"M/S.AQUA WORLD EXPORTS (P) LTD., ","186187, P.H.Road,.
Chennai-600 010., Tamil Nadu",26245506,Aquaworld@ssify.com,,"TN1/MT/217/09 10/06/2009 
01/05/2024",Chilled,"Chilled:Fish Wild(SEER 
FSIH,MACKEREL,CLAMS 
MEAT,CUTTLE 
FISH,SARDINE,POMFRET 
FISH,LOBSTER 
FISH,PEARLSPOT,SILVER BELLY,LADY FISH,ROOPCHANDA,EMPEROR,PARROT FISH,SILVER CROAKER,SOLE 
FISH,GREEN 
MUSSELS,OYSTER,REEFCOD,RED 
REEFCOD,SAND LOBSTER,RED 
SNAPPER,OCTOPUS,RED 
MULLET,GRAY CLAMS,BOMBAY 
DUCK,TILAPIA,GROUPER 
FISH,CRAB,SQUID) 
Chilled:Fish Aquaculture(PRAWNS,ROHU FSIH,ANCHOVY FISH)"
83,M/S.ARJUNA NATURAL PRIVATE LIMITED ,"15/4B,SIRAMBARAYAMPALAYAM ROAD, 
SENNAPPACHETTY PUDUR 
POST, 
KARUMATHAMPATTY 
(VIA),COIMBATORE-641 
659/641659, Tamil Nadu",9843745317,cbe@arjunanatural.com,www.arjunanatural.com,"TN1/MT/423/15 23/09/2015 
22/09/2024",Others-Edible,"Others-Edible:Fish Oil(Edible)(FISH OIL , FISH POWDER)"
84,M/S.ASVINI FISHERIES PRIVATE LIMITED ,"No.3, First Canal Cross Road 
Gandhi Nagar, Adyar 
Chennai/600020, Tamil Nadu",24423317,asvini@asvini.co.in,,"TN1/MT/027/04 29/12/2004 
25/12/2025",Frozen,"Frozen:Shrimp Aquaculture(RAW & COOKED -
HL,EZYPEEL,PD,PDTO,BLANCHED, CURL,,BUTTERFLY,PVPD,-IQF)"
85,M/S.C P AQUACULTURE (I) PVT LTD ,"104, GNT Road,Nallur & 
Vijayanallur Village, 
Sholavaram Post,Red Hills, Chenai-67., Tamil Nadu",26419546,cpaqua@vsnl.net,,"TN1/MT/135/05 19/09/2005 
16/09/2023",Dried,Dried:Prawn Feed (Non- Edible)(prawn feed)
86,"M/S.COASTLINE FISHERIES 9, 3rd lane, G A Road, ","Chennai-21., Tamil Nadu",25955354,brittoseafoodexports@gmail.com,,"TN1/MT/131/05 02/08/2005 
31/07/2023",Chilled,
87,"M/S.CRESENT SEA FOOD 24/1/1, Singanna Street, ","Chintradripet, 
Chennai-600002, Tamil Nadu",4442149710,cresentseafood@gmail.com,,"TN1/MT/038/05 18/01/2005 
15/01/2026",Live other than ornamental fish,"Live other than ornamental fish:Crab(live mud crab , live baigai, live blood clam)"
88,"M/S.GOLD MARINE EXPORTS PVT LTD., ","New No.16, Dharmaraja Koil Street, Chintadripet, 
Chennai-600 002, Tamil Nadu",,info@goldmarine.in,,"TN1/MT/066/05 10/02/2005 
07/02/2026",Chilled,"Chilled:Fish Wild(chilled rock lobster,chilled prawns,chilled grey clam,chilled skip jack tuna fish,chilled snails,chilled grey 
mullet,chilled mahi mahi)"
,,,,,,,,"Frozen:Fish Wild(INDIAN MACKEREL WHOLE ROUND (IF & IQF),RIBBON 
FISH WHOLE ROUND (IQF, IF & 
Block),While Pomfret (IF & IQF),Black 
Promfret (IF & IQF),Anchovy (Block, IF & IQF)) 
Frozen:Shrimp Wild(Head-on Sea White 
Shrimps (Block & IQF),Head-on Flower 
Shrimps (Block & IQF),Head-on Sea Tiger Shrimps (Block & IQF),Head-Less Sea 
White Shrimps (Block & IQF),Head-Less Sea Tiger Shrimps (Block & IQF),Head-Less Flower Shrimps (Block & IQF),Head-Less Pink & Brown Shrimps (Block & IQF),Head-Less Bamboo Shrimps (Block & IQF),Head-Less Poovalan Shrimps (Block & IQF),Head-Less Deep Sea Shrimps (Block),Head-Less Red Ring Shrimps (Block),PUD White 
Shirimps (Block & IQF),PUD Flower 
Shirimps (Block & IQF),PUD Pink Shirimps (Block & IQF),PUD Brown Shirimps (Block & IQF),PUD Sea Tiger Shirimps (Block & IQF),PUD Poovalan Shrimps (Block & 
IQF),PUD Karikkadi Shrimps (Block & 
IQF),PUD Red Ring Shrimps (Block),PUD Deep Sea Shrimps (Block),PD White
	"
91,M/S.KAUSHALYA AQUA MARINE EXPORTS ,"OLD NO 72 NEW NO 140 
SWAMI(N) STREET 
Chintadripet, 
Chennai-600 002./600002, Tamil 
Nadu",4442661002,Kaushalya45@yahoo.co.in,NIL,"TN1/MT/120/06 10/06/2005 
08/06/2023",Frozen,
92,"M/S.OM SHAKTHI SEAFOODS 78, Mettu Street, ","Ayanavaram, 
Chennai-600 023., Tamil Nadu",,,,"TN1/MT/194/08 11/06/2008 
10/06/2011","Frozen 
Chilled",
93,"M/S.OMVISHKAR EXPORTS NEW NO.52, OLD NO.297, ","LINGHI CHETTY STREET, 
CHENNAI-600 001., Tamil Nadu",9841041942,omvishkarexports@gmail.com,,"TN1/MT/424/15 06/10/2015 
05/10/2024",Dried,
94,"M/S.SCANET TRADING PVT LTD., 4, Jayalakshmipuram Ist Street, ","Nungambakkam, 
Chennai-600 034., Tamil Nadu",4442113810,scanet@skcl.co.in,,"TN1/MT/201/08 19/09/2008 
18/09/2023",Live other than ornamental fish,Live other than ornamental fish:Lobster(Live Lobsters)
95,"M/S.SKANDA MARINES PVT LTD 47/1, Sivaswamy Salai, ","Ist Street, Mylapore, 
Chennai-600 004., Tamil Nadu",044-24987266,skandamarines@gmail.com,,"TN1/MT/197/08 12/06/2008 
11/06/2011","Frozen 
Chilled",
96,MARINE GOODS TRADERS ,"NO.82,OLD NO.218,3RD FLOOR ANGAPPA NAICKEN STREET,
",,,,TN1/MT/412/15 27/05/2015 26/05/2024 ,Dried,"Dried:Dried Fish(Dried : Fish Maws, Eel Fish Maws, Khajura Fish Maw)"
98,MICHVIN EXPORTS ,"No 94 old No 9/A 
EZHAIMARIAMMAN KOIL 
STREET 
MUTHIALPET/605003, Puducherry",4132235055,michvin_13@yahoo.com,,"TN1/MT/489/17 07/07/2017 
06/07/2023",Dried,
99,MILLENNIUM EXPORTS ,"No-10/14, 1st Floor, 
Anaikar Complex, MV Badran Street, Periyamet, Chennai - 600 003., Tamil Nadu",25610498,atnus@yahoo.com,,"TN1/MT/295/12 03/01/2012 
02/01/2024",Others-Non Edible,"Dried:Dried Fish(Ocean Chew (Dog 
Chew),Ocean Delite (Dog Treat),Fish 
Cartilage (Supplement for Dogs),Ocean Oil (Supplement for Dogs))"
100,MONSOON BOUNTY FOODS ,"MANUFACTURING PRIVATE 
LIMITED 
PLOT NO 99 EPIP ZONE 
SIPCOT INDUSTRIAL ESTATE GUMMIDIPOONDI/601201, Tamil Nadu",4426284700,monsoonbounty@gmail.com,www.monsoonbounty.com,"TN1/MT/580/20 11/05/2020 
10/05/2023","Frozen 
Chilled",
101,"MONSOON FISHERIES, ","70-1, DHANIKHARI 
SIPPIGHAT POST 
SOUTH ANDAMAN/744105, Andaman & Nicobar Islands",9474262728,pradeep578@gmail.com,,"TN1/MT/462/16 26/08/2016 
25/08/2025","Frozen 
Chilled","Frozen:Fish Wild(Indian Mackerel,YellowFin Tuna,Grouper,Yellowback Fusilier,Sword Fish,Red Snapper)"
102,NATURAL PRODUCTS EXPORT CORP LTD ,"PADUR ROAD, 
KUTHAMBAKKAM 
IRULANPALAYAM 
POONAMALLEE/600124, Tamil Nadu",4426810091,LOGISTICS@NATURALPRODUCTSINDIA.COM,,"TN1/MT/633/22 15/09/2022 
14/09/2025",Others-Non Edible,
103,OM SAIAQUA ,"SANTHAVELUR VILLAGE 
VARDAYAPALM MANDALAM CHITTOOR-DIST/524005, Andhra Pradesh",9542333395,omsaiaqua@gmail.com,,"TN1/MT/504/17 08/11/2017 
07/11/2023",Others-Non Edible,
104,OMEGA SEA FOOD EXPORTS ,"PLOT NO 17-20, VILLAGE NO-92, OM SIVA NAGER, KAMA 
SEVVAPETTAI VILLAGE , 
SEVVAPETTAI HIGH ROAD 
TAMIL NADU,INDIA/602025, Tamil Nadu",9444574732,Omegaseafood7@yahoo.com,,"TN1/MT/577/20 12/02/2020 
11/02/2026",Chilled,
105,"ORIENT FROZEN FOODS LLP Survey No-51/1B2,N0-4 ","Poovalai village 
gummidipoondi taluk/601201, Tamil Nadu",9884536422,orientfrozenfoods@gmail.com,orientfrozenfoods2gmail.com,"TN1/MT/554/19 22/02/2019 
21/02/2025",Frozen,"Frozen:Shrimp Aquaculture(FROZEN RAW HEADLESS SHELLON VANNAMEI 
SHRIMPS BLOCK,FROZEN RAW 
HEADON SHELLON VANNAMEI 
SHRIMPS IQF,FROZEN RAW PEELED & DEVIENED VANNAMEI SHRIPMS 
IQF,FROZEN RAW PD VANNAMEI 
SHRIPMS BLOCK,FROZEN RAW PUD VANNAMEI SHRIPMS BLOCK,FROZEN RAW HEADLESS SHELLON VANNAMEI SHRIMPS IQF)"
106,SAAMAJA SEA FOODS ,"No-146, B, P.S.Sivasami Salai, Mylapore, 
Chennai-600 004, Tamil Nadu",43536351,saamajaseafoods@gmail.com,,"TN1/MT/272/11 30/03/2011 
29/03/2014",Frozen,
107,SAI BALAJI SEAFOODS ,"NO.48 VENKATESAN STREET CHINTADRIPET 
CHENNAI/600002, Tamil Nadu",9962977120,saibalajiseafoods@gmail.cm,,"TN1/MT/568/19 19/09/2019 
18/09/2025",Live other than ornamental fish,"Live other than ornamental 
fish:Crab(Crab(Mud Crab),Blood Clam)"
108,SAT MARINE EXPORT ,"PLOT NO.106 & 107, CHINMAYA NAGAR 
THAMARAIPAKKAM 
THIRUVALLUR (DT) 
CHENNAI, TAMIL NADU/602024, Tamil Nadu",9176581688,admin.vinay@satmarineexport.com,,"TN1/MT/637/22 16/11/2022 
15/11/2025",Live other than ornamental fish,
109,SHENG LONG BIO-TECH (INDIA) PRIVATE LIMITED ,"PLOT NO.A-11/1, PART A, SIPCOT INDUSTRIAL PARK, 
THERVOYKANDIGAI, 
GUMMIDIPOONDI, 
/601202, Tamil Nadu",9500028355,NIROSHA@SHENGLONGINDIA.COM,WWW.SHENGLONGINDIA.COM,"TN1/MT/607/21 29/10/2021 
28/10/2024",Others-Non Edible,
,,,,,,,,"	"
110,"SIMON SEA FOODS PVT LTD Simon Estates, No.68 ","Nallur Village, Mullikulathur Post Thirukkalukuntram Taluk/603109, Tamil Nadu",9840218108,enquiry@simonseafoods.com,www.simonseafoods.com,"TN1/MT/592/21 18/01/2021 
17/01/2024",Chilled,"Chilled:Squid(fish, prawn, octopus, squid, lobster)"
111,"SOFTGEL HEALTHCARE PVT LTD NO-20/1, Vandalur-Kelambakkam ","Road, 
Pudupakkam Village, 
Kancheepuram Dist-603 103., Tamil Nadu",27498412,softgelhealthcare@gmail.com,,"TN1/MT/263/10 21/12/2010 
18/12/2025",Dried,Dried:Gelatine Capsules(fish oil capsules)
112,ST.PETER & PAUL SEAFOOD EXPORTS PVT.LTD ,"NO.61/30, 2ND STREET, KASI GARDEN, ROYAPURAM 
CHENNAI 600013 
/600013, Tamil Nadu",8072269431,qapeterpaulseafood@gmail.com,www.peterpaulseafood.com,"TN1/MT/413/15 19/06/2015 
18/06/2024",Frozen,"Frozen:Fish Wild(FROZEN SKIPJACK TUNA,FROZEN YELLOW FIN 
TUNA,FROZEN RIBBON FISH,FROZEN MACKERAL) 
Frozen:Shrimp Wild(FROZEN WILD 
CAUGHT SHRIMPS,FROZEN PINK 
SHRIMPS PUD,FROZEN WHITE 
SHRIMPS) 
Frozen:Cuttlefish(FROZEN CUTTLE FISH WHOLE CLEANED,FROZEN CUTTLE FISH IQF) 
Frozen:Squid(FROZEN SQUID 
WHOLE,FROZEN SQUID WHOLE 
CLEANED,FROZEN SQUID WHOLE CLEANED IQF) 
Frozen:Octopus(FROZEN OCTOPUS 
WHOLE,FROZEN OCTOPUS WHOLE CLEANED BLOCK)"
113,STAR AGRO MARINE EXPORTS PRIVATE LIMITED ,"C10, DOOR NO T6, P1,SHREE 
RAM PARADISE 
,KALAMEGAM ST, MUGAPPAIR WEST 
CHENNAI,TAMIL NADU/600037, Tamil Nadu",,sahamedstaragro@gmail.com,,"TN1/MT/064/05 08/02/2005 
05/02/2026",Frozen,
114,THARANGINI SEA FOODS ,"4/210 
MGR ROAD 
PALAVAKKAM/600041, Tamil Nadu",24490137,tsfchennai41@yahoo.com,,"TN1/MT/578/20 17/03/2020 
16/03/2023","Frozen 
Chilled","Frozen:Shrimp Wild(FROZEN HEADLESS SHELL ON WHITE SHRIMPS) 
Frozen:Shrimp Aquaculture(FROZEN 
HEADLESS SHELL ON VANNAMEI 
SHRIMPS,FROZEN HEADLESS SHELL ON BLACK TIGER SHRIMPS,HEAD ON VANNAMEI,HEAD ON BLACK 
TIGER,PUD VANNAME,PUD BLACK TIGER,PD VANNAMEI,PD BLACK 
TIGER,PD TON VANNAMEI) 
Frozen:Cuttlefish(CUTTLE FISH 
WHOLE,CUTTLE FISH WHOLE 
CLEANED) 
Frozen:Squid(SQUID WHOLE,SQUID 
WHOLE CLEANED,SQUID TUBE,SQUID RING) 
Frozen:Lobster(FROZEN HEAD ON 
LOBSTER) 
Frozen:Crab(FROZEN WHOLE 
CRAB,FROZEN CUT CRAB)"
115,V. B MEDICARE PRIVATE ,"LIMITED 
Plot NO. 59,61,62,63,66A,67 
Sipcot Industrial area Phase-II Krishnagiri Road, Hosur/635109, Tamil Nadu",434260691,sharad.verma@bioplus.in,,"TN1/MT/628/22 18/08/2022 
17/08/2025",Dried,
116,VALAN MULTI PRODUCTS ,"New No.144, Old No.111, 3rd Floor, P V Koil Street,Royapuram, 
Chennai-600 013., Tamil Nadu",28452229,valanmulti@gmail.com,,"TN1/MT/378/14 09/09/2014 
08/09/2023",Live other than ornamental fish,"Live other than ornamental 
fish:Gastropod(Live Baigai,Live Horn 
Shell,Live Indian Volute,Live Channeled Whelk) 
Live other than ornamental 
fish:Bivalves(Live Blood Clam) 
Live other than ornamental fish:Lobster(Live Lobster) 
Live other than ornamental fish:Crab(Live Mud Crab)"
"117
",VICEROY EXPORTS( INDIA) PRIVATE LIMITED ,"55/56 BAKIR ABDUL HUSSAIN MANSION 
THIRD LINE, NORTH BEACH ROAD, 
CHENNAI 600001/600001, Tamil Nadu
",7204625167,viceroyexportsmgl@gmail.com,,"TN1/MT/397/15 31/03/2015 
30/03/2024
","Frozen
","Frozen:Fish Wild(Frozen Ribbon fish.,Frozen Red snapper,Frozen Reef cod,Frozen 
Pomfret,Frozen Sea Bream,Frozen Pearl 
spot,Mackerel,Tuna,Seer,Sardine,catfish) Frozen:Shrimp Wild(Black Tiger,White 
shrimp,Flower shrimp,Brown shrimp,Scampi shrimp) 
Frozen:Shrimp Aquaculture(Vannamei) 
Frozen:Cuttlefish(Frozen cuttlefish 
whole,Frozen cuttle fish whole 
cleaned,Frozen cuttle fish fillets,Frozen cuttle 
	"
,,,,,,,,
118,"AQUA ZOO AQUA SYSTEMS No 40, GNT Road, ","Puzhal 
/600066, Tamil Nadu",9790900440,cbzrajesh@gmail.com,www.aquazooaquasystems.com,"TN1/OF/630/22 19/08/2022 
18/08/2025",Ornamental Fish,
119,BLUE PLANET AQUA ,"NO.6/24, KANDAPPA STREET CHOOLAI, 
CHENNAI/600112, Tamil Nadu",9841095381,Blueplanetaqua5@gmail.com,,"TN1/OF/460/16 02/08/2016 
01/08/2025",Ornamental Fish,Ornamental Fish:Fresh Water(Ornamental Fish)
120,"GOLDEN GALAXY AQUARIUM 39, Jaya Sakthi Nagar, ","Aarikambedu,Vellanur Village, 
Tiruvallur,Chennai-600 062, Tamil Nadu",9840885052,goldengalaxyaquarium@gmail.com,,"TN1/OF/604/21 13/08/2021 
12/08/2024",Ornamental Fish,
121,M/S. SOUTHERN INDIA ,"AQUATEK 
NO.2 Dr. NARASIMAN ROAD T NAGAR 
CHENNAI/600 017, Tamil Nadu",4428158929,siatdiscus@gmail.com,,"TN1/OF/042/05 19/01/2005 
17/01/2023",Ornamental Fish,
122,MARINE WORLD AQUARIUM GF SHOP 1 PL NO 1 ,"LAKSHMI AVENUE SCHOOL ROAD 
KOLATHUR/600099, Tamil Nadu",9952729071,marineworldaquairum025@gmail.com,,"TN1/OF/625/22 20/05/2022 
19/05/2025",Ornamental Fish,Ornamental Fish:Fresh Water(Ornamental Fish)
123,SAH ENTERPRISES ,"OLD NO 5 NEW NO 13/7, First Floor 
JAMEELABAD 2ND 
STREET,MELVISHARAM 
Vellore/632509, Tamil Nadu",9944385177,sahenterprises2022@gmail.com,,"TN1/OF/634/22 15/09/2022 
14/09/2025",Ornamental Fish,
124,AQUA WORLD EXPORTS (PVT) LTD ,"No186/187,Poonamalle High Road Alsa Towers,Kilpauk 
Chennai-600 010., Tamil Nadu",044-26650991,aquaworldexports@gmail.com,,"TN1/RX/338/13 28/08/2013 
26/08/2025",Frozen,
125,NNK MARINE EXPORTS ,"NO 12/29 , VP COLONY , NORTH STREET 
AYANAVARAM , CHENNAI -
600023 
/600023, Tamil Nadu",600023,info@nnkmarine.com,nnkmarine.com,"TN1/RX/638/22 25/11/2022 
24/11/2025","Frozen 
Chilled",
126,NNK MARINE EXPORTS PRIVATE LIMITED ,"GROUND FLOOR , NO 12/29, VP COLONY , NORTH STREET 
AYANAVARAM 
/600023, Tamil Nadu",4426740067,nnkmarineexports@yahoo.co.in,,"TN1/RX/624/22 17/05/2022 
16/05/2025","Frozen 
Chilled",
127,RADHA EXPORTS (INDIA) PVT LTD ,"UNIT NO.201, SIGMA WING, 2ND FLOOR 
RAHEJA TOWERS, NO.177, 
ANNASALAI 
CHENNAI/600002, Tamil Nadu",4442158145,krishm@airtelmail.in,,"TN1/RX/563/19 12/07/2019 
11/07/2022",Frozen,
128,ST.PETER & PAUL SEAFOOD EXPORTS PVT.LTD ,"61/30, ROYES TOWER, KASI GARDEN, 
2ND STREET, KASIMEDU, ROYAPURAM 
CHENNAI/600013, Tamil Nadu",8072269431,qapeterpaulseafood@gmail.com,www.peterpaulseafood.com,"TN1/RX/632/22 01/09/2022 
31/08/2025",Frozen,
129,VISNUKUMAR TRADERS PVT LTD ,"28A, PADUR MAIN ROAD, 
KUTHAMBAKKAM 
CHENNAI/600124, Tamil Nadu",4426810615,dox@vktpl.com,www.vktpl.com,"TN1/RX/575/19 30/12/2019 
29/12/2025",Frozen,
