Sl.No.,Firm Name & Addess,Contact Details,"Reg.No / IssueDate / ExpiryDate",Product Category,Product(s),Unnamed: 0,12,"Off.Moolachathram Main Road,",Ph: 9791945468,30/12/2021,Chilled,Chilled:Fish,"MYlapore,Chennai-4., Tamil Nadu",Unnamed: 1,Unnamed: 2,Unnamed: 3,Peeled Deveined Tail Off Shrimps -,31,"MNM SEA FOODSOLD NO.11/1, NEW NO.25,VENKATESA GRAMANISTREET, CHINTADRIPET,CHENNAI/600002, Tamil Nadu","Ph: 9444050077email: mnmseafoods@gmail.com","TN1/ME/474/1709/02/201707/02/2023","Live other thanornamental fish","Live other than ornamentalfish:Crab(Crab(Mud Crab))",44,"SRI SRI BALAJI SEA FOOD164/18SWAMI NAICKEN STREETCHINTADRIPET/600002, TamilNadu","Ph: 8939436999email: srisribalajiseafood@gmail.com","TN1/ME/569/1927/09/201926/09/2025","Live other than ornamental fish:Crab(livemud crab)",Unnamed: 4,"TENTACLES IQF,FROZEN CHOPPED",Dried:Dried Fish(DRIED FISH,"No.36/1, Shakthi Flats, 1 A, Sooramal",TN1/MT/629/22,trout fish),COOKED PD TAIL OFF VANNAMEI,"Shrimps (Block & IQF),PD Flower Shrimps",97,"MARINEX174, Coral Merchant Street,Chennai-600 001, Tamil Nadu","Ph: 25212347email: marinex@rediff.com","TN1/MT/270/1105/01/201102/01/2026",Dried,"Dried:Fish Maws/Isinglass(EelFishmaws,Ghol Fishmaws,koteFishmaws,Dara Fishmaws,BetkiFishmaws,Katla Fishmaws,Cat Fishmaws)",SIMON SEA FOODS PVT LTD,"Nadufish Tentacles,Frozen cuttle fish Roe)Frozen:Squid(Frozen squid wholecleaned,Frozen squid tubes / cylinders,Frozensquid rings,Frozen squid Tentacles)Frozen:Octopus(Frozen Octopus wholecleaned)AQUA ZOO AQUA SYSTEMSTN1/OF/630/22No 40, GNT Road,Ph: 979090044011819/08/2022Ornamental FishPuzhalemail: cbzrajesh@gmail.com18/08/2025/600066, Tamil NaduWeb: www.aquazooaquasystems.comBLUE PLANET AQUATN1/OF/460/16NO.6/24, KANDAPPA STREETOrnamental Fish:Fresh Water(Ornamental119Ph: 984109538102/08/2016Ornamental FishCHOOLAI,Fish)email: Blueplanetaqua5@gmail.com01/08/2025CHENNAI/600112, Tamil NaduGOLDEN GALAXY AQUARIUM39, Jaya Sakthi Nagar,TN1/OF/604/21120Aarikambedu,Vellanur Village,Ph: 984088505213/08/2021Ornamental FishTiruvallur,Chennai-600 062, Tamilemail: goldengalaxyaquarium@gmail.com12/08/2024NaduM/S. SOUTHERN INDIAAQUATEKTN1/OF/042/05121NO.2 Dr. NARASIMAN ROADPh: 0442815892919/01/2005Ornamental FishT NAGARemail: siatdiscus@gmail.com17/01/2023CHENNAI/600 017, Tamil NaduMARINE WORLD AQUARIUMGF SHOP 1 PL NO 1TN1/OF/625/22Ornamental Fish:Fresh Water(Ornamental122LAKSHMI AVENUE SCHOOLPh: 995272907120/05/2022Ornamental FishFish)ROADemail: marineworldaquairum025@gmail.com19/05/2025KOLATHUR/600099, Tamil NaduSAH ENTERPRISESOLD NO 5 NEW NO 13/7, FirstTN1/OF/634/22Floor123Ph: 994438517715/09/2022Ornamental FishJAMEELABAD 2NDemail: sahenterprises2022@gmail.com14/09/2025STREET,MELVISHARAMVellore/632509, Tamil NaduAQUA WORLD EXPORTS (PVT)LTDTN1/RX/338/13124No186/187,Poonamalle High RoadPh: 044-2665099128/08/2013FrozenAlsa Towers,Kilpaukemail: aquaworldexports@gmail.com26/08/2025Chennai-600 010., Tamil NaduNNK MARINE EXPORTSNO 12/29 , VP COLONY , NORTHTN1/RX/638/22STREETPh: 600023Frozen12525/11/2022AYANAVARAM , CHENNAI -email: info@nnkmarine.comChilled24/11/2025600023Web: nnkmarine.com/600023, Tamil NaduNNK MARINE EXPORTS PRIVATELIMITEDTN1/RX/624/22GROUND FLOOR , NO 12/29, VPFrozen126Ph: 0442674006717/05/2022COLONY , NORTH STREETChilledemail: nnkmarineexports@yahoo.co.in16/05/2025AYANAVARAM/600023, Tamil NaduRADHA EXPORTS (INDIA) PVTLTDUNIT NO.201, SIGMA WING, 2NDTN1/RX/563/19127FLOORPh: 0444215814512/07/2019FrozenRAHEJA TOWERS, NO.177,email: krishm@airtelmail.in11/07/2022ANNASALAICHENNAI/600002, Tamil NaduST.PETER & PAUL SEAFOODEXPORTS PVT.LTD61/30, ROYES TOWER, KASITN1/RX/632/22Ph: 8072269431128GARDEN,01/09/2022Frozenemail: qapeterpaulseafood@gmail.com2ND STREET, KASIMEDU,31/08/2025Web: www.peterpaulseafood.comROYAPURAMCHENNAI/600013, Tamil NaduVISNUKUMAR TRADERS PVTLTDTN1/RX/575/19Ph: 0442681061512928A, PADUR MAIN ROAD,30/12/2019Frozenemail: dox@vktpl.comKUTHAMBAKKAM29/12/2025Web: www.vktpl.comCHENNAI/600124, Tamil Nadu08-02-2023:01:51:44SoftWare Design & Hosting Credits : NIC Lakshadweep",Nadu,"fish Tentacles,Frozen cuttle fish Roe)Frozen:Squid(Frozen squid wholecleaned,Frozen squid tubes / cylinders,Frozensquid rings,Frozen squid Tentacles)Frozen:Octopus(Frozen Octopus wholecleaned)"
1.0,"AGMA TRADING HOUSEOLD NO16, NEW NO 33,ESI HOSPITALROAD,PERAVALLUR,AGARAM,PERAMBUR/600011, Tamil Nadu","Ph: 9884200201email: AGMATRADINGHOUSE@GMAIL.COM","TN1/ME/603/2128/06/202127/06/2024","Live other thanornamental fish",,,,,,,,,,,,,,,,,,,,,,,,,,,,,,,,,,,,,,,,,,
2.0,"AQGROMALIN FARMTECHSERVICES PVT LTD3rd Floor, Tower C, Rattha TekMeadows RoadElcot Sez, Sholinganallur/600097, Tamil Nadu","Ph: 9150095418email: urvashi.sundarraju@aqgromalin.Web: www.aqaicrabs.com","TN1/ME/620/2223/03/202222/03/2025","Live other thanornamental fish","Live other than ornamentalfish:Crab(mudcrab)",,,,,,,,,,,,,,,,,,,,,,,,,,,,,,,,,,,,,,,,,
3.0,"ARHAAN TRADING COMPANYNEW NO. 133, OLD NO. 65,LINGHI CHETTY STREETCHENNAI-600001/600001, TamilNadu","Ph: 04448645151email: arhaanmaws@gmail.com","TN1/ME/605/2103/09/202102/09/2024",Dried,,,,,,,,,,,,,,,,,,,,,,,,,,,,,,,,,,,,,,,,,,
4.0,"BSF EXPORTS12/2, 13/2 REX STREETWEST COOVAM RIVER ROADCHINTADRIPET,/600002, TamilNadu","Ph: 7200200035email: bsfexports1961@gmail.com","TN1/ME/623/2218/04/202217/04/2025","Live other thanornamental fish","Live other than ornamentalfish:Crab(Crab(Mud Crab))",,,,,,,,,,,,,,,,,,,,,,,,,,,,,,,,,,,,,,,,,
5.0,"CHENNAI MARINE EXPORTS,No.43,Old No.21, Kalavai ChettystreetChindatripet,Chennai/600002, Tamil Nadu","Ph: 9884916999email: chennaimarineexport@gmail.com","TN1/ME/518/1815/01/201814/01/2024","Live other thanornamental fish","Live other than ornamentalfish:Crab(Crab(Mud Crab))",,,,,,,,,,,,,,,,,,,,,,,,,,,,,,,,,,,,,,,,,
6.0,"CHITANG BEIKE IMPEX PRIVATELIMITEDNo 147/54 Ground FloorSwami Naicken Street ChintadripetChennai 600002, Tamil Nadu","Ph: 9962247316email: chitangbeike@gmail.com","TN1/ME/564/1902/08/201901/08/2025","Live other thanornamental fish","Live other than ornamentalfish:Crab(Crab(Mud Crab))",,,,,,,,,,,,,,,,,,,,,,,,,,,,,,,,,,,,,,,,,
7.0,"COASTAL AQUACULTURERESEARCH INSTITUTE PRIVATELIMITEDType II/17, Dr V S I EstateRajiv Gandhi Salai, Thiruvanmiyur,/600041, Tamil Nadu","Ph: 7299910993email: abhishek@aquaconnect.blueWeb: https://aquaconnect.blue/","TN1/ME/621/2205/04/202204/04/2025",Frozen,,,,,,,,,,,,,,,,,,,,,,,,,,,,,,,,,,,,,,,,,,
8.0,"COASTLINE FISHERIES4/1, BALAKRISHNAN STREET,TONDIARPET,CHENNAI-600 081., Tamil Nadu",email: brittoseafoodexports@gmail.com,"TN1/ME/370/1414/07/201413/07/2023",Chilled,"Chilled:Fish Wild(chilled : grouper , tomatogrouper,,chilled prawn, coral trout fish,baigai)",,,,,,,,,,,,,,,,,,,,,,,,,,,,,,,,,,,,,,,,,
9.0,"DECO DE TREND4/371, DAVID NAGARVANDALLUR - WALAJABADROADPADAPPAI VILLAGE/601301, TamilNadu","Ph: 04467142222email: ACCOUNTS@DECODETREND.COM","TN1/ME/552/1915/02/201914/02/2025",Others-Non Edible,Others-Non Edible:Sea Shells(SEA SHELLS),,,,,,,,,,,,,,,,,,,,,,,,,,,,,,,,,,,,,,,,,
10.0,"DUX GLOBAL SOLUTIONSZEAL HOUSE NO 5 M GCHAKRAPANI STREETSATHYA GARDENSALIGRAMAM/600093, Tamil Nadu","Ph: 04424880136email: DUXGLOBAL73@GMAIL.COM","TN1/ME/631/2226/08/202225/08/2025",Others-Non Edible,"Others-Non Edible:Prawn Feed(PRAWNFEED)",,,,,,,,,,,,,,,,,,,,,,,,,,,,,,,,,,,,,,,,,
11.0,"EAST INDIA CORPORATIONPLOT NO.8, 2ND FLOOR, SRILAKSHMI NAGAR2ND CROSS STREET,KATHIRVEDUChennai-600066, Tamil Nadu","Ph: 9884578615email: sales@eastindiacorporations.com","TN1/ME/602/2121/06/202120/06/2024",Chilled,,,,,,,,,,,,,,,,,,,,,,,,,,,,,,,,,,,,,,,,,,
,,,,,,,,MMC,email: fourseasonsindiag@gmail.com,29/12/2024,,"Aquaculture(Rohu,Catla,Seabass,Roopchand)",,,,,,,,,,,,,,,,,,,,,,,,,,,,,,,,,,
,,,,,,,,"Madhavaram, Chennai/600051, Tamil",,,,"Chilled:Shrimp Wild(White,Tiger)",,,,,,,,,,,,,,,,,,,,,,,,,,,,,,,,,,
,,,,,,,,Nadu,,,,Chilled:Shrimp Aquaculture(Vannamei,,,,,,,,,,,,,,,,,,,,,,,,,,,,,,,,,,
,,,,,,,,,,,,Shrimps),,,,,,,,,,,,,,,,,,,,,,,,,,,,,,,,,,
,,,,,,,,,,,,Chilled:Squid(Needle Squid),,,,,,,,,,,,,,,,,,,,,,,,,,,,,,,,,,
,,,,,,,,GREAT WIN EXPORTS,,,,,,,,,,,,,,,,,,,,,,,,,,,,,,,,,,,,,,
,,,,,,,,,,TN1/ME/392/15,,Frozen:Fish Wild(PUD shrimp),,,,,,,,,,,,,,,,,,,,,,,,,,,,,,,,,,
,,,,,,,,"4/234 D, MGR SALAI,",,,,,,,,,,,,,,,,,,,,,,,,,,,,,,,,,,,,,,
,,,,,,,13.0,,,29/01/2015,Frozen,Frozen:Shrimp Aquaculture(Vannamei,,,,,,,,,,,,,,,,,,,,,,,,,,,,,,,,,,
,,,,,,,,"7TH STREET, PALAVAKKAM",email: greatwinexports@gmail.com,,,,,,,,,,,,,,,,,,,,,,,,,,,,,,,,,,,,,
,,,,,,,,,,28/01/2024,,Shrimp),,,,,,,,,,,,,,,,,,,,,,,,,,,,,,,,,,
,,,,,,,,"CHENNAI-600 041., Tamil Nadu",,,,,,,,,,,,,,,,,,,,,,,,,,,,,,,,,,,,,,
,,,,,,,,GREAT WIN EXPORTS PRIVATE,,,,,,,,,,,,,,,,,,,,,,,,,,,,,,,,,,,,,,
,,,,,,,,LIMITED,,,,,,,,,,,,,,,,,,,,,,,,,,,,,,,,,,,,,,
,,,,,,,,,,TN1/ME/610/21,,Frozen:Fish Wild(PUD shrimp),,,,,,,,,,,,,,,,,,,,,,,,,,,,,,,,,,
,,,,,,,,NO.4/234D,,,,,,,,,,,,,,,,,,,,,,,,,,,,,,,,,,,,,,
,,,,,,,14.0,,Ph: 9789901306,24/11/2021,Frozen,Frozen:Shrimp Aquaculture(Vannamei,,,,,,,,,,,,,,,,,,,,,,,,,,,,,,,,,,
,,,,,,,,"MGR SALAI 7TH STREET,",,,,,,,,,,,,,,,,,,,,,,,,,,,,,,,,,,,,,,
,,,,,,,,,email: greatwinexportspvtltd@gmail.co,23/11/2024,,Shrimp),,,,,,,,,,,,,,,,,,,,,,,,,,,,,,,,,,
,,,,,,,,PALAVAKKAM CHENNAI,,,,,,,,,,,,,,,,,,,,,,,,,,,,,,,,,,,,,,
,,,,,,,,"/600041, Tamil Nadu",,,,,,,,,,,,,,,,,,,,,,,,,,,,,,,,,,,,,,
,,,,,,,,,,,,"Chilled:Fish Wild(Pearlspot fish,Grouper",,,,,,,,,,,,,,,,,,,,,,,,,,,,,,,,,,
,,,,,,,,,,,,"fish,PARROT FISH,ROGHU",,,,,,,,,,,,,,,,,,,,,,,,,,,,,,,,,,
,,,,,,,,,,,,"FISH,PROMPET FISH, CORAL TROUT",,,,,,,,,,,,,,,,,,,,,,,,,,,,,,,,,,
,,,,,,,,GREENONE IMPEX,,,,,,,,,,,,,,,,,,,,,,,,,,,,,,,,,,,,,,
,,,,,,,,,,,,FISH),,,,,,,,,,,,,,,,,,,,,,,,,,,,,,,,,,
,,,,,,,,"51/7-4, Mani Complex, Sankagiri",,,,,,,,,,,,,,,,,,,,,,,,,,,,,,,,,,,,,,
,,,,,,,,,,TN1/ME/615/22,,Chilled:Fish Aquaculture(PEARL SPOT,,,,,,,,,,,,,,,,,,,,,,,,,,,,,,,,,,
,,,,,,,,"Road,",Ph: 04288290437,,,,,,,,,,,,,,,,,,,,,,,,,,,,,,,,,,,,,
,,,,,,,15.0,,,07/02/2022,Chilled,"FISH ,ROGHU FISH)",,,,,,,,,,,,,,,,,,,,,,,,,,,,,,,,,,
,,,,,,,,"Seetharampalayam Post,",email: info@greenoneimpex.com,,,,,,,,,,,,,,,,,,,,,,,,,,,,,,,,,,,,,
,,,,,,,,,,06/02/2025,,Chilled:Shrimp Wild(VANAMIE SHRIPMS,,,,,,,,,,,,,,,,,,,,,,,,,,,,,,,,,,
,,,,,,,,Thiruchengode,Web: www.greenoneimpex.com,,,,,,,,,,,,,,,,,,,,,,,,,,,,,,,,,,,,,
,,,,,,,,,,,,",BLACK TIGER SHRIMPS,SEA FLOWER",,,,,,,,,,,,,,,,,,,,,,,,,,,,,,,,,,
,,,,,,,,"Namakkal/637209, Tamil Nadu",,,,,,,,,,,,,,,,,,,,,,,,,,,,,,,,,,,,,,
,,,,,,,,,,,,"PRAWNS, SEA TIGER PRAWNS,)",,,,,,,,,,,,,,,,,,,,,,,,,,,,,,,,,,
,,,,,,,,,,,,Chilled:Shrimp Aquaculture(VANAMIE,,,,,,,,,,,,,,,,,,,,,,,,,,,,,,,,,,
,,,,,,,,,,,,"SHRIPMS ,BLACK TIGER SHRIMPS)",,,,,,,,,,,,,,,,,,,,,,,,,,,,,,,,,,
,,,,,,,,J.V.P MARINE PRODUCTS,,,,,,,,,,,,,,,,,,,,,,,,,,,,,,,,,,,,,,
,,,,,,,,EXPORTS PRIVATE LIMITED,,TN1/ME/549/19,,,,,,,,,,,,,,,,,,,,,,,,,,,,,,,,,,,,
,,,,,,,16.0,80A/1,Ph: 9842658852,24/01/2019,Frozen,,,,,,,,,,,,,,,,,,,,,,,,,,,,,,,,,,,
,,,,,,,,PIDARI NORTH STREET,email: jvpmarineexports@gmail.com,23/01/2025,,,,,,,,,,,,,,,,,,,,,,,,,,,,,,,,,,,,
,,,,,,,,"SIRKALI/609110, Tamil Nadu",,,,,,,,,,,,,,,,,,,,,,,,,,,,,,,,,,,,,,
,,,,,,,,JANSI SEA FOOD,,,,,,,,,,,,,,,,,,,,,,,,,,,,,,,,,,,,,,
,,,,,,,,"NO.27, TONDIAR NAGAR, 3rd",,TN1/ME/496/17,,,,,,,,,,,,,,,,,,,,,,,,,,,,,,,,,,,,
,,,,,,,,,,,Live other than,Live other than ornamental fish:Lobster(Live,,,,,,,,,,,,,,,,,,,,,,,,,,,,,,,,,,
,,,,,,,17.0,STREET,Ph: 9840210946,31/08/2017,,,,,,,,,,,,,,,,,,,,,,,,,,,,,,,,,,,,
,,,,,,,,,,,ornamental fish,"Lobster , snail)",,,,,,,,,,,,,,,,,,,,,,,,,,,,,,,,,,
,,,,,,,,"TONDIARPET, CHENNAI",email: jansiseafood27@gmail.com,30/08/2023,,,,,,,,,,,,,,,,,,,,,,,,,,,,,,,,,,,,
,,,,,,,,"600081, Tamil Nadu",,,,,,,,,,,,,,,,,,,,,,,,,,,,,,,,,,,,,,
,,,,,,,,JAY JAY SERVICES,,,,,,,,,,,,,,,,,,,,,,,,,,,,,,,,,,,,,,
,,,,,,,,,,TN1/ME/639/22,,,,,,,,,,,,,,,,,,,,,,,,,,,,,,,,,,,,
,,,,,,,,2C Shakthi Palace,Ph: 09487949415,,,,,,,,,,,,,,,,,,,,,,,,,,,,,,,,,,,,,
,,,,,,,18.0,,,05/12/2022,Others-Non Edible,,,,,,,,,,,,,,,,,,,,,,,,,,,,,,,,,,,
,,,,,,,,Jaikrishna Garden,email: info@jayjayservices.com,,,,,,,,,,,,,,,,,,,,,,,,,,,,,,,,,,,,,
,,,,,,,,,,03/04/2023,,,,,,,,,,,,,,,,,,,,,,,,,,,,,,,,,,,,
,,,,,,,,"Thindal-ERODE/638012, Tamil Nadu",Web: www.jayjayservices.com,,,,,,,,,,,,,,,,,,,,,,,,,,,,,,,,,,,,,
,,,,,,,,KATHIJA IMPEX,,,,,,,,,,,,,,,,,,,,,,,,,,,,,,,,,,,,,,
,,,,,,,,"NO:107/1A1B, INDRA NAGAR,",,,,,,,,,,,,,,,,,,,,,,,,,,,,,,,,,,,,,,
,,,,,,,,,,TN1/ME/636/22,,,,,,,,,,,,,,,,,,,,,,,,,,,,,,,,,,,,
,,,,,,,,"SIVABOOTHAM VILLAGE,",Ph: 7401999666,,,,,,,,,,,,,,,,,,,,,,,,,,,,,,,,,,,,,
,,,,,,,19.0,,,25/10/2022,Chilled,,,,,,,,,,,,,,,,,,,,,,,,,,,,,,,,,,,
,,,,,,,,"VANVANAGARAM,",email: info@kathijaimpex.com,,,,,,,,,,,,,,,,,,,,,,,,,,,,,,,,,,,,,
,,,,,,,,,,24/10/2025,,,,,,,,,,,,,,,,,,,,,,,,,,,,,,,,,,,,
,,,,,,,,THIRUVALLUR DIST,Web: www.kathijaimpex.com,,,,,,,,,,,,,,,,,,,,,,,,,,,,,,,,,,,,,
,,,,,,,,"CHENNAI-600095, Tamil Nadu",,,,,,,,,,,,,,,,,,,,,,,,,,,,,,,,,,,,,,
,,,,,,,,KKP SEA FOODS EXPORTS(PVT,,,,,,,,,,,,,,,,,,,,,,,,,,,,,,,,,,,,,,
,,,,,,,,)LTD,,,,,,,,,,,,,,,,,,,,,,,,,,,,,,,,,,,,,,
,,,,,,,,,,TN1/ME/352/13,,,,,,,,,,,,,,,,,,,,,,,,,,,,,,,,,,,,
,,,,,,,,"No.27,Wooster Nagar,",,,,,,,,,,,,,,,,,,,,,,,,,,,,,,,,,,,,,,
,,,,,,,20.0,,Ph: 27487705,18/12/2013,Frozen,,,,,,,,,,,,,,,,,,,,,,,,,,,,,,,,,,,
,,,,,,,,"Pudupattinam,Kalpakkam Post,",,,,,,,,,,,,,,,,,,,,,,,,,,,,,,,,,,,,,,
,,,,,,,,,email: kkp_exports@rediffmail.com,16/12/2022,,,,,,,,,,,,,,,,,,,,,,,,,,,,,,,,,,,,
,,,,,,,,"Kancheepuram Dist-603102, Tamil",,,,,,,,,,,,,,,,,,,,,,,,,,,,,,,,,,,,,,
,,,,,,,,Nadu,,,,,,,,,,,,,,,,,,,,,,,,,,,,,,,,,,,,,,
,,,,,,,,LS MARINE FOODS,,,,,,,,,,,,,,,,,,,,,,,,,,,,,,,,,,,,,,
,,,,,,,,"FIRST FLOOR NO,1/150,",,,,,,,,,,,,,,,,,,,,,,,,,,,,,,,,,,,,,,
,,,,,,,,,,TN1/ME/622/22,,,,,,,,,,,,,,,,,,,,,,,,,,,,,,,,,,,,
,,,,,,,,"PILLAYAR KOIL STREET,",,,Live other than,Live other than ornamental fish:Crab(live,,,,,,,,,,,,,,,,,,,,,,,,,,,,,,,,,,
,,,,,,,21.0,,Ph: 8807033395,18/04/2022,,,,,,,,,,,,,,,,,,,,,,,,,,,,,,,,,,,,
,,,,,,,,"INJAMBAKKAM,CHENNAI,",,,ornamental fish,mud crab),,,,,,,,,,,,,,,,,,,,,,,,,,,,,,,,,,
,,,,,,,,,email: lsmarinefoods@gmail.com,17/04/2025,,,,,,,,,,,,,,,,,,,,,,,,,,,,,,,,,,,,
,,,,,,,,"CHENGALPATTU,TAMIL",,,,,,,,,,,,,,,,,,,,,,,,,,,,,,,,,,,,,,
,,,,,,,,"NADU,600115/600115, Tamil Nadu",,,,,,,,,,,,,,,,,,,,,,,,,,,,,,,,,,,,,,
,,,,,,,,M.D.M ENTERPRISES,,,,,,,,,,,,,,,,,,,,,,,,,,,,,,,,,,,,,,
,,,,,,,,"1ST FLOOR, NO.68/08 MOSQUE",,,,,,,,,,,,,,,,,,,,,,,,,,,,,,,,,,,,,,
,,,,,,,,,,TN1/ME/613/22,,,,,,,,,,,,,,,,,,,,,,,,,,,,,,,,,,,,
,,,,,,,,JAMATH,Ph: 8122204884,,Live other than,Live other than ornamental fish:Crab(Live,,,,,,,,,,,,,,,,,,,,,,,,,,,,,,,,,,
,,,,,,,22.0,,,10/01/2022,,,,,,,,,,,,,,,,,,,,,,,,,,,,,,,,,,,,
,,,,,,,,"GODOWN STREET,FLOOR",email: mdmenterprisesdevi@gmail.com,,ornamental fish,Blood clam),,,,,,,,,,,,,,,,,,,,,,,,,,,,,,,,,,
,,,,,,,,,,09/01/2025,,,,,,,,,,,,,,,,,,,,,,,,,,,,,,,,,,,,
,,,,,,,,"BAZAR,",Web: NA,,,,,,,,,,,,,,,,,,,,,,,,,,,,,,,,,,,,,
,,,,,,,,"CHENNAI/600001, Tamil Nadu",,,,,,,,,,,,,,,,,,,,,,,,,,,,,,,,,,,,,,
,,,,,,,,"M/S. A L M TRADING COMPANY,",,,,,,,,,,,,,,,,,,,,,,,,,,,,,,,,,,,,,,
,,,,,,,,,,TN1/ME/175/07,,,,,,,,,,,,,,,,,,,,,,,,,,,,,,,,,,,,
,,,,,,,,"No.1, Ya Hussain Thaikkal Street,",,,,Others-Non Edible:Operculum of Non-,,,,,,,,,,,,,,,,,,,,,,,,,,,,,,,,,,
,,,,,,,23.0,,,13/03/2007,Others-Non Edible,,,,,,,,,,,,,,,,,,,,,,,,,,,,,,,,,,,
,,,,,,,,Nagore-611 002.,email: maamoontrd@yahoo.com,,,Restricted Species(Sea Shell),,,,,,,,,,,,,,,,,,,,,,,,,,,,,,,,,,
,,,,,,,,,,31/12/2023,,,,,,,,,,,,,,,,,,,,,,,,,,,,,,,,,,,,
,,,,,,,,"Nagapattinam Dist., Tamil Nadu",,,,,,,,,,,,,,,,,,,,,,,,,,,,,,,,,,,,,,
,,,,,,,,M/S. LSF SEA FOODS,,,,,,,,,,,,,,,,,,,,,,,,,,,,,,,,,,,,,,
,,,,,,,,"B2. 5/1, Thiruvenkada Nagar",,TN1/ME/618/22,,,,,,,,,,,,,,,,,,,,,,,,,,,,,,,,,,,,
,,,,,,,,,Ph: 9962925789,,,Chilled:Shrimp Wild(Chilled: Chilled Shrimp,,,,,,,,,,,,,,,,,,,,,,,,,,,,,,,,,,
,,,,,,,24.0,Ambattur,,15/03/2022,Chilled,,,,,,,,,,,,,,,,,,,,,,,,,,,,,,,,,,,
,,,,,,,,,email: lsfseafoods@gmail.com,,,"prawn,chilled sea tiger)",,,,,,,,,,,,,,,,,,,,,,,,,,,,,,,,,,
,,,,,,,,"Kanchipuram,Chennai/600053, Tamil",,14/03/2025,,,,,,,,,,,,,,,,,,,,,,,,,,,,,,,,,,,,
,,,,,,,,,Web: www.lsfseafoods.com,,,,,,,,,,,,,,,,,,,,,,,,,,,,,,,,,,,,,
,,,,,,,,Nadu,,,,,,,,,,,,,,,,,,,,,,,,,,,,,,,,,,,,,,
,,,,,,,,,,,,Frozen:Shrimp Aquaculture(Raw Head On,,,,,,,,,,,,,,,,,,,,,,,,,,,,,,,,,,
,,,,,,,,,,,,"shell On shrimps,Raw Head less shell on",,,,,,,,,,,,,,,,,,,,,,,,,,,,,,,,,,
,,,,,,,,,,,,"shrimps - Block /IQF,Raw PD Tail On/off",,,,,,,,,,,,,,,,,,,,,,,,,,,,,,,,,,
,,,,,,,,"M/S.B M R EXPORTS,",,TN1/ME/133/05,,"shrimps - IQF,Raw Ezpl Shrimps - IQF,Raw",,,,,,,,,,,,,,,,,,,,,,,,,,,,,,,,,,
,,,,,,,,"Flat S-10, TNHB Complex,",Ph: 24661082,05/08/2005,,"stretched PDTO shrimps - Nobashi,Raw",,,,,,,,,,,,,,,,,,,,,,,,,,,,,,,,,,
,,,,,,,25.0,"180, Luz Chruch Road,",email: bmrexp@gmail.com,02/08/2023,Frozen,"Peeled un deveined shrimps -Block,Raw",,,,,,,,,,,,,,,,,,,,,,,,,,,,,,,,,,
,,,,,,,,,,,,,,,,,"Block,Raw Butterfly shrimps - IQF,Cooked",,,,,,,,,,,,,,,,,,,,,,,,,,,,,
,,,,,,,,,,,,,,,,,"PD tail On /off shrimps - IQF,Cooked EZPL",,,,,,,,,,,,,,,,,,,,,,,,,,,,,
,,,,,,,,,,,,,,,,,shrimps - IQF),,,,,,,,,,,,,,,,,,,,,,,,,,,,,
,,,,,,,,,,,,,,,,,"Chilled:Fish Wild(Chilled: Coral trout ,",,,,,,,,,,,,,,,,,,,,,,,,,,,,,
,,,,,,,,,,,,,M/S.BLUE MARINE HOUSE PVT,,,,"Emperor bream,Red mullet , Plain",,,,,,,,,,,,,,,,,,,,,,,,,,,,,
,,,,,,,,,,,,,LTD,,TN1/ME/233/09,,"Grouper,,brown spotted Grouper , Red",,,,,,,,,,,,,,,,,,,,,,,,,,,,,
,,,,,,26.0,,,,,,,"F1,Skyline Castle",,08/10/2009,Chilled,"Snapper,Job Fish, Silver pomfret, Chilled",,,,,,,,,,,,,,,,,,,,,,,,,,,,,
,,,,,,,,,,,,,,email: mithun.blumarinehouse.in@gmail.com,,,,,,,,,,,,,,,,,,,,,,,,,,,,,,,,
,,,,,,,,,,,,,"27,Abdul Razack street, Saidapet",,04/10/2024,,"Shrimp,chilled mahi mahi, chilled yellow fin",,,,,,,,,,,,,,,,,,,,,,,,,,,,,
,,,,,,,,,,,,,"Chennai-600 015, Tamil Nadu",,,,"tuna,seer fish, silver silago, blue crab,parrot",,,,,,,,,,,,,,,,,,,,,,,,,,,,,
,,,,,,,,,,,,,,,,,"fish, ribbon fish, white squid)",,,,,,,,,,,,,,,,,,,,,,,,,,,,,
,,,,,,,,,,,,,M/S.JAI RAMSIKOGUL,,,,,,,,,,,,,,,,,,,,,,,,,,,,,,,,,
,,,,,,,,,,,,,CORPORATION,,TN1/ME/159/06,,,,,,,,,,,,,,,,,,,,,,,,,,,,,,,
,,,,,,27.0,,,,,,,"9-B/1, Birds Road,",Ph: 0431-2414627,21/06/2006,Others-Non Edible,,,,,,,,,,,,,,,,,,,,,,,,,,,,,,
,,,,,,,,,,,,,"Cantonment,",email: jairamsikogu@satyam.net.in,31/12/2024,,,,,,,,,,,,,,,,,,,,,,,,,,,,,,,
,,,,,,,,,,,,,"Trichy-620001., Tamil Nadu",,,,,,,,,,,,,,,,,,,,,,,,,,,,,,,,,
,,,,,,,,,,,,,,,,,Frozen:Shrimp Wild(Head-on Sea White,,,,,,,,,,,,,,,,,,,,,,,,,,,,,
,,,,,,,,,,,,,,,,,"Shrimps (Block & IQF) E,Head-on Flower",,,,,,,,,,,,,,,,,,,,,,,,,,,,,
,,,,,,,,,,,,,,,,,"Shrimps (Block & IQF) E,Head-on Sea Tiger",,,,,,,,,,,,,,,,,,,,,,,,,,,,,
,,,,,,,,,,,,,,,,,"Shrimps (Block & IQF) E,Head-Less Sea",,,,,,,,,,,,,,,,,,,,,,,,,,,,,
,,,,,,,,,,,,,,,,,"White Shrimps (Block & IQF),Head-Less",,,,,,,,,,,,,,,,,,,,,,,,,,,,,
,,,,,,,,,,,,,,,,,"Sea Tiger Shrimps (Block & IQF),Head-Less",,,,,,,,,,,,,,,,,,,,,,,,,,,,,
,,,,,,,,,,,,,,,,,"Flower Shrimps (Block & IQF),Head-Less",,,,,,,,,,,,,,,,,,,,,,,,,,,,,
,,,,,,,,,,,,,,,,,"Bamboo Shrimps (Block & IQF),Head-Less",,,,,,,,,,,,,,,,,,,,,,,,,,,,,
,,,,,,,,,,,,,,,,,"Pink Shrimps (Block & IQF),Head-Less",,,,,,,,,,,,,,,,,,,,,,,,,,,,,
,,,,,,,,,,,,,,,,,"Brown Shrimps (Block & IQF),Head-Less",,,,,,,,,,,,,,,,,,,,,,,,,,,,,
,,,,,,,,,,,,,,,,,"Poovalan Shrimps (Block & IQF),Head-Less",,,,,,,,,,,,,,,,,,,,,,,,,,,,,
,,,,,,,,,,,,,,,,,"Deep Sea Shrimps (Block & IQF),Head-Less",,,,,,,,,,,,,,,,,,,,,,,,,,,,,
,,,,,,,,,,,,,,,,,"Red Ring Shrimps (Block & IQF),PUD",,,,,,,,,,,,,,,,,,,,,,,,,,,,,
,,,,,,,,,,,,,,,,,"White Shirimps (Block & IQF),PUD Flower",,,,,,,,,,,,,,,,,,,,,,,,,,,,,
,,,,,,,,,,,,,,,,,"Shirimps (Block & IQF),PUD Pink Shirimps",,,,,,,,,,,,,,,,,,,,,,,,,,,,,
,,,,,,,,,,,,,,,,,"(Block & IQF),PUD Sea Tiger Shirimps",,,,,,,,,,,,,,,,,,,,,,,,,,,,,
,,,,,,,,,,,,,,,,,"(Block & IQF),PUD Poovalan Shirimps",,,,,,,,,,,,,,,,,,,,,,,,,,,,,
,,,,,,,,,,,,,,,,,"(Block & IQF),PUD Karikkadi Shirimps",,,,,,,,,,,,,,,,,,,,,,,,,,,,,
,,,,,,,,,,,,,,,,,"(Block & IQF),PUD Red Ring Shirimps",,,,,,,,,,,,,,,,,,,,,,,,,,,,,
,,,,,,,,,,,,,,,,,"(Block),PUD Deep Sea Shrimps (Block),PD",,,,,,,,,,,,,,,,,,,,,,,,,,,,,
,,,,,,,,,,,,,,,,,"White Shrimps (Block & IQF),PD Flower",,,,,,,,,,,,,,,,,,,,,,,,,,,,,
,,,,,,,,,,,,,,,,,"Shrimps (Block & IQF),PD Sea Tiger",,,,,,,,,,,,,,,,,,,,,,,,,,,,,
,,,,,,,,,,,,,M/S.K V M EXPORTS (P) LTD,,,,"Shrimps (Block & IQF),PD Pink Shrimps",,,,,,,,,,,,,,,,,,,,,,,,,,,,,
,,,,,,,,,,,,,,,TN1/ME/098/05,,,,,,,,,,,,,,,,,,,,,,,,,,,,,,,
,,,,,,,,,,,,,"61, Venkatesa Street,",,,,"(Block & IQF),PD Brown Shrimps (Block &",,,,,,,,,,,,,,,,,,,,,,,,,,,,,
,,,,,,28.0,,,,,,,,,16/03/2005,Frozen,,,,,,,,,,,,,,,,,,,,,,,,,,,,,,
,,,,,,,,,,,,,"Chintadripet,",email: kvmarine@hotmail.com,,,"IQF),PD Shrimps (General) Block,PUD",,,,,,,,,,,,,,,,,,,,,,,,,,,,,
,,,,,,,,,,,,,,,14/03/2026,,,,,,,,,,,,,,,,,,,,,,,,,,,,,,,
,,,,,,,,,,,,,"Chennai-600 002, Tamil Nadu",,,,"Shrimps (General) Block,PD Shrimps Broken",,,,,,,,,,,,,,,,,,,,,,,,,,,,,
,,,,,,,,,,,,,,,,,"(General) Block,PUD Shrimps Broken",,,,,,,,,,,,,,,,,,,,,,,,,,,,,
,,,,,,,,,,,,,,,,,(General) Block),,,,,,,,,,,,,,,,,,,,,,,,,,,,,
,,,,,,,,,,,,,,,,,Frozen:Shrimp Aquaculture(Head-on,,,,,,,,,,,,,,,,,,,,,,,,,,,,,
,,,,,,,,,,,,,,,,,"Vannamei Shrimps (IQF & Block),Head-on",,,,,,,,,,,,,,,,,,,,,,,,,,,,,
,,,,,,,,,,,,,,,,,"Black Tiger Shrimps (IQF & Block),Head-",,,,,,,,,,,,,,,,,,,,,,,,,,,,,
,,,,,,,,,,,,,,,,,Less Vannamei Shrimps (IQF &,,,,,,,,,,,,,,,,,,,,,,,,,,,,,
,,,,,,,,,,,,,,,,,"Block),Head-Less Black Tiger Shrimps (IQF",,,,,,,,,,,,,,,,,,,,,,,,,,,,,
,,,,,,,,,,,,,,,,,"& Block),PUD Vannamei Shrimps",,,,,,,,,,,,,,,,,,,,,,,,,,,,,
,,,,,,,,,,,,,,,,,"(Block),PUD Black Tiger Shrimps",,,,,,,,,,,,,,,,,,,,,,,,,,,,,
,,,,,,,,,,,,,,,,,"(Block),PD Vannamei Shrimps (IQF &",,,,,,,,,,,,,,,,,,,,,,,,,,,,,
,,,,,,,,,,,,,,,,,"Block),PD Black Tiger Shrimps (IQF &",,,,,,,,,,,,,,,,,,,,,,,,,,,,,
,,,,,,,,,,,,,,,,,Block)),,,,,,,,,,,,,,,,,,,,,,,,,,,,,
,,,,,,,,,,,,,,,,,Frozen:Cuttlefish(Cuttlefish Whole Cleaned,,,,,,,,,,,,,,,,,,,,,,,,,,,,,
,,,,,,,,,,,,,,,,,"(IQF & Block),Cuttlefish Whole Round (IQF",,,,,,,,,,,,,,,,,,,,,,,,,,,,,
,,,,,,,,,,,,,,,,,"& Block),Baby Cuttlefish (IQF & Block))",,,,,,,,,,,,,,,,,,,,,,,,,,,,,
,,,,,,,,,,,,,,,,,Frozen:Squid(Squid Whole Cleaned (IQF &,,,,,,,,,,,,,,,,,,,,,,,,,,,,,
,,,,,,,,,,,,,,,,,"Block),Squid Whole Round (IQF &",,,,,,,,,,,,,,,,,,,,,,,,,,,,,
,,,,,,,,,,,,,,,,,"Block),Squid Tube (IQF & Block),Squid",,,,,,,,,,,,,,,,,,,,,,,,,,,,,
,,,,,,,,,,,,,,,,,"Fillet (IQF & Block),Squid Tentacles (IQF &",,,,,,,,,,,,,,,,,,,,,,,,,,,,,
,,,,,,,,,,,,,,,,,"Block),Thondi Squid Whole Round (IQF &",,,,,,,,,,,,,,,,,,,,,,,,,,,,,
,,,,,,,,,,,,,,,,,"Block),Thondi Squid Whole Cleaned (IQF &",,,,,,,,,,,,,,,,,,,,,,,,,,,,,
,,,,,,,,,,,,,,,,,"Block),Needle Squid,Semi Needle Squid)",,,,,,,,,,,,,,,,,,,,,,,,,,,,,
,,,,,,,,,,,,,,,,,Frozen:Shrimp Wild(FROZEN RAW,,,,,,,,,,,,,,,,,,,,,,,,,,,,,
,,,,,,,,,,,,,,,,,HEALDELSS SHELLON WHITE,,,,,,,,,,,,,,,,,,,,,,,,,,,,,
,,,,,,,,,,,,,,,,,SHRIMPS),,,,,,,,,,,,,,,,,,,,,,,,,,,,,
,,,,,,,,,,,,,,,,,Frozen:Shrimp Aquaculture(FROZEN RAW,,,,,,,,,,,,,,,,,,,,,,,,,,,,,
,,,,,,,,,,,,,,,,,HEADLESS SHELLON VANNAMEI,,,,,,,,,,,,,,,,,,,,,,,,,,,,,
,,,,,,,,,,,,,,,,,"SHRIMPS BLOCK,FROZEN RAW",,,,,,,,,,,,,,,,,,,,,,,,,,,,,
,,,,,,,,,,,,,,,,,HEADON SHELLON VANNAMEI,,,,,,,,,,,,,,,,,,,,,,,,,,,,,
,,,,,,,,,,,,,,,,,"SHRIMPS,BLACK TIGER)",,,,,,,,,,,,,,,,,,,,,,,,,,,,,
,,,,,,,,,,,,,"M/S.N N K MARINE EXPORTS,",,,,,,,,,,,,,,,,,,,,,,,,,,,,,,,,,
,,,,,,,,,,,,,,,,,Chilled:Fish Wild(CHILLED,,,,,,,,,,,,,,,,,,,,,,,,,,,,,
,,,,,,,,,,,,,"NO.12/29 VP COLONY,NORTH",,TN1/ME/152/06,,,,,,,,,,,,,,,,,,,,,,,,,,,,,,,
,,,,,,,,,,,,,,,,Frozen,"REEFCOD,CHILLED SEER",,,,,,,,,,,,,,,,,,,,,,,,,,,,,
,,,,,,29.0,,,,,,,STREET,Ph: 26740067,29/03/2006,,,,,,,,,,,,,,,,,,,,,,,,,,,,,,,
,,,,,,,,,,,,,,,,Chilled,"FISH,CHILLED POMFRET,CHILLED RED",,,,,,,,,,,,,,,,,,,,,,,,,,,,,
,,,,,,,,,,,,,AYANAVARAM,email: info@nnkmarine.com,12/03/2024,,,,,,,,,,,,,,,,,,,,,,,,,,,,,,,
,,,,,,,,,,,,,,,,,"SNAPPER,CHILLED GROUPER,CHILLED",,,,,,,,,,,,,,,,,,,,,,,,,,,,,
,,,,,,,,,,,,,"Chennai/600023, Tamil Nadu",,,,,,,,,,,,,,,,,,,,,,,,,,,,,,,,,
,,,,,,,,,,,,,,,,,"ANCHOVY,CHILLED",,,,,,,,,,,,,,,,,,,,,,,,,,,,,
,,,,,,,,,,,,,,,,,"MACKEREL,CHILLED SARDINE)",,,,,,,,,,,,,,,,,,,,,,,,,,,,,
,,,,,,,,,,,,,,,,,Chilled:Fish Aquaculture(CHILLED,,,,,,,,,,,,,,,,,,,,,,,,,,,,,
,,,,,,,,,,,,,,,,,"ROHU,CHILLED SEA BREAM,CHILLED",,,,,,,,,,,,,,,,,,,,,,,,,,,,,
,,,,,,,,,,,,,,,,,"SEA BASS,CHILLED KATLA)",,,,,,,,,,,,,,,,,,,,,,,,,,,,,
,,,,,,,,,,,,,,,,,Chilled:Cuttlefish(CHILLED CUTTLEFISH),,,,,,,,,,,,,,,,,,,,,,,,,,,,,
,,,,,,,,,,,,,,,,,Chilled:Squid(CHILLED SQUID),,,,,,,,,,,,,,,,,,,,,,,,,,,,,
,,,,,,,,,,,,,,,,,Chilled:Lobster(CHILLED LOBSTER),,,,,,,,,,,,,,,,,,,,,,,,,,,,,
,,,,,,,,,,,,,MARK SRI EXPORTS,,,,,,,,,,,,,,,,,,,,,,,,,,,,,,,,,
,,,,,,,,,,,,,"NO:1/298, PERIYAR ROAD",,TN1/ME/619/22,,,,,,,,,,,,,,,,,,,,,,,,,,,,,,,
,,,,,,,,,,,,,,,,,,32.0,"MSA SEA FOODS61/30, ROYES TOWER, KASIGARDEN2ND STREET, KASIMEDU,ROYAPURAMCHENNAI/600013, Tamil Nadu","Ph: 8072269431email: msaseafood123@gmail.comWeb: www.peterpaulseafood.com","TN1/ME/616/2223/02/202222/02/2025",Frozen,,,,,,,,,,,,,,,,,,,,,,,,
,,,,,,,,,,,,,,,,,,33.0,"NATURAL SEAFOOD NETWORKNO 12/14 PADAVETTAMMANKOIL STREETCHINTADRIPETCHENNAI/600002, Tamil Nadu","Ph: 9940335458email: naturalseanetcen@gmail.comWeb: NA","TN1/ME/503/1709/11/201708/11/2023","Live other thanornamental fish","Live other than ornamental fish:Crab(livemud crab, live baigai)",,,,,,,,,,,,,,,,,,,,,,,
,,,,,,,,,,,,,,,,,,34.0,"NNK MARINE EXPORTS PVT LTDGROUND FLOOR NO.12/29 VPCOLONYNORTH STREET AYANAVARAMCHENNAI/600023, Tamil Nadu","Ph: 04426740067email: info@nnkmarine.comWeb: www.nnkmarine.com","TN1/ME/524/1819/03/201818/03/2024","FrozenChilled","Frozen:Shrimp Wild(CHILLEDSEAWHITE,CHILLED SEA BLACKTIGER)Frozen:Shrimp Aquaculture(FROZEN RAWHEADLESS SHELLON VANNAMEISHRIMPS BLOCK,FROZEN RAWHEADON SHELLON VANNAMEISHRIMPS)Chilled:Fish Wild(CHILLEDREEFCOD,CHILLED SEERFISH,CHILLED POMFRET,CHILLED REDSNAPPER,CHILLED GROUPER,CHILLEDANCHOVY,CHILLED MACKEREL)Chilled:Fish Aquaculture(CHILLED SEABASS,CHILLED SEA BREAM,CHILLEDROHU,CHILLED KATLA)Chilled:Shrimp Aquaculture(CHILLEDPRAWNS)",,,,,,,,,,,,,,,,,,,,,,,
,,,,,,,,,,,,,,,,,,35.0,"OCEAN PEARL EXPORTSPRIVATE LIMITEDShop No.5, Ground Floor, AlsaTower,No.186/187, Poonamalle High Road,Kilpauk, Chennai/600010, TamilNadu","Ph: 04426650991email: oceanpearlexports16@gmail.comWeb: -","TN1/ME/526/1828/03/201827/03/2024",Chilled,,,,,,,,,,,,,,,,,,,,,,,,
,,,,,,,,,,,,,,,,,,36.0,"PEKAYES SEAFOOD EXPORTSNEW No.214, OLD No.104/2,G.A. ROAD,OLD WASHERMANPET/600021,Tamil Nadu","Ph: 04425975350email: pekayesseafood@gmail.com","TN1/ME/560/1928/05/201927/05/2025","FrozenChilled","Frozen:Cuttlefish(CUTTLE FISH WHOLECLEANED,CUTTLE FISH WHOLE,BABYCUTTLEFISH WHOLE,CUTTLE FISHROE)Frozen:Octopus(OCTOPUS WHOLECLEANED,OCTOPUS WHOLE)Frozen:Lobster(SAND LOBSTER WHOLE)",,,,,,,,,,,,,,,,,,,,,,,
,,,,,,,,,,,,,,,,,,37.0,"PONDICHERRY EXPORTSNo.56Eswaran Koil StreetPuducherry/605001, Puducherry","Ph: 04132225358email: pondicherryexports@gmail.com","TN1/ME/547/1806/12/201805/12/2024",Others-Non Edible,,,,,,,,,,,,,,,,,,,,,,,,
,,,,,,,,,,,,,,,,,,38.0,"R.S.E.SEA FOODSNO:21/43, KALAVAI STREETCHINTADRIPETCHENNAI/600002, Tamil Nadu","Ph: 7200767702email: rseseafoods7200@gmail.comWeb: na","TN1/ME/448/1613/06/201612/06/2025","Live other thanornamental fish","Live other than ornamental fish:Crab(livemud crab)",,,,,,,,,,,,,,,,,,,,,,,
,,,,,,,,,,,,,,,,,,39.0,"S & S TRADING COMPANYGROUND FLOOR, 45 GIRIAPPAROAD,T.NAGAR,CHENNAI/600017, Tamil Nadu","Ph: 9840999149email: sstradingbaskar@gmail.com","TN1/ME/612/2130/12/202129/12/2024",Frozen,,,,,,,,,,,,,,,,,,,,,,,,
,,,,,,,,,,,,,,,,,,40.0,"SHARAN PRIYA SEA FOODSNEW NO.35, OLD NO.15,VENKATESA GRAMANI STREET,CHINTADRIPET-600002, TamilNadu","Ph: 04428454678email: priyamoorthy14@gmail.com","TN1/ME/562/1926/06/201925/06/2025","Live other thanornamental fish","Live other than ornamental fish:Crab(LiveMud Crab)",,,,,,,,,,,,,,,,,,,,,,,
,,,,,,,,,,,,,,,,,,41.0,"SK SEA SCAPE PVT LTDB1-Green Centaur Apartments,7A/4, Cenotaph Road, Ist Street,Alwarpet,Chennai-600 018, TamilNadu","Ph: 9790067867email: vatsk@yahoo.com","TN1/ME/609/2115/11/202114/11/2024",Dried,,,,,,,,,,,,,,,,,,,,,,,,
,,,,,,,,,,,,,,,,,,42.0,"SKY MOON SEA FOODSNo:20/77, Venkatesan StreetChintadripet600002, Tamil Nadu","Ph: 9444144711email: satheeshck67@gmail.com","TN1/ME/543/1829/10/201828/10/2024","Live other thanornamental fish","Live other than ornamentalfish:Crab(Crab(Mud Crab))",,,,,,,,,,,,,,,,,,,,,,,
,,,,,,,,,,,,,,,,,,,,,,"Live other thanornamental fish",,45.0,"STPL IMPEXNew No.36, Nainiappa Street,Chintadripet,Chennai-600 002, Tamil Nadu","Ph: 9444004737email: stplimpex@gmail.com","TN1/ME/626/2222/06/202221/06/2025",,,,,,,,,,,,,,,,,,,
,,,,,,,,,,,,,,,,,,,,,,"Live other thanornamental fishChilled",,46.0,"SULU EXPORTSNO 16,DHARMARAJA KOILSTREETCHINTADRIPET,CHENNAI600002, Tamil Nadu","Ph: 04428454014email: info@suluexports.com","TN1/ME/598/2129/03/202128/03/2024",,,,,,,,,,,,,,,,,,,
,,,,,,,,,,,,,,,,,,,,,,"Live other thanornamental fish",,47.0,"SVM SEA FOODS08 BAZAAR STREETCHINTADRIPETChennai-600002, Tamil Nadu","Ph: 9043015932email: svmseafoods2020@gmail.com","TN1/ME/596/2117/02/202116/02/2024",,,,,,,,,,,,,,,,,,,
,,,,,,,,,,,,,,,,,,,,,,Chilled,,48.0,"SWASTH SEAFOODS42, MOTHILAL STREET,T NAGARCHENNAI/600017, Tamil Nadu","Ph: 9894672723email: s_kandaswamy@hotmail.com","TN1/ME/627/2228/06/202227/06/2025",,,,,,,,,,,,,,,,,,,
,,,,,,,,,,,,,,,,,,,,,,"Live other thanornamental fish",,49.0,"THIRUPATHI THIRUMALAENTERPRISESNO: 1/19KVM STREET, CHINTADRIPETCHENNAI/600002, Tamil Nadu","Ph: 9840130650email: thamaraimourthi121275@gmail.comWeb: NA","TN1/ME/459/1621/07/201620/07/2025","Live other than ornamental fish:Crab(mudcrab)",,,,,,,,,,,,,,,,,,
,,,,,,,,,,,,,,,,,,,,,,"Live other thanornamental fish",,50.0,"V.R.S.SEA FOODSOLD NO.14/1 NEW NO.48PARTHASARATHI STREETPULYANTHOPE/600012, TamilNadu","Ph: 04422323139email: vrsseafoods.2017@gmail.comWeb: NIL","TN1/ME/490/1724/07/201723/07/2023","Live other than ornamental fish:Crab(MUDCRAB)",,,,,,,,,,,,,,,,,,
,,,,,,,,,,,,,,,,,,,,,,"Live other thanornamental fish",,51.0,"VENKATESWARA SEA FOODS15/6, SINGANA CHETTY STREETCHINTADRIPET/600002, Tamil Nadu","Ph: 9789056558email:VENKATESHWARASEAFOODS5@GMAIL.COM","TN1/ME/559/1927/05/201925/05/2025","Live other than ornamental fish:Crab(MUDCRAB)",,,,,,,,,,,,,,,,,,
,,,,,,,,,,,,,,,,,,,,,,Frozen,,52.0,"VINNER MARINENO.9/5, FLAT NO.S-1IIND FLOOR, SEETHA NAGAR1ST STREETNUNGAMBAKKAM, Chennai-600034, Tamil Nadu","Ph: 04442182576email: vinnermarine2019@gmail.com","TN1/ME/582/2017/06/202016/06/2023","Frozen:Shrimp Aquaculture(Frozen HeadlessShellon Vannamei IQF Shrimp,FrozenHeadless Shellon Vannamei BlockShrimp,Frozen Raw Peeled & Deveined Tailon Vannamei IQF,Frozen Raw Peeled &Deveined Tail off Vannamei IQF,FrozenHeadless Shellon Easy Peel Vannamei IQF)",,,,,,,,,,,,,,,,,,
,,,,,,,,,,,,,,,,,,,,,,"Live other thanornamental fishChilled",,53.0,"VTH EXPORTSE1/82-1, 15TH STREET,JAGANATHAN SALAI,PERIYAR NAGAR,CHENNAI/600082, Tamil Nadu","Ph: 04448502078email: sairagavebr@gmail.com","TN1/ME/537/1819/09/201818/09/2024","Live other than ornamental fish:Crab(LIVEMUD CRABS,CHILLED)",,,,,,,,,,,,,,,,,,
,,,,,,,,,,,,,,,,,,,,,,Dried,,54.0,"YASH EXPORTSNO.B2, RAJALAKSHMICOMPLEXNO.18,CHAMIERS ROAD.NANDANAM,CHENNAI-600035,Tamil Nadu","Ph: 9500146503email: jothiyeshvi@gmail.com","TN1/ME/599/2101/04/202131/03/2024","Dried:Salted Jelly Fish(SALTEDJELLYFISH LEG)",,,,,,,,,,,,,,,,,,
,,,,,,,,,,,,,,,,,,,,,,Chilled,,55.0,"AGS MARINE EXPORTSNO 47/86, VENKATASA STREETCHINTADARIPETCHENNAI/600002, Tamil Nadu","Ph: 9444058235email: agsmarineexport@gmail.com","TN1/MT/614/2203/02/202202/02/2025","Chilled:Fish Wild(Grouper:Tomato, ParrotFish, Anchovy Fish,,Seer Fish,PearlSpot,Emperor Fish,Sardine Fish, RedSnapper,,Mackerel,Silver Pomfret, WhitePomfret,Black Pomfret,Coral trout, Sea whiteprawns,,Sea Tiger prawn,Sea Flower prawns)Chilled:Cuttlefish(Cuttlefish)Chilled:Squid(Squid)",,,,,,,,,,,,,,,,,,
,,,,,,,,,,,,,,,,,,,,,,"Live other thanornamental fish",,56.0,"AQUAGENFOOD EXPORTS PVTLTDNO: 20/50, KOYA ARUNAGIRI 1STSTREETROYAPETTAHCHENNAI 600014/, Tamil Nadu","Ph: 9445609259email:AQUAGENFOODEXPORTS@GMAIL.COM","TN1/MT/617/2214/03/202213/03/2025",,,,,,,,,,,,,,,,,,,
,,,,,,,,,,,,,,,,,,,,,,,,,,,,,,"CUTTLEFISH -IQF,FROZEN",,,,,,,,,,,,,,,,
,,,,,,,,,,,,,,,,,,,,,,,,,,,,,,"CUTTLEFISH SKEWER IQF,FROZEN",,,,,,,,,,,,,,,,
,,,,,,,,,,,,,,,,,,,,,,,,,,,,,,"CUTTLEFISH ROE IQF,FROZEN",,,,,,,,,,,,,,,,
,,,,,,,,,,,,,,,,,,,,,,,,,,,,,,"CUTTLEFISH WINGS IQF,FROZEN",,,,,,,,,,,,,,,,
,,,,,,,,,,,,,,,,,,,,,,,,,,,,,,WHOLE CLEANED CUTTLEFISH IQF -,,,,,,,,,,,,,,,,
,,,,,,,,,,,,,,ARSHA SEAFOOD EXPORTS,,,,,,,,,,,,,,,,"IWP,FROZEN WHOLE CLEANED",,,,,,,,,,,,,,,,
,,,,,,,,,,,,,,,,TN1/MT/499/17,,,,,,,,,,,,,,,,,,,,,,,,,,,,,,
,,,,,,,,,,,,,,"4/364, Anna Road,",,,,,,,,,,,,,,,,CUTTLEFISHIQF-IWP SHRINK WRAP),,,,,,,,,,,,,,,,
,,,,,,57.0,,,,,,,,,Ph: 04443855404,20/09/2017,,,,,,,,,,,,,Frozen,,,,,,,,,,,,,,,,,
,,,,,,,,,,,,,,"Palavakkam,",,,,,,,,,,,,,,,,Frozen:Squid(FROZEN CLEANED SQUID,,,,,,,,,,,,,,,,
,,,,,,,,,,,,,,,email: arshaseafoodexports@gmail.com,19/09/2023,,,,,,,,,,,,,,,,,,,,,,,,,,,,,,
,,,,,,,,,,,,,,"Chennai./600041, Tamil Nadu",,,,,,,,,,,,,,,,"TUBES,FROZEN SQUID TUBES,FROZEN",,,,,,,,,,,,,,,,
,,,,,,,,,,,,,,,,,,,,,,,,,,,,,,"SQUID TENTACLES,FROZEN SQUID",,,,,,,,,,,,,,,,
,,,,,,,,,,,,,,,,,,,,,,,,,,,,,,"TUBES & TENTACLES,FROZEN SQUID",,,,,,,,,,,,,,,,
,,,,,,,,,,,,,,,,,,,,,,,,,,,,,,"WHOLE,FROZEN SQUID WHOLE",,,,,,,,,,,,,,,,
,,,,,,,,,,,,,,,,,,,,,,,,,,,,,,"IQF,FROZEN STUFFED SQUID",,,,,,,,,,,,,,,,
,,,,,,,,,,,,,,,,,,,,,,,,,,,,,,"IQF,FROZEN SQUID CUTS -IQF,FROZEN",,,,,,,,,,,,,,,,
,,,,,,,,,,,,,,,,,,,,,,,,,,,,,,"WHOLE CLEANED SQUIDS,FROZEN",,,,,,,,,,,,,,,,
,,,,,,,,,,,,,,,,,,,,,,,,,,,,,,"CLEANED SQUID CUTS - IQF,FROZEN",,,,,,,,,,,,,,,,
,,,,,,,,,,,,,,,,,,,,,,,,,,,,,,WHOLE CLEANED SQUIDS (TRAY,,,,,,,,,,,,,,,,
,,,,,,,,,,,,,,,,,,,,,,,,,,,,,,PACK)),,,,,,,,,,,,,,,,
,,,,,,,,,,,,,,,,,,,,,,,,,,,,,,Frozen:Octopus(FROZEN CLEANED,,,,,,,,,,,,,,,,
,,,,,,,,,,,,,,,,,,,,,,,,,,,,,,"OCTOPUS IQF,FROZEN BABY OCTOPUS",,,,,,,,,,,,,,,,
,,,,,,,,,,,,,,,,,,,,,,,,,,,,,,"BLOCK,FROZEN CLEANED OCTOPUS",,,,,,,,,,,,,,,,
,,,,,,,,,,,,,,,,,,,,,,,,,,,,,,BLOCK),,,,,,,,,,,,,,,,
,,,,,,,,,,,,,,,,,,,,,,,,,,,,,,Frozen:Lobster(FROZEN SAND LOBSTER,,,,,,,,,,,,,,,,
,,,,,,,,,,,,,,,,,,,,,,,,,,,,,,IQF-IWP),,,,,,,,,,,,,,,,
,,,,,,,,,,,,,,ASHWATHY GREEN ENTERPRISE,,,,,,,,,,,,,,,,,,,,,,,,,,,,,,,,
,,,,,,,,,,,,,,PVT LIMITED,,,,,,,,,,,,,,,,,,,,,,,,,,,,,,,,
,,,,,,,,,,,,,,,,TN1/MT/533/18,,,,,,,,,,,,,,,,,,,,,,,,,,,,,,
,,,,,,,,,,,,,,"No-207, Nageswara Rao ,III",Ph: 09445463344,,,,,,,,,,,,,,,Others-Non Edible:Sea Weed (Non-Edible),,,,,,,,,,,,,,,,
,,,,,,58.0,,,,,,,,,,14/06/2018,,,,,,,,,,,,,Others-Non Edible,,,,,,,,,,,,,,,,,
,,,,,,,,,,,,,,"cross,Athipet",email: baskaran261964@gmail.com,,,,,,,,,,,,,,,(Sea weed Fertilizer),,,,,,,,,,,,,,,,
,,,,,,,,,,,,,,,,13/06/2024,,,,,,,,,,,,,,,,,,,,,,,,,,,,,,
,,,,,,,,,,,,,,"Athipet Industrial Estate,Ambattur",Web: www.go4organics.com,,,,,,,,,,,,,,,,,,,,,,,,,,,,,,,
,,,,,,,,,,,,,,"Chennai/600058, Tamil Nadu",,,,,,,,,,,,,,,,,,,,,,,,,,,,,,,,
,,,,,,,,,,,,,,BING FENG EXPORTS,,,,,,,,,,,,,,,,,,,,,,,,,,,,,,,,
,,,,,,,,,,,,,,,,TN1/MT/388/14,,,,,,,,,,,,,,,,,,,,,,,,,,,,,,
,,,,,,,,,,,,,,"NO.1/1295-F, 3RD STREET,",,,,,,,,,,,,,,,Live other than,Live other than ornamental fish:Crab(MUD,,,,,,,,,,,,,,,,
,,,,,,59.0,,,,,,,,,,03/12/2014,,,,,,,,,,,,,,,,,,,,,,,,,,,,,,
,,,,,,,,,,,,,,"BETHEL NAGAR,INJAMBAKKAM",email: bingfengexports77@gmail.com,,,,,,,,,,,,,,ornamental fish,CRAB),,,,,,,,,,,,,,,,
,,,,,,,,,,,,,,,,02/12/2023,,,,,,,,,,,,,,,,,,,,,,,,,,,,,,
,,,,,,,,,,,,,,"CHENNAI-600 115, Tamil Nadu",,,,,,,,,,,,,,,,,,,,,,,,,,,,,,,,
,,,,,,,,,,,,,,BISMI FISHERIES (P) LIMITED,,,,,,,,,,,,,,,,,,,,,,,,,,,,,,,,
,,,,,,,,,,,,,,"R.S.NO,738/1B, THODUVAI MAIN",,,,,,,,,,,,,,,,,,,,,,,,,,,,,,,,
,,,,,,,,,,,,,,,,TN1/MT/449/16,,,,,,,,,,,,,,Others-Non Edible:Fish Meals (Non-Edible),,,,,,,,,,,,,,,,
,,,,,,,,,,,,,,"ROAD,",,,,,,,,,,,,,,,,,,,,,,,,,,,,,,,,
,,,,,,60.0,,,,,,,,,Ph: 04364224967,13/06/2016,,,,,,,,,,,,,Others-Non Edible,"(FISH MEAL, FISH OIL, FISH PASTE (non",,,,,,,,,,,,,,,,
,,,,,,,,,,,,,,"THIRUMULLAIVASAL, SIRKALI",,,,,,,,,,,,,,,,,,,,,,,,,,,,,,,,
,,,,,,,,,,,,,,,email: bismiaqua@gmail.com,12/06/2022,,,,,,,,,,,,,,edible)),,,,,,,,,,,,,,,,
,,,,,,,,,,,,,,TALUK,,,,,,,,,,,,,,,,,,,,,,,,,,,,,,,,
,,,,,,,,,,,,,,"/609113, Tamil Nadu",,,,,,,,,,,,,,,,,,,,,,,,,,,,,,,,
,,,,,,,,,,,,,,BMR INDUSTRIES(P) LTD,,,,,,,,,,,,,,,,,,,,,,,,,,,,,,,,
,,,,,,,,,,,,,,"S-10, TNHB COMPLEX,",,TN1/MT/382/14,,,,,,,,,,,,,,,,,,,,,,,,,,,,,,
,,,,,,61.0,,,,,,,,"180, LUZ CHURCH ROAD",Ph: 24352105,28/10/2014,,,,,,,,,,,,,Frozen,,,,,,,,,,,,,,,,,
,,,,,,,,,,,,,,"MYLAPORE ,CHENNAI-600 004.,",email: bmrexp@gmail.com,27/10/2017,,,,,,,,,,,,,,,,,,,,,,,,,,,,,,
,,,,,,,,,,,,,,Tamil Nadu,,,,,,,,,,,,,,,,,,,,,,,,,,,,,,,,
,,,,,,,,,,,,,,CHOICE TRADING,,,,,,,,,,,,,,,,,,,,,,,,,,,,,,,,
,,,,,,,,,,,,,,CORPORATION PRIVATE,,,,,,,,,,,,,,,,,,,,,,,,,,,,,,,,
,,,,,,,,,,,,,,LIMITED,,,,,,,,,,,,,,,,Frozen:Shrimp Aquaculture(FROZEN,,,,,,,,,,,,,,,,
,,,,,,,,,,,,,,"No.302, AKSHAYA SHANTHI,",,TN1/MT/422/15,,,,,,,,,,,,,,COOKED PEELED & DEVEINED T ON,,,,,,,,,,,,,,,,
,,,,,,62.0,,,,,,,,"THIRD FLOOR,",Ph: 9585522561,14/09/2015,,,,,,,,,,,,,Frozen,"SHRIMP,FROZEN RAW EZPL DEVEINED",,,,,,,,,,,,,,,,
,,,,,,,,,,,,,,"NO.27/44, ANNA SALAI, MOUNT",email: admin@choicegroup.in,18/05/2023,,,,,,,,,,,,,,"T ON SHRIMP IQF,FROZEN COOKED",,,,,,,,,,,,,,,,
,,,,,,,,,,,,,,"ROAD,",,,,,,,,,,,,,,,,SHRIMP RING WITH COCKTAIL SAUCE),,,,,,,,,,,,,,,,
,,,,,,,,,,,,,,"TRIPLICANE, CHENNAI, TAMIL",,,,,,,,,,,,,,,,,,,,,,,,,,,,,,,,
,,,,,,,,,,,,,,"NADU 600002, Tamil Nadu",,,,,,,,,,,,,,,,,,,,,,,,,,,,,,,,
,,,,,,,,,,,,,,CPF (INDIA) PRIVATE LTD,,,,,,,,,,,,,,,,,,,,,,,,,,,,,,,,
,,,,,,,,,,,,,,"40, 2ND STREET, IST FLOOR, F2,",,,,,,,,,,,,,,,,,,,,,,,,,,,,,,,,
,,,,,,,,,,,,,,,,TN1/MT/273/11,,,,,,,,,,,,,,,,,,,,,,,,,,,,,,
,,,,,,,,,,,,,,"SPARTAN NAGAR,",Ph: 26419465,,,,,,,,,,,,,,Frozen,,,,,,,,,,,,,,,,,
,,,,,,63.0,,,,,,,,,,08/04/2011,,,,,,,,,,,,,,,,,,,,,,,,,,,,,,
,,,,,,,,,,,,,,"MOGAPPAIR EAST,",email: punith.apr03@gmail.com,,,,,,,,,,,,,,Dried,,,,,,,,,,,,,,,,,
,,,,,,,,,,,,,,,,05/04/2023,,,,,,,,,,,,,,,,,,,,,,,,,,,,,,
,,,,,,,,,,,,,,"Chennai-600 037/600 037, Tamil",Web: www.mycpindia.com,,,,,,,,,,,,,,,,,,,,,,,,,,,,,,,
,,,,,,,,,,,,,,Nadu,,,,,,,,,,,,,,,,,,,,,,,,,,,,,,,,
,,,,,,,,,,,,,,EASTERN RED RUBY FOOD PVT,,,,,,,,,,,,,,,,,,,,,,,,,,,,,,,,
,,,,,,,,,,,,,,LTD.,,,,,,,,,,,,,,,,,,,,,,,,,,,,,,,,
,,,,,,,,,,,,,,"3A, 4TH STREET, GANESH",,,,,,,,,,,,,,,,"Dried:Dried Fish(SEENI SAMBOL,ONION",,,,,,,,,,,,,,,,
,,,,,,,,,,,,,,,,TN1/MT/446/16,,,,,,,,,,,,,,,,,,,,,,,,,,,,,,
,,,,,,,,,,,,,,"NAGAR,",Ph: 04424765140,,,,,,,,,,,,,,,"MALDIVE FRY,ONION SPRATS",,,,,,,,,,,,,,,,
,,,,,,64.0,,,,,,,,,,23/05/2016,,,,,,,,,,,,,Dried,,,,,,,,,,,,,,,,,
,,,,,,,,,,,,,,"G.K INDUSTRIAL ESTATE,",email: INFO@IMFRFOOD.COM,,,,,,,,,,,,,,,"FRY,MALDIVE DRY FISH,SPRATS DRY",,,,,,,,,,,,,,,,
,,,,,,,,,,,,,,,,22/05/2025,,,,,,,,,,,,,,,,,,,,,,,,,,,,,,
,,,,,,,,,,,,,,ALAPPAKKAM,Web: WWW.IMFRFOOD.COM,,,,,,,,,,,,,,,FISH),,,,,,,,,,,,,,,,
,,,,,,,,,,,,,,"PORUR, CHENNAI/600116, Tamil",,,,,,,,,,,,,,,,,,,,,,,,,,,,,,,,
,,,,,,,,,,,,,,Nadu,,,,,,,,,,,,,,,,,,,,,,,,,,,,,,,,
,,,,,,,,,,,,,,GOSSAMER TRADING (INDIA),,,,,,,,,,,,,,,,,,,,,,,,,,,,,,,,
,,,,,,,,,,,,,,PRIVATE LIMITED,,,,,,,,,,,,,,,,Others-Non Edible:Sea,,,,,,,,,,,,,,,,
,,,,,,,,,,,,,,,,TN1/MT/606/21,,,,,,,,,,,,,,,,,,,,,,,,,,,,,,
,,,,,,,,,,,,,,NO 66/226 ANGAPPAN NAICKAN,,,,,,,,,,,,,,,,Shells(OPERCULLUM),,,,,,,,,,,,,,,,
,,,,,,65.0,,,,,,,,,Ph: 8939120974,11/10/2021,,,,,,,,,,,,,Others-Non Edible,,,,,,,,,,,,,,,,,
,,,,,,,,,,,,,,ST,,,,,,,,,,,,,,,,Others-Non Edible:Polished Sea,,,,,,,,,,,,,,,,
,,,,,,,,,,,,,,,email: info.ggtipl@gmail.com,10/10/2024,,,,,,,,,,,,,,,,,,,,,,,,,,,,,,
,,,,,,,,,,,,,,MANNADY,,,,,,,,,,,,,,,,Shell(COWRIE),,,,,,,,,,,,,,,,
,,,,,,,,,,,,,,"CHENNAI/600001, Tamil Nadu",,,,,,,,,,,,,,,,,,,,,,,,,,,,,,,,
,,,,,,,,,,,,,,GROBEST FEEDS CORPORATION,,,,,,,,,,,,,,,,,,,,,,,,,,,,,,,,
,,,,,,,,,,,,,,(I) PVT LTD,,,,,,,,,,,,,,,,,,,,,,,,,,,,,,,,
,,,,,,,,,,,,,,"25/1A,1B GROBEST TOWER",,TN1/MT/456/16,,,,,,,,,,,,,,,,,,,,,,,,,,,,,,
,,,,,,66.0,,,,,,,,PERAMBUR REDHILLS HIGH,Ph: 04425651813,29/06/2016,,,,,,,,,,,,,Others-Non Edible,,,,,,,,,,,,,,,,,
,,,,,,,,,,,,,,ROAD KATHIRVEDU,email: grobestin@hotmail.com,28/06/2025,,,,,,,,,,,,,,,,,,,,,,,,,,,,,,
,,,,,,,,,,,,,,VINAYAGAPURAM,,,,,,,,,,,,,,,,,,,,,,,,,,,,,,,,
,,,,,,,,,,,,,,"Chennai/600099, Tamil Nadu",,,,,,,,,,,,,,,,,,,,,,,,,,,,,,,,
,,,,,,,,,,,,,,,,,,,,,,,,,,,,,,,"MAWS,DRIED STING RAY,DRIED",,,,,,,,,,,,,,,
,,,,,,,,,,,,,,,,,,,,,,,,,,,,,,,"SHARKS,DRIED FISHES)",,,,,,,,,,,,,,,
,,,,,,,,,,,,,,,,,,,,,,,,,,,,,,,Chilled:Fish Wild(CHILLED,,,,,,,,,,,,,,,
,,,,,,,,,,,,,,GVD INTERNATIONAL,,,,,,,,,,,,,,,,,,,,,,,,,,,,,,,,
,,,,,,,,,,,,,,,,TN1/MT/298/12,,,,,,,,,,,,,,,"BAIGAI,CHILLED CRAB,CHILLED",,,,,,,,,,,,,,,
,,,,,,,,,,,,,,"No.7,SV Ekambara Naicker Street",,,,,,,,,,,,,,,Dried,,,,,,,,,,,,,,,,,
,,,,,,67.0,,,,,,,,,Ph: 24501574,23/01/2012,,,,,,,,,,,,,,,"SHRIMPS,CHILLED",,,,,,,,,,,,,,,
,,,,,,,,,,,,,,Sholinganallur,,,,,,,,,,,,,,,Chilled,,,,,,,,,,,,,,,,,
,,,,,,,,,,,,,,,email: gvdinternational@yahoo.com,21/01/2024,,,,,,,,,,,,,,,"CEPHALOPODS,ANCHOVY,TUNA",,,,,,,,,,,,,,,
,,,,,,,,,,,,,,"Chennai-600 119., Tamil Nadu",,,,,,,,,,,,,,,,,"SPP,MACKEREL,SARDINE,SEER",,,,,,,,,,,,,,,
,,,,,,,,,,,,,,,,,,,,,,,,,,,,,,,"FISH,REEF COD,RED",,,,,,,,,,,,,,,
,,,,,,,,,,,,,,,,,,,,,,,,,,,,,,,"SNAPPER,GROUPER FISH,RIBBON",,,,,,,,,,,,,,,
,,,,,,,,,,,,,,,,,,,,,,,,,,,,,,,"FISH,WHITE POMFRET,BLACK",,,,,,,,,,,,,,,
,,,,,,,,,,,,,,,,,,,,,,,,,,,,,,,"POMFRET,CARP,SEA BASS,SWORD",,,,,,,,,,,,,,,
,,,,,,,,,,,,,,,,,,,,,,,,,,,,,,,FISH),,,,,,,,,,,,,,,
,,,,,,,,,,,,,,H.K ENTERPRISES,,,,,,,,,,,,,,,,,,,,,,,,,,,,,,,,
,,,,,,,,,,,,,,,,TN1/MT/640/22,,,,,,,,,,,,,,,,,,,,,,,,,,,,,,
,,,,,,,,,,,,,,"5/738, VELU STREET, MBT ROAD",,,,,,,,,,,,,,,Dried,,,,,,,,,,,,,,,,,
,,,,,,68.0,,,,,,,,,Ph: 9500084323,09/12/2022,,,,,,,,,,,,,,,,,,,,,,,,,,,,,,
,,,,,,,,,,,,,,"BHARATHI NAGAR, RANIPET",,,,,,,,,,,,,,,Others-Edible,,,,,,,,,,,,,,,,,
,,,,,,,,,,,,,,,email: hamidleather@gmail.com,08/12/2025,,,,,,,,,,,,,,,,,,,,,,,,,,,,,,
,,,,,,,,,,,,,,"/632401, Tamil Nadu",,,,,,,,,,,,,,,,,,,,,,,,,,,,,,,,
,,,,,,,,,,,,,,HAKITA FEEDS PRIVATE,,,,,,,,,,,,,,,,,,,,,,,,,,,,,,,,
,,,,,,,,,,,,,,LIMITED,,,,,,,,,,,,,,,,,,,,,,,,,,,,,,,,
,,,,,,,,,,,,,,,,TN1/MT/635/22,,,,,,,,,,,,,,,,,,,,,,,,,,,,,,
,,,,,,,,,,,,,,"DOOR NO.9/1, VIJAYALAKSHMI",,,,,,,,,,,,,,,,,,,,,,,,,,,,,,,,
,,,,,,69.0,,,,,,,,,Ph: 09840593169,26/09/2022,,,,,,,,,,,,,Others-Non Edible,,,,,,,,,,,,,,,,,
,,,,,,,,,,,,,,NAGAR,,,,,,,,,,,,,,,,,,,,,,,,,,,,,,,,
,,,,,,,,,,,,,,,email: hakita2008@gmail.com,25/09/2025,,,,,,,,,,,,,,,,,,,,,,,,,,,,,,
,,,,,,,,,,,,,,"KOLATHUR,",,,,,,,,,,,,,,,,,,,,,,,,,,,,,,,,
,,,,,,,,,,,,,,"CHENNAI/600099, Tamil Nadu",,,,,,,,,,,,,,,,,,,,,,,,,,,,,,,,
,,,,,,,,,,,,,,,,,,,,,,,,,,,,,,,Frozen:Shrimp Aquaculture(FROZEN,,,,,,,,,,,,,,,
,,,,,,,,,,,,,,,,,,,,,,,,,,,,,,,VANNAMEI SHRIMPS HEADON,,,,,,,,,,,,,,,
,,,,,,,,,,,,,,,,,,,,,,,,,,,,,,,"SHELLON,FROZEN HEADLESS SHELL",,,,,,,,,,,,,,,
,,,,,,,,,,,,,,,,,,,,,,,,,,,,,,,ON VANNAMEI SHRIMPS-,,,,,,,,,,,,,,,
,,,,,,,,,,,,,,,,,,,,,,,,,,,,,,,"BLOCK,FROZEN RAW PD VANNAMEI",,,,,,,,,,,,,,,
,,,,,,,,,,,,,,,,,,,,,,,,,,,,,,,"SHRIMPS IQF,RAW FROZEN PVPD",,,,,,,,,,,,,,,
,,,,,,,,,,,,,,HYSON EXPORTS PRIVATE,,,,,,,,,,,,,,,,,"VANNAMEI SHRIMPS-IQF,FROZEN RAW",,,,,,,,,,,,,,,
,,,,,,,,,,,,,,LIMITED,,,,,,,,,,,,,,,,,BUTTER ROUND TAIL ON VANNAMEI,,,,,,,,,,,,,,,
,,,,,,,,,,,,,,"FLAT NO.F2, KALYANIS PALS",,,,,,,,,,,,,,,,,"SHRIMP,FROZEN RAW PDTO SKEWERS",,,,,,,,,,,,,,,
,,,,,,,,,,,,,,,,TN1/MT/346/13,,,,,,,,,,,,,,,,,,,,,,,,,,,,,,
,,,,,,,,,,,,,,"COURT,NO.42/43,",,,,,,,,,,,,,,,,,"VANNAMEI SHRIMP IQF,FROZEN",,,,,,,,,,,,,,,
,,,,,,70.0,,,,,,,,,Ph: 08623297005,13/11/2013,,,,,,,,,,,,,Frozen,,,,,,,,,,,,,,,,,
,,,,,,,,,,,,,,"GANDHI ROAD,",,,,,,,,,,,,,,,,,BLANCHED PD VANNAMEI SHRIMPS,,,,,,,,,,,,,,,
,,,,,,,,,,,,,,,email: hysonqa@gmail.com,11/11/2025,,,,,,,,,,,,,,,,,,,,,,,,,,,,,,
,,,,,,,,,,,,,,ALWARTHIRUNAGAR,,,,,,,,,,,,,,,,,"IQF,FROZEN BLANCHED PDTO",,,,,,,,,,,,,,,
,,,,,,,,,,,,,,"CHENNAI-600087./600087, Tamil",,,,,,,,,,,,,,,,,"VANNAMEI SHRIMPS IQF,FROZEN RAW",,,,,,,,,,,,,,,
,,,,,,,,,,,,,,Nadu,,,,,,,,,,,,,,,,,HEADLESS EZPL VANNAMEI SHRIMPS,,,,,,,,,,,,,,,
,,,,,,,,,,,,,,,,,,,,,,,,,,,,,,,"IQF,FROZEN HL EZPL VANNAMEI",,,,,,,,,,,,,,,
,,,,,,,,,,,,,,,,,,,,,,,,,,,,,,,"SHRIMPS-BLOCK,FROZEN HEAD ON",,,,,,,,,,,,,,,
,,,,,,,,,,,,,,,,,,,,,,,,,,,,,,,VANNAMEI SHRIMPS-SEMI-,,,,,,,,,,,,,,,
,,,,,,,,,,,,,,,,,,,,,,,,,,,,,,,"IQF,FROZEN PD VANNAMEI SHRIMPS â€“",,,,,,,,,,,,,,,
,,,,,,,,,,,,,,,,,,,,,,,,,,,,,,,"BLOCK,FRESH FROZEN RAW PDTO",,,,,,,,,,,,,,,
,,,,,,,,,,,,,,,,,,,,,,,,,,,,,,,VANNAMEI SHRIMP IQF),,,,,,,,,,,,,,,
,,,,,,,,,,,,,,IFAAWIN MARINE EXPORT,,,,,,,,,,,,,,,,,,,,,,,,,,,,,,,,
,,,,,,,,,,,,,,,,,,,,,,,,,,,,,,,Chilled:Fish,,,,,,,,,,,,,,,
,,,,,,,,,,,,,,INDIA PVT.LTD,,,,,,,,,,,,,,,,,,,,,,,,,,,,,,,,
,,,,,,,,,,,,,,,,,,,,,,,,,,,,,,,"Wild(SEERFISH,GROUPER,POMFRET 300",,,,,,,,,,,,,,,
,,,,,,,,,,,,,,30/1 & 30/3A,,TN1/MT/509/17,,,,,,,,,,,,,,,,,,,,,,,,,,,,,,
,,,,,,,,,,,,,,,,,,,,,,,,,,,,,,,"GMS UP ONLY,SEA WHITE",,,,,,,,,,,,,,,
,,,,,,71.0,,,,,,,,"ELLAPURAM BLOCK,",Ph: 9380034535,04/12/2017,,,,,,,,,,,,,Chilled,,,,,,,,,,,,,,,,,
,,,,,,,,,,,,,,,,,,,,,,,,,,,,,,,"PRAWNS,ANCHOVY,SAND",,,,,,,,,,,,,,,
,,,,,,,,,,,,,,KOTTAKUPPAM VILLAGE,email: ifaawinmarineexport@gmail.com,03/12/2023,,,,,,,,,,,,,,,,,,,,,,,,,,,,,,
,,,,,,,,,,,,,,,,,,,,,,,,,,,,,,,"LOBSTER,SQUID,CUTTLE FISH,INDIAN",,,,,,,,,,,,,,,
,,,,,,,,,,,,,,"UTHUKOTTAI TALUK/601102,",,,,,,,,,,,,,,,,,,,,,,,,,,,,,,,,
,,,,,,,,,,,,,,,,,,,,,,,,,,,,,,,"MACKEREL,SARDINE)",,,,,,,,,,,,,,,
,,,,,,,,,,,,,,Tamil Nadu,,,,,,,,,,,,,,,,,,,,,,,,,,,,,,,,
,,,,,,,,,,,,,,INFINITE BIOSCIENCE,,,,,,,,,,,,,,,,,,,,,,,,,,,,,,,,
,,,,,,,,,,,,,,S.F. NO 264,,TN1/MT/497/17,,,,,,,,,,,,,,,,,,,,,,,,,,,,,,
,,,,,,72.0,,,,,,,,"BAKKALAPALLI,",Ph: 7708497444,04/09/2017,,,,,,,,,,,,,Others-Non Edible,,,,,,,,,,,,,,,,,
,,,,,,,,,,,,,,CHINNADHAMAL CHERU,email: infinitebioscience@hotmail.com,03/09/2023,,,,,,,,,,,,,,,,,,,,,,,,,,,,,,
,,,,,,,,,,,,,,"PERNAMBUT 635810/, Tamil Nadu",,,,,,,,,,,,,,,,,,,,,,,,,,,,,,,,
,,,,,,,,,,,,,,JACKVIN SEA FOODS,,TN1/MT/339/13,,,,,,,,,,,,,,,Live other than ornamental fish:Crab(live,,,,,,,,,,,,,,,
,,,,,,,,,,,,,,,,,,,,,,,,,,,,,Live other than,,,,,,,,,,,,,,,,,
,,,,,,73.0,,,,,,,,"No.1,Rope Street",,03/09/2013,,,,,,,,,,,,,,,"mud crab , live baigai, live blood clam,live",,,,,,,,,,,,,,,
,,,,,,,,,,,,,,,email: jackvinseafoods@gmail.com,,,,,,,,,,,,,,ornamental fish,,,,,,,,,,,,,,,,,
,,,,,,,,,,,,,,"Cuddalore OT, Tamil Nadu",,02/09/2025,,,,,,,,,,,,,,,"lobster, Live eel fish)",,,,,,,,,,,,,,,
,,,,,,,,,,,,,,JPH SEA FOOD EXPORT,,,,,,,,,,,,,,,,,,,,,,,,,,,,,,,,
,,,,,,,,,,,,,,CHINDATARIPET,,TN1/MT/507/17,,,,,,,,,,,,,,,,,,,,,,,,,,,,,,
,,,,,,,,,,,,,,,Ph: 09952900000,,,,,,,,,,,,,,Live other than,,,,,,,,,,,,,,,,,
,,,,,,74.0,,,,,,,,"IV, Tiruvallur Taluk & District",,27/11/2017,,,,,,,,,,,,,,,,,,,,,,,,,,,,,,
,,,,,,,,,,,,,,,email:,,,,,,,,,,,,,,ornamental fish,,,,,,,,,,,,,,,,,
,,,,,,,,,,,,,,"Tamilnadu-602024/600002, Tamil",,26/11/2023,,,,,,,,,,,,,,,,,,,,,,,,,,,,,,
,,,,,,,,,,,,,,,JPHSEAFOODEXPORTCHENNAI@GMAIL.COM,,,,,,,,,,,,,,,,,,,,,,,,,,,,,,,
,,,,,,,,,,,,,,Nadu,,,,,,,,,,,,,,,,,,,,,,,,,,,,,,,,
,,,,,,,,,,,,,,,,,,,,,,,,,,,,,,,Live other than ornamental fish:Fish,,,,,,,,,,,,,,,
,,,,,,,,,,,,,,,,,,,,,,,,,,,,,,,Aquaculture(LIVE FRESH WATER,,,,,,,,,,,,,,,
,,,,,,,,,,,,,,,,,,,,,,,,,,,,,,,EEL(Anguilla anguilla)),,,,,,,,,,,,,,,
,,,,,,,,,,,,,,,,,,,,,,,,,,,,,,,Live other than ornamental,,,,,,,,,,,,,,,
,,,,,,,,,,,,,,,,,,,,,,,,,,,,,,,fish:Bivalves(LIVE BAIGAI(Babylonia,,,,,,,,,,,,,,,
,,,,,,,,,,,,,,JS MARINE EXPORT,,,,,,,,,,,,,,,,,,,,,,,,,,,,,,,,
,,,,,,,,,,,,,,,,,,,,,,,,,,,,,,,"spp.),LIVE BLOOD CLAM(Anadara",,,,,,,,,,,,,,,
,,,,,,,,,,,,,,"NEW NO 53,OLD NO 15/2",,,,,,,,,,,,,,,,,,,,,,,,,,,,,,,,
,,,,,,,,,,,,,,,,TN1/MT/591/21,,,,,,,,,,,,,,,"granosa),LIVE HORN",,,,,,,,,,,,,,,
,,,,,,,,,,,,,,KANAKKAR STREET,,,,,,,,,,,,,,,Live other than,,,,,,,,,,,,,,,,,
,,,,,,75.0,,,,,,,,,Ph: 9600015312,12/01/2021,,,,,,,,,,,,,,,"SHELL(Potamididae),LIVE INDIAN",,,,,,,,,,,,,,,
,,,,,,,,,,,,,,TONDIARPET,,,,,,,,,,,,,,,ornamental fish,,,,,,,,,,,,,,,,,
,,,,,,,,,,,,,,,email: jsmarineexport2000@gmail.com,11/01/2024,,,,,,,,,,,,,,,"VOLUTE(Melo melo),LIVE CHANNELED",,,,,,,,,,,,,,,
,,,,,,,,,,,,,,Chennai,,,,,,,,,,,,,,,,,,,,,,,,,,,,,,,,
,,,,,,,,,,,,,,,,,,,,,,,,,,,,,,,WHELK(Busycotypus canaliculatus)),,,,,,,,,,,,,,,
,,,,,,,,,,,,,,"600081, Tamil Nadu",,,,,,,,,,,,,,,,,,,,,,,,,,,,,,,,
,,,,,,,,,,,,,,,,,,,,,,,,,,,,,,,Live other than ornamental,,,,,,,,,,,,,,,
,,,,,,,,,,,,,,,,,,,,,,,,,,,,,,,fish:Lobster(LIVE ROCK LOBSTER,,,,,,,,,,,,,,,
,,,,,,,,,,,,,,,,,,,,,,,,,,,,,,,"(Panulirushomarus,P.ornatus etc))",,,,,,,,,,,,,,,
,,,,,,,,,,,,,,,,,,,,,,,,,,,,,,,Live other than ornamental fish:Crab(LIVE,,,,,,,,,,,,,,,
,,,,,,,,,,,,,,,,,,,,,,,,,,,,,,,MUD CRAB (Scylla serrata)),,,,,,,,,,,,,,,
,,,,,,,,,,,,,,,,,,,,,,,,,,,,,,,"Chilled:Fish Wild(king fish / seer fish , white",,,,,,,,,,,,,,,
,,,,,,,,,,,,,,,,,,,,,,,,,,,,,,,"pomfret,chinese pomfret, black pomfret,black",,,,,,,,,,,,,,,
,,,,,,,,,,,,,,,,,,,,,,,,,,,,,,,"dot grouper, brown dot grouper,tomato",,,,,,,,,,,,,,,
,,,,,,,,,,,,,,,,,,,,,,,,,,,,,,,"grouper , grouper, parrot fish,ladyfish / sand",,,,,,,,,,,,,,,
,,,,,,,,,,,,,,KING MARINE EXPORTS,,,,,,,,,,,,,,,,,"whitening, sardine,indian mackeral, coral",,,,,,,,,,,,,,,
,,,,,,76.0,,,,,,,,,Chilled,,,,,,,,,,,,,,,,,,,,,,,,,,,,,,,
,,,,,,,,,,,,,,Ph: 07299446417,,,,,,,,,,,,,,,,,,"Street,",18/08/2022,"Chilled:Shrimp Wild(sea tiger prawns ,",,,,,,,,,,,,
,,,,,,,,,,,,,,email: mail.kmesefoods@gmail.com,,,,,,,,,,,,,,,,,,"Egmore,",17/08/2025,"flower prawn,sea white prawn, black tiger",,,,,,,,,,,,
,,,,,,,,,,,,,,,,,,,,,,,,,,,,,,,,"Chennai/600008, Tamil Nadu",,"prawns,,vennami prawns,)",,,,,,,,,,,,
,,,,,,,,,,,,,,,,,,,,,,,,,,,,,,,,,,Chilled:Cuttlefish(cuttle fish),,,,,,,,,,,,
,,,,,,,,,,,,,,,,,,,,,,,,,,,,,,,,,,Chilled:Squid(squid),,,,,,,,,,,,
,,,,,,,,,,,,,,,,,,,,,,,,,,,,,,,,,,Chilled:Octopus(octopus),,,,,,,,,,,,
,,,,,,,,,,,,,,,,,,,,,,,,,,,,,,,,M D M SEA FOODS,,,,,,,,,,,,,,
,,,,,,,,,,,,,,,,,,,,,,,,,,,,,,,,,TN1/MT/454/16,,,,,,,,,,,,,
,,,,,,,,,,,,,,,Live other than,,,,,,,,,,,,,,,,,"NO.15/35, VENKATESA STREET,",,Live other than ornamental,,,,,,,,,,,,
,,,,,,77.0,,,,,,,,Ph: 8122204884,,,,,,,,,,,,,,,,,,,22/06/2016,,,,,,,,,,,,,
,,,,,,,,,,,,,,,ornamental fish,,,,,,,,,,,,,,,,,"CHINTADRIPET,",,"fish:Crab(Crab(Mud Crab),Blood Clam)",,,,,,,,,,,,
,,,,,,,,,,,,,,email: mdmseafoods@gmail.com,,,,,,,,,,,,,,,,,,,20/06/2025,,,,,,,,,,,,,
,,,,,,,,,,,,,,,,,,,,,,,,,,,,,,,,"CHENNAI/600002, Tamil Nadu",,,,,,,,,,,,,,
,,,,,,,,,,,,,,,,,,,,,,,,,,,,,,,,,,"Chilled:Fish Wild(Grouper,Parrot",,,,,,,,,,,,
,,,,,,,,,,,,,,,,,,,,,,,,,,,,,,,,,,"fish,Emperor fish,White Pomfret fish,Chinese",,,,,,,,,,,,
,,,,,,,,,,,,,,,,,,,,,,,,,,,,,,,,,,"pomfret,Black pomfret,Seer fish,Tomatto",,,,,,,,,,,,
,,,,,,,,,,,,,,,,,,,,,,,,,,,,,,,,M/S BRITTO SEAFOODS,,"grouper,Red snapper,Coral trout,Tuna)",,,,,,,,,,,,
,,,,,,,,,,,,,,,Frozen,,,,,,,,,,,,,,,,,,,,,,,,,,,,,,,
,,,,,,,,,,,,,,,,,,,,,,,,,,,,,,,,EXPORTS PVT LTD,TN1/MT/258/10,"Chilled:Shrimp Wild(White prawn,Tiger",,,,,,,,,,,,
,,,,,,,,,,,,,,,Canned/Bottled/Retort,,,,,,,,,,,,,,,,,,,,,,,,,,,,,,,
,,,,,,78.0,,,,,,,,Ph: 23246170,,,,,,,,,,,,,,,,,,4/1 Balakrishnan Street,21/10/2010,"prawn,Flower prawn)",,,,,,,,,,,,
,,,,,,,,,,,,,,,Pouched Product,,,,,,,,,,,,,,,,,,,,,,,,,,,,,,,
,,,,,,,,,,,,,,email: brittoseafoodexports@gmail.com,,,,,,,,,,,,,,,,,,Tondiarpet,05/07/2025,Chilled:Cuttlefish(Cuttle fish),,,,,,,,,,,,
,,,,,,,,,,,,,,,Chilled,,,,,,,,,,,,,,,,,,,,,,,,,,,,,,,
,,,,,,,,,,,,,,,,,,,,,,,,,,,,,,,,"Chennai-600 081, Tamil Nadu",,Chilled:Squid(Squid),,,,,,,,,,,,
,,,,,,,,,,,,,,,,,,,,,,,,,,,,,,,,,,Chilled:Octopus(Octopus),,,,,,,,,,,,
,,,,,,,,,,,,,,,,,,,,,,,,,,,,,,,,,,"Chilled:Lobster(Rock lobster,Sand lobster)",,,,,,,,,,,,
,,,,,,,,,,,,,,,,,,,,,,,,,,,,,,,,,,"Chilled:Crab(Blue swimming crab,Mud crab)",,,,,,,,,,,,
,,,,,,,,,,,,,,,,,,,,,,,,,,,,,,,,M/S. NEELA DEEP SEA,,,,,,,,,,,,,,
,,,,,,,,,,,,,,,,,,,,,,,,,,,,,,,,FISHERIES,TN1/MT/249/10,,,,,,,,,,,,,
,,,,,,79.0,,,,,,,,,Frozen,,,,,,,,,,,,,,,,,"146-B, O.S. Sivasamy Salai,",08/06/2010,,,,,,,,,,,,,
,,,,,,,,,,,,,,Ph: 32549769,,,,,,,,,,,,,,,,,,,,,,,,,,,,,,,,
,,,,,,,,,,,,,,,,,,,,,,,,,,,,,,,,"Ist floor, Mylapore",07/06/2013,,,,,,,,,,,,,
,,,,,,,,,,,,,,,,,,,,,,,,,,,,,,,,"Chennai-600 004, Tamil Nadu",,,,,,,,,,,,,,
,,,,,,,,,,,,,,,,,,,,,,,,,,,,,,,,,,Frozen:Shrimp Aquaculture(RAW FROZEN,,,,,,,,,,,,
,,,,,,,,,,,,,,,,,,,,,,,,,,,,,,,,,,VANNAMEI PEELED & DEVEINED,,,,,,,,,,,,
,,,,,,,,,,,,,,,,,,,,,,,,,,,,,,,,,,"SHRIMPS (G2,WHITE RHSO SHRIMP",,,,,,,,,,,,
,,,,,,,,,,,,,,,,,,,,,,,,,,,,,,,,,,"AQUA STAR BRAND,WHITE IQF PD",,,,,,,,,,,,
,,,,,,,,,,,,,,,,,,,,,,,,,,,,,,,,,,TAIL ON SHRIMP AQUA STAR,,,,,,,,,,,,
,,,,,,,,,,,,,,,,,,,,,,,,,,,,,,,,,,"BRAND,WHITE IQF QUICK PEEL",,,,,,,,,,,,
,,,,,,,,,,,,,,,,,,,,,,,,,,,,,,,,,,"SHRIMP,WHITE IQF PD TAIL OFF",,,,,,,,,,,,
,,,,,,,,,,,,,,,,,,,,,,,,,,,,,,,,,,"SHRIMP AQUA STAR BRAND,WHITE",,,,,,,,,,,,
,,,,,,,,,,,,,,,,,,,,,,,,,,,,,,,,,,"CPTO SHRIMP,WHITE CPTL",,,,,,,,,,,,
,,,,,,,,,,,,,,,,,,,,,,,,,,,,,,,,,,"SHRIMP,VANNAMEI SHRIMP RAW",,,,,,,,,,,,
,,,,,,,,,,,,,,,,,,,,,,,,,,,,,,,,,,"HEADLESS SHELL ON,VANNAMEI",,,,,,,,,,,,
,,,,,,,,,,,,,,,,,,,,,,,,,,,,,,,,,,SHRIMP RAW HEADLESS EASY,,,,,,,,,,,,
,,,,,,,,,,,,,,,,,,,,,,,,,,,,,,,,,,"PEEL,FROZEN INDIAN ORIGIN",,,,,,,,,,,,
,,,,,,,,,,,,,,,,,,,,,,,,,,,,,,,,,,"VANNAMEI CUT PD SHRIMPS,FROZEN",,,,,,,,,,,,
,,,,,,,,,,,,,,,,,,,,,,,,,,,,,,,,,,IQF VANNAMEI PVPD,,,,,,,,,,,,
,,,,,,,,,,,,,,,,,,,,,,,,,,,,,,,,,,"SHRIMPS,VANNAMEI WHITE IQF",,,,,,,,,,,,
,,,,,,,,,,,,,,,,,,,,,,,,,,,,,,,,,,"BLANCHED PD SHRIMP,VANNAMEI",,,,,,,,,,,,
,,,,,,,,,,,,,,,,,,,,,,,,,,,,,,,,,,WHITE BFLY IQF QUICK PEEL,,,,,,,,,,,,
,,,,,,,,,,,,,,,,,,,,,,,,,,,,,,,,M/S. SAGAR GRANDHI EXPORTS,,"SHRIMP,FRESH WATER SHRIMP",,,,,,,,,,,,
,,,,,,,,,,,,,,,,,,,,,,,,,,,,,,,,PVT. LTD,TN1/MT/199/08,"HEADLESS EZP SHRIMP,BLACK TIGER",,,,,,,,,,,,
,,,,,,80.0,,,,,,,,Ph: 04428453897,Frozen,,,,,,,,,,,,,,,,,"53, Venkatesan St",10/07/2008,"HEADLESS SHELL ON SHRIMP,FROZEN",,,,,,,,,,,,
,,,,,,,,,,,,,,email: gvraccounts@gvrfoodpark.com,,,,,,,,,,,,,,,,,,Chintadripet,14/02/2026,VACUUM PACKED RAW IQF CUT AND,,,,,,,,,,,,
,,,,,,,,,,,,,,,,,,,,,,,,,,,,,,,,"Chennai-600 002, Tamil Nadu",,"STRETCHED S,VANNAMEI WHITE",,,,,,,,,,,,
,,,,,,,,,,,,,,,,,,,,,,,,,,,,,,,,,,"SHRIMP RING,VANNAMEI WHITE",,,,,,,,,,,,
,,,,,,,,,,,,,,,,,,,,,,,,,,,,,,,,,,SHRIMP RAW PEELED CUT,,,,,,,,,,,,
,,,,,,,,,,,,,,,,,,,,,,,,,,,,,,,,,,"DEVEINED,COOKED PEELED &",,,,,,,,,,,,
,,,,,,,,,,,,,,,,,,,,,,,,,,,,,,,,,,"DEVEINED SHRIMP,COCK TAIL SAUCE",,,,,,,,,,,,
,,,,,,,,,,,,,,,,,,,,,,,,,,,,,,,,,,FOR VALUE ADDED,,,,,,,,,,,,
,,,,,,,,,,,,,,,,,,,,,,,,,,,,,,,,,,"PRODUCTS,VANNAMEI WHITE",,,,,,,,,,,,
,,,,,,,,,,,,,,,,,,,,,,,,,,,,,,,,,,"COOKED PD MEDIUM SHRIMP,FROZEN",,,,,,,,,,,,
,,,,,,,,,,,,,,,,,,,,,,,,,,,,,,,,,,"TIGER SHRIMP PD,FROZEN HLSO",,,,,,,,,,,,
,,,,,,,,,,,,,,,,,,,,,,,,,,,,,,,,,,"WHITE SHRIMPS,VANNAMEI SHRIMP",,,,,,,,,,,,
,,,,,,,,,,,,,,,,,,,,,,,,,,,,,,,,,,"PND TAIL OFF,FROZEN VACUUM",,,,,,,,,,,,
,,,,,,,,,,,,,,,,,,,,,,,,,,,,,,,,,,PACKED PULLED VEIN PEELED AND,,,,,,,,,,,,
,,,,,,,,,,,,,,,,,,,,,,,,,,,,,,,,,,"DEVEIN,FROZEN RAW IQF PD",,,,,,,,,,,,
,,,,,,,,,,,,,,,,,,,,,,,,,,,,,,,,,,"VANNAME SHRIMP,VANNAMEI WHITE",,,,,,,,,,,,
,,,,,,,,,,,,,,,,,,,,,,,,,,,,,,,,,,"COOKED PDTO SHRIMP,BLACK TIGER",,,,,,,,,,,,
,,,,,,,,,,,,,,,,,,,,,,,,,,,,,,,,,,"RHSO SHRIMP,FROZEN BFLY GARLIC",,,,,,,,,,,,
,,,,,,,,,,,,,,,,,,,,,,,,,,,,,,,,,,"HERB SHRIMP,FROZEN BLANCHED PD",,,,,,,,,,,,
,,,,,,,,,,,,,,,,,,,,,,,,,,,,,,,,,,"VANNAMEI SHRIMPS,FROZEN",,,,,,,,,,,,
,,,,,,,,,,,,,,,,,,,,,,,,,,,,,,,,,,VANNAMEI PUD BLANCHED SHRIMPS),,,,,,,,,,,,
,,,,,,,,,,,,,,,,,,,,,,,,,,,,,,,,,,Frozen:Shrimp Aquaculture(RAW FROZEN,,,,,,,,,,,,
,,,,,,,,,,,,,,,,,,,,,,,,,,,,,,,,,,"HOSO VANNAMEI SHRIMP-IQF,RAW",,,,,,,,,,,,
,,,,,,,,,,,,,,,,,,,,,,,,,,,,,,,,,,FROZEN HLSO VANNAMEI SHRIMP-,,,,,,,,,,,,
,,,,,,,,,,,,,,,,,,,,,,,,,,,,,,,,,,"IQF,RAW FROZEN PD TAIL ON",,,,,,,,,,,,
,,,,,,,,,,,,,,,,,,,,,,,,,,,,,,,,,,"VANNAMEI SHRIMP-IQF,RAW FROZEN",,,,,,,,,,,,
,,,,,,,,,,,,,,,,,,,,,,,,,,,,,,,,,,PD TAIL OFF VANNAMEI SHRIMP -,,,,,,,,,,,,
,,,,,,,,,,,,,,,,,,,,,,,,,,,,,,,,,,"IQF,RAW FROZEN PD BUTTERFLY TON",,,,,,,,,,,,
,,,,,,,,,,,,,,,,,,,,,,,,,,,,,,,,,,"VANNAMEI SHRIMP-IQF,RAW FROZEN",,,,,,,,,,,,
,,,,,,,,,,,,,,,,,,,,,,,,,,,,,,,,,,HLSO EASY PEEL VANNAMEI SHRIMP -,,,,,,,,,,,,
,,,,,,,,,,,,,,,,,,,,,,,,,,,,,,,,,,"IQF,RAW FROZEN HLSO VANNAMEI",,,,,,,,,,,,
,,,,,,,,,,,,,,,,,,,,,,,,,,,,,,,,M/S. WELLCOME FISHERIES,,"SHRIMP-BLOCK,RAW FROZEN PD TAIL",,,,,,,,,,,,
,,,,,,,,,,,,,,,,,,,,,,,,,,,,,,,,LIMITED,,,,,,,,,,,,,,
,,,,,,,,,,,,,,,,,,,,,,,,,,,,,,,,,TN1/MT/025/04,"OFF VANNAMEI SHRIMP - BLOCK,RAW",,,,,,,,,,,,
,,,,,,,,,,,,,,Ph: 28542482,,,,,,,,,,,,,,,,,,"G-5. AMAR SINDHUR,",,,,,,,,,,,,,,
,,,,,,81.0,,,,,,,,,Frozen,,,,,,,,,,,,,,,,,,23/12/2004,FROZEN PD TAIL ON VANNAMEI,,,,,,,,,,,,
,,,,,,,,,,,,,,email: wellcome@wellcomevinner.com,,,,,,,,,,,,,,,,,,"No. 43, PANTHEON ROAD,",,,,,,,,,,,,,,
,,,,,,,,,,,,,,,,,,,,,,,,,,,,,,,,,16/12/2025,"SHRIMP- BLOCK,RAW FROZEN HLSO",,,,,,,,,,,,
,,,,,,,,,,,,,,Web: www.wellcomevinner.com,,,,,,,,,,,,,,,,,,EGMORE,,EASYPEEL VANNAMEI SHRIMP-,,,,,,,,,,,,
,,,,,,,,,,,,,,,,,,,,,,,,,,,,,,,,"CHENNAI/600008, Tamil Nadu",,"BLOCK,FROZEN COOKED PDTAIL ON",,,,,,,,,,,,
,,,,,,,,,,,,,,,,,,,,,,,,,,,,,,,,,,"VANNAMEI SHRIMP- IQF,FROZEN",,,,,,,,,,,,
,,,,,,,,,,,,,,,,,,,,,,,,,,,,,,,,,,,"SHRIMP - IQF,FROZEN COOKED HLSO",,,,,,,,,,,
,,,,,,,,,,,,,,,,,,,,,,,,,,,,,,,,,,,"VANNAMEI SHRIMP- IQF,FROZEN",,,,,,,,,,,
,,,,,,,,,,,,,,,,,,,,,,,,,,,,,,,,,,,COOKED HLSO EASY PEEL VANNAMEI,,,,,,,,,,,
,,,,,,,,,,,,,,,,,,,,,,,,,,,,,,,,,,,"SHRIMP - IQF,FROZEN RAW PUD",,,,,,,,,,,
,,,,,,,,,,,,,,,,,,,,,,,,,,,,,,,,,,,"VANNAMEI SHRIMPS-IQF,FROZEN RAW",,,,,,,,,,,
,,,,,,,,,,,,,,,,,,,,,,,,,,,,,,,,,,,PDTOFF ROUND CUT VANNAMEI,,,,,,,,,,,
,,,,,,,,,,,,,,,,,,,,,,,,,,,,,,,,,,,SHRIMPS-BLOCK),,,,,,,,,,,
,,,,,,,,,,,,,,,,,,,,,,,,,,,,,,,,,,,Chilled:Fish Wild(SEER,,,,,,,,,,,
,,,,,,,,,,,,,,,,,,,,,,,,,,,,,,,,,,,"FSIH,MACKEREL,CLAMS",,,,,,,,,,,
,,,,,,,,,,,,,,,,,,,,,,,,,,,,,,,,,,,"MEAT,CUTTLE",,,,,,,,,,,
,,,,,,,,,,,,,,,,,,,,,,,,,,,,,,,,,,,"FISH,SARDINE,POMFRET",,,,,,,,,,,
,,,,,,,,,,,,,,,,,,,,,,,,,,,,,,,,,,,"FISH,LOBSTER",,,,,,,,,,,
,,,,,,,,,,,,,,,,,,,,,,,,,,,,,,,,,,,"FISH,PEARLSPOT,SILVER BELLY,LADY",,,,,,,,,,,
,,,,,,,,,,,,,,,,,,,,,,,,,,,,,,,,,,,"FISH,ROOPCHANDA,EMPEROR,PARROT",,,,,,,,,,,
,,,,,,,,,,,,,,M/S.AQUA WORLD EXPORTS (P),,,,,,,,,,,,,,,,,,,,,,,,,,,,,,,,
,,,,,,,,,,,,,,,,TN1/MT/217/09,,,,,,,,,,,,,,,,,,,"FISH,SILVER CROAKER,SOLE",,,,,,,,,,,
,,,,,,,,,,,,,,"LTD.,",,,,,,,,,,,,,,,,,,,,,,,,,,,,,,,,
,,,,,,82.0,,,,,,,,,Ph: 26245506,10/06/2009,,,,,,,,,,,,,Chilled,,,,,,"FISH,GREEN",,,,,,,,,,,
,,,,,,,,,,,,,,"186187, P.H.Road,.",,,,,,,,,,,,,,,,,,,,,,,,,,,,,,,,
,,,,,,,,,,,,,,,email: Aquaworld@ssify.com,01/05/2024,,,,,,,,,,,,,,,,,,,"MUSSELS,OYSTER,REEFCOD,RED",,,,,,,,,,,
,,,,,,,,,,,,,,"Chennai-600 010., Tamil Nadu",,,,,,,,,,,,,,,,,,,,,,,,,,,,,,,,
,,,,,,,,,,,,,,,,,,,,,,,,,,,,,,,,,,,"REEFCOD,SAND LOBSTER,RED",,,,,,,,,,,
,,,,,,,,,,,,,,,,,,,,,,,,,,,,,,,,,,,"SNAPPER,OCTOPUS,RED",,,,,,,,,,,
,,,,,,,,,,,,,,,,,,,,,,,,,,,,,,,,,,,"MULLET,GRAY CLAMS,BOMBAY",,,,,,,,,,,
,,,,,,,,,,,,,,,,,,,,,,,,,,,,,,,,,,,"DUCK,TILAPIA,GROUPER",,,,,,,,,,,
,,,,,,,,,,,,,,,,,,,,,,,,,,,,,,,,,,,"FISH,CRAB,SQUID)",,,,,,,,,,,
,,,,,,,,,,,,,,,,,,,,,,,,,,,,,,,,,,,"Chilled:Fish Aquaculture(PRAWNS,ROHU",,,,,,,,,,,
,,,,,,,,,,,,,,,,,,,,,,,,,,,,,,,,,,,"FSIH,ANCHOVY FISH)",,,,,,,,,,,
,,,,,,,,,,,,,,M/S.ARJUNA NATURAL PRIVATE,,,,,,,,,,,,,,,,,,,,,,,,,,,,,,,,
,,,,,,,,,,,,,,LIMITED,,,,,,,,,,,,,,,,,,,,,,,,,,,,,,,,
,,,,,,,,,,,,,,"15/4B,SIRAMBARAYAMPALAYAM",,,,,,,,,,,,,,,,,,,,,,,,,,,,,,,,
,,,,,,,,,,,,,,"ROAD,",,TN1/MT/423/15,,,,,,,,,,,,,,,,,,,,,,,,,,,,,,
,,,,,,,,,,,,,,,Ph: 09843745317,,,,,,,,,,,,,,,,,,,,"Others-Edible:Fish Oil(Edible)(FISH OIL ,",,,,,,,,,,,
,,,,,,83.0,,,,,,,,SENNAPPACHETTY PUDUR,,23/09/2015,,,,,,,,,,,,,Others-Edible,,,,,,,,,,,,,,,,,
,,,,,,,,,,,,,,,email: cbe@arjunanatural.com,,,,,,,,,,,,,,,,,,,,FISH POWDER),,,,,,,,,,,
,,,,,,,,,,,,,,"POST,",,22/09/2024,,,,,,,,,,,,,,,,,,,,,,,,,,,,,,
,,,,,,,,,,,,,,,Web: www.arjunanatural.com,,,,,,,,,,,,,,,,,,,,,,,,,,,,,,,
,,,,,,,,,,,,,,KARUMATHAMPATTY,,,,,,,,,,,,,,,,,,,,,,,,,,,,,,,,
,,,,,,,,,,,,,,"(VIA),COIMBATORE-641",,,,,,,,,,,,,,,,,,,,,,,,,,,,,,,,
,,,,,,,,,,,,,,"659/641659, Tamil Nadu",,,,,,,,,,,,,,,,,,,,,,,,,,,,,,,,
,,,,,,,,,,,,,,M/S.ASVINI FISHERIES PRIVATE,,,,,,,,,,,,,,,,,,,,,,,,,,,,,,,,
,,,,,,,,,,,,,,,,,,,,,,,,,,,,,,,,,,,Frozen:Shrimp Aquaculture(RAW &,,,,,,,,,,,
,,,,,,,,,,,,,,LIMITED,,TN1/MT/027/04,,,,,,,,,,,,,,,,,,,,,,,,,,,,,,
,,,,,,,,,,,,,,,,,,,,,,,,,,,,,,,,,,,COOKED -,,,,,,,,,,,
,,,,,,84.0,,,,,,,,"No.3, First Canal Cross Road",Ph: 24423317,29/12/2004,,,,,,,,,,,,,Frozen,,,,,,,,,,,,,,,,,
,,,,,,,,,,,,,,,,,,,,,,,,,,,,,,,,,,,"HL,EZYPEEL,PD,PDTO,BLANCHED,",,,,,,,,,,,
,,,,,,,,,,,,,,"Gandhi Nagar, Adyar",email: asvini@asvini.co.in,25/12/2025,,,,,,,,,,,,,,,,,,,,,,,,,,,,,,
,,,,,,,,,,,,,,,,,,,,,,,,,,,,,,,,,,,"CURL,,BUTTERFLY,PVPD,-IQF)",,,,,,,,,,,
,,,,,,,,,,,,,,"Chennai/600020, Tamil Nadu",,,,,,,,,,,,,,,,,,,,,,,,,,,,,,,,
,,,,,,,,,,,,,,M/S.C P AQUACULTURE (I) PVT,,,,,,,,,,,,,,,,,,,,,,,,,,,,,,,,
,,,,,,,,,,,,,,LTD,,,,,,,,,,,,,,,,,,,,,,,,,,,,,,,,
,,,,,,,,,,,,,,,,TN1/MT/135/05,,,,,,,,,,,,,,,,,,,,,,,,,,,,,,
,,,,,,,,,,,,,,"104, GNT Road,Nallur &",,,,,,,,,,,,,,,,,,,,,,,,,,,,,,,,
,,,,,,85.0,,,,,,,,,Ph: 26419546,19/09/2005,,,,,,,,,,,,,Dried,,,,,,Dried:Prawn Feed (Non- Edible)(prawn feed),,,,,,,,,,,
,,,,,,,,,,,,,,"Vijayanallur Village,",,,,,,,,,,,,,,,,,,,,,,,,,,,,,,,,
,,,,,,,,,,,,,,,email: cpaqua@vsnl.net,16/09/2023,,,,,,,,,,,,,,,,,,,,,,,,,,,,,,
,,,,,,,,,,,,,,"Sholavaram Post,Red Hills, Chenai-",,,,,,,,,,,,,,,,,,,,,,,,,,,,,,,,
,,,,,,,,,,,,,,"67., Tamil Nadu",,,,,,,,,,,,,,,,,,,,,,,,,,,,,,,,
,,,,,,,,,,,,,,M/S.COASTLINE FISHERIES,,TN1/MT/131/05,,,,,,,,,,,,,,,,,,,,,,,,,,,,,,
,,,,,,86.0,,,,,,,,"9, 3rd lane, G A Road,",Ph: 25955354,02/08/2005,,,,,,,,,,,,,Chilled,,,,,,,,,,,,,,,,,
,,,,,,,,,,,,,,"Chennai-21., Tamil Nadu",email: brittoseafoodexports@gmail.com,31/07/2023,,,,,,,,,,,,,,,,,,,,,,,,,,,,,,
,,,,,,,,,,,,,,M/S.CRESENT SEA FOOD,,,,,,,,,,,,,,,,,,,,,,,,,,,,,,,,
,,,,,,,,,,,,,,,,TN1/MT/038/05,,,,,,,,,,,,,,,,,,,,,,,,,,,,,,
,,,,,,,,,,,,,,"24/1/1, Singanna Street,",,,,,,,,,,,,,,,Live other than,,,,,,Live other than ornamental fish:Crab(live,,,,,,,,,,,
,,,,,,87.0,,,,,,,,,Ph: 04442149710,18/01/2005,,,,,,,,,,,,,,,,,,,,,,,,,,,,,,
,,,,,,,,,,,,,,"Chintradripet,",,,,,,,,,,,,,,,ornamental fish,,,,,,"mud crab , live baigai, live blood clam)",,,,,,,,,,,
,,,,,,,,,,,,,,,email: cresentseafood@gmail.com,15/01/2026,,,,,,,,,,,,,,,,,,,,,,,,,,,,,,
,,,,,,,,,,,,,,"Chennai-600002, Tamil Nadu",,,,,,,,,,,,,,,,,,,,,,,,,,,,,,,,
,,,,,,,,,,,,,,M/S.GOLD MARINE EXPORTS,,,,,,,,,,,,,,,,,,,,,,,,,,,,,,,,
,,,,,,,,,,,,,,,,,,,,,,,,,,,,,,,,,,,"Chilled:Fish Wild(chilled rock lobster,chilled",,,,,,,,,,,
,,,,,,,,,,,,,,"PVT LTD.,",,TN1/MT/066/05,,,,,,,,,,,,,,,,,,,,,,,,,,,,,,
,,,,,,,,,,,,,,,,,,,,,,,,,,,,,,,,,,,"prawns,chilled grey clam,chilled skip jack",,,,,,,,,,,
,,,,,,88.0,,,,,,,,"New No.16, Dharmaraja Koil Street,",,10/02/2005,,,,,,,,,,,,,Chilled,,,,,,,,,,,,,,,,,
,,,,,,,,,,,,,,,email: info@goldmarine.in,,,,,,,,,,,,,,,,,,,,"tuna fish,chilled snails,chilled grey",,,,,,,,,,,
,,,,,,,,,,,,,,"Chintadripet,",,07/02/2026,,,,,,,,,,,,,,,,,,,,,,,,,,,,,,
,,,,,,,,,,,,,,,,,,,,,,,,,,,,,,,,,,,"mullet,chilled mahi mahi)",,,,,,,,,,,
,,,,,,,,,,,,,,"Chennai-600 002, Tamil Nadu",,,,,,,,,,,,,,,,,,,,,,,,,,,,,,,,
,,,,,,,,,,,,,,,,,,,,,,,,,,,,,,,,,,,Frozen:Fish Wild(INDIAN MACKEREL,,,,,,,,,,,
,,,,,,,,,,,,,,,,,,,,,,,,,,,,,,,,,,,"WHOLE ROUND (IF & IQF),RIBBON",,,,,,,,,,,
,,,,,,,,,,,,,,,,,,,,,,,,,,,,,,,,,,,"FISH WHOLE ROUND (IQF, IF &",,,,,,,,,,,
,,,,,,,,,,,,,,,,,,,,,,,,,,,,,,,,,,,"Block),While Pomfret (IF & IQF),Black",,,,,,,,,,,
,,,,,,,,,,,,,,,,,,,,,,,,,,,,,,,,,,,"Promfret (IF & IQF),Anchovy (Block, IF &",,,,,,,,,,,
,,,,,,,,,,,,,,,,,,,,,,,,,,,,,,,,,,,IQF)),,,,,,,,,,,
,,,,,,,,,,,,,,,,,,,,,,,,,,,,,,,,,,,Frozen:Shrimp Wild(Head-on Sea White,,,,,,,,,,,
,,,,,,,,,,,,,,,,,,,,,,,,,,,,,,,,,,,"Shrimps (Block & IQF),Head-on Flower",,,,,,,,,,,
,,,,,,,,,,,,,,,,,,,,,,,,,,,,,,,,,,,"Shrimps (Block & IQF),Head-on Sea Tiger",,,,,,,,,,,
,,,,,,,,,,,,,,,,,,,,,,,,,,,,,,,,,,,"Shrimps (Block & IQF),Head-Less Sea",,,,,,,,,,,
,,,,,,,,,,,,,,,,,,,,,,,,,,,,,,,,,,,"White Shrimps (Block & IQF),Head-Less",,,,,,,,,,,
,,,,,,,,,,,,,,,,,,,,,,,,,,,,,,,,,,,"Sea Tiger Shrimps (Block & IQF),Head-Less",,,,,,,,,,,
,,,,,,,,,,,,,,,,,,,,,,,,,,,,,,,,,,,"Flower Shrimps (Block & IQF),Head-Less",,,,,,,,,,,
,,,,,,,,,,,,,,,,,,,,,,,,,,,,,,,,,,,"Pink & Brown Shrimps (Block & IQF),Head-",,,,,,,,,,,
,,,,,,,,,,,,,,,,,,,,,,,,,,,,,,,,,,,"Less Bamboo Shrimps (Block & IQF),Head-",,,,,,,,,,,
,,,,,,,,,,,,,,,,,,,,,,,,,,,,,,,,,,,"Less Poovalan Shrimps (Block & IQF),Head-",,,,,,,,,,,
,,,,,,,,,,,,,,,,,,,,,,,,,,,,,,,,,,,"Less Deep Sea Shrimps (Block),Head-Less",,,,,,,,,,,
,,,,,,,,,,,,,,,,,,,,,,,,,,,,,,,,,,,"Red Ring Shrimps (Block),PUD White",,,,,,,,,,,
,,,,,,,,,,,,,,,,,,,,,,,,,,,,,,,,,,,"Shirimps (Block & IQF),PUD Flower",,,,,,,,,,,
,,,,,,,,,,,,,,,,,,,,,,,,,,,,,,,,,,,"Shirimps (Block & IQF),PUD Pink Shirimps",,,,,,,,,,,
,,,,,,,,,,,,,,,,,,,,,,,,,,,,,,,,,,,"(Block & IQF),PUD Brown Shirimps (Block",,,,,,,,,,,
,,,,,,,,,,,,,,,,,,,,,,,,,,,,,,,,,,,"& IQF),PUD Sea Tiger Shirimps (Block &",,,,,,,,,,,
,,,,,,,,,,,,,,,,,,,,,,,,,,,,,,,,,,,"IQF),PUD Poovalan Shrimps (Block &",,,,,,,,,,,
,,,,,,,,,,,,,,,,,,,,,,,,,,,,,,,,,,,"IQF),PUD Karikkadi Shrimps (Block &",,,,,,,,,,,
,,,,,,,,,,,,,,,,,,,,,,,,,,,,,,,,,,,"IQF),PUD Red Ring Shrimps (Block),PUD",,,,,,,,,,,
,,,,,,,,,,,,,,,,,,,,,,,,,,,,,,,,,,,"Deep Sea Shrimps (Block),PD White",,,,,,,,,,,
,,,,,,,,,,,,,,,,,,,,,,,,,,,,,,,,,,,,"(Block & IQF),PD Sea Tiger Shrimps (Block",,,,,,,,,,
,,,,,,,,,,,,,,,,,,,,,,,,,,,,,,,,,,,,"& IQF),PD Pink Shrimps (Block & IQF),PD",,,,,,,,,,
,,,,,,,,,,,,,,,,,,,,,,,,,,,,,,,,,,,,"Brown Shrimps (Block & IQF),PD Shrimps",,,,,,,,,,
,,,,,,,,,,,,,,,,,,,,,,,,,,,,,,,,,,,,"(General) Block,PUD Shrimps (General)",,,,,,,,,,
,,,,,,,,,,,,,,,,,,,,,,,,,,,,,,,,,,,,"Block,PD Shrimps Broken (General)",,,,,,,,,,
,,,,,,,,,,,,,,M/S.K V MARINE EXPORTS,,,,,,,,,,,,,,,,,,,,,,"Block,PUD Shrimps Broken (General)",,,,,,,,,,
,,,,,,,,,,,,,,,,TN1/MT/013/04,,,,,,,,,,,,,,,,,,,,,,,,,,,,,,
,,,,,,,,,,,,,,"61, Venkatesa Street,",,,,,,,,,,,,,,,Frozen,,,,,,,Block),,,,,,,,,,
,,,,,,89.0,,,,,,,,,Ph: 9444497342,15/12/2004,,,,,,,,,,,,,,,,,,,,,,,,,,,,,,
,,,,,,,,,,,,,,"Chintadripet,",,,,,,,,,,,,,,,Chilled,,,,,,,Frozen:Shrimp Aquaculture(Head-on,,,,,,,,,,
,,,,,,,,,,,,,,,email: kvmarine@hotmail.com,09/12/2025,,,,,,,,,,,,,,,,,,,,,,,,,,,,,,
,,,,,,,,,,,,,,"chennai-2., Tamil Nadu",,,,,,,,,,,,,,,,,,,,,,"Vannamei Shrimps (iQF & Block),Head-on",,,,,,,,,,
,,,,,,,,,,,,,,,,,,,,,,,,,,,,,,,,,,,,"Black Tiger Shrimps (IQF & Block),Head-",,,,,,,,,,
,,,,,,,,,,,,,,,,,,,,,,,,,,,,,,,,,,,,Less Vannamei Shrimps (IQF &,,,,,,,,,,
,,,,,,,,,,,,,,,,,,,,,,,,,,,,,,,,,,,,"Block),Head-Less Black Tiger Shrimps (IQF",,,,,,,,,,
,,,,,,,,,,,,,,,,,,,,,,,,,,,,,,,,,,,,"& Block),PUD Vannamei Shrimps",,,,,,,,,,
,,,,,,,,,,,,,,,,,,,,,,,,,,,,,,,,,,,,"(Block),PUD Black Tiger Shrimps",,,,,,,,,,
,,,,,,,,,,,,,,,,,,,,,,,,,,,,,,,,,,,,"(Block),PD Vannamei Shrimps (IQF &",,,,,,,,,,
,,,,,,,,,,,,,,,,,,,,,,,,,,,,,,,,,,,,"Block),PD Black Tiger Shrimps (IQF &",,,,,,,,,,
,,,,,,,,,,,,,,,,,,,,,,,,,,,,,,,,,,,,Block)),,,,,,,,,,
,,,,,,,,,,,,,,,,,,,,,,,,,,,,,,,,,,,,Frozen:Cuttlefish(Cuttlefish Whole Cleaned,,,,,,,,,,
,,,,,,,,,,,,,,,,,,,,,,,,,,,,,,,,,,,,"(IQF & Block),Cuttlefish Whole Round (IQF",,,,,,,,,,
,,,,,,,,,,,,,,,,,,,,,,,,,,,,,,,,,,,,"& Block),Babu Cuttlefish (IQF & Block))",,,,,,,,,,
,,,,,,,,,,,,,,,,,,,,,,,,,,,,,,,,,,,,Frozen:Squid(Squid Whole Cleaned (iQF &,,,,,,,,,,
,,,,,,,,,,,,,,,,,,,,,,,,,,,,,,,,,,,,"Block),Squid Whole Round (IQF &",,,,,,,,,,
,,,,,,,,,,,,,,,,,,,,,,,,,,,,,,,,,,,,"Block),Squid Tube (IQF & Block),Squid",,,,,,,,,,
,,,,,,,,,,,,,,,,,,,,,,,,,,,,,,,,,,,,"Fillet (IQF & Block),Squid Tentacles (IQF &",,,,,,,,,,
,,,,,,,,,,,,,,,,,,,,,,,,,,,,,,,,,,,,"Block),Thondi Squid Whole Round (Block &",,,,,,,,,,
,,,,,,,,,,,,,,,,,,,,,,,,,,,,,,,,,,,,"IQF),Thondi Squid Whole Cleaned (Block &",,,,,,,,,,
,,,,,,,,,,,,,,,,,,,,,,,,,,,,,,,,,,,,"IQF),Needle Squid,Semi Needle Squid)",,,,,,,,,,
,,,,,,,,,,,,,,,,,,,,,,,,,,,,,,,,,,,,Frozen:Octopus(Octopus Whole Round,,,,,,,,,,
,,,,,,,,,,,,,,,,,,,,,,,,,,,,,,,,,,,,(Block & IQF)),,,,,,,,,,
,,,,,,,,,,,,,,,,,,,,,,,,,,,,,,,,,,,,"Frozen:Lobster(Sand Lobster Whole (IQF, IF",,,,,,,,,,
,,,,,,,,,,,,,,,,,,,,,,,,,,,,,,,,,,,,"& Block),Rock Lobster Whole (IQF, IF &",,,,,,,,,,
,,,,,,,,,,,,,,,,,,,,,,,,,,,,,,,,,,,,Block)),,,,,,,,,,
,,,,,,,,,,,,,,,,,,,,,,,,,,,,,,,,,,,,Chilled:Shrimp Wild(Head-on Sea White,,,,,,,,,,
,,,,,,,,,,,,,,,,,,,,,,,,,,,,,,,,,,,,"Shrimps,Head-on Sea Tiger Shrimps,Head-on",,,,,,,,,,
,,,,,,,,,,,,,,,,,,,,,,,,,,,,,,,,,,,,"Sea Flower Shrimps,Headless Shellon Sea",,,,,,,,,,
,,,,,,,,,,,,,,,,,,,,,,,,,,,,,,,,,,,,"White Shrimps,Headless Shellon Sea Tiger",,,,,,,,,,
,,,,,,,,,,,,,,,,,,,,,,,,,,,,,,,,,,,,"Shrimps,Headless Shellon Flower Shrimps)",,,,,,,,,,
,,,,,,,,,,,,,,,,,,,,,,,,,,,,,,,,,,,,Chilled:Shrimp Aquaculture(Head-on,,,,,,,,,,
,,,,,,,,,,,,,,,,,,,,,,,,,,,,,,,,,,,,"Vannamei Shrimps,Head-on Black Tiger",,,,,,,,,,
,,,,,,,,,,,,,,,,,,,,,,,,,,,,,,,,,,,,"Shrimps,Headless Shell-on Vannamei",,,,,,,,,,
,,,,,,,,,,,,,,,,,,,,,,,,,,,,,,,,,,,,"Shrimps,Headless Shell-on Black Tiger",,,,,,,,,,
,,,,,,,,,,,,,,,,,,,,,,,,,,,,,,,,,,,,Shrimps),,,,,,,,,,
,,,,,,,,,,,,,,,,,,,,,,,,,,,,,,,,,,,,Live other than ornamental fish:Fish,,,,,,,,,,
,,,,,,,,,,,,,,,,,,,,,,,,,,,,,,,,,,,,Aquaculture(Live Fresh Water Eel Fish,,,,,,,,,,
,,,,,,,,,,,,,,,,,,,,,,,,,,,,,,,,,,,,(Anguilla)),,,,,,,,,,
,,,,,,,,,,,,,,,,,,,,,,,,,,,,,,,,,,,,Live other than ornamental,,,,,,,,,,
,,,,,,,,,,,,,,,,,,,,,,,,,,,,,,,,,,,,fish:Bivalves(Live Green Mussel (Perna,,,,,,,,,,
,,,,,,,,,,,,,,,,,,,,,,,,,,,,,,,,,,,,"viridis),Live Indian Whelk (Babylonia",,,,,,,,,,
,,,,,,,,,,,,,,M/S.KANNAN MARINE FOODS,,,,,,,,,,,,,,,,,,,,,,,,,,,,,,,,
,,,,,,,,,,,,,,,,TN1/MT/190/08,,,,,,,,,,,,,,,,,,,,"canaliculate),Live Indian Oyster (Crassostrea",,,,,,,,,,
,,,,,,,,,,,,,,"103/2B, V R Pillai Street,",,,,,,,,,,,,,,,Live other than,,,,,,,,,,,,,,,,,
,,,,,,90.0,,,,,,,,,Ph: 04428454169,01/02/2008,,,,,,,,,,,,,,,,,,,,"madrasensis),Live Baigai (Baby",,,,,,,,,,
,,,,,,,,,,,,,,"ICE House, Triplicane,",,,,,,,,,,,,,,,ornamental fish,,,,,,,,,,,,,,,,,
,,,,,,,,,,,,,,,email: kaskan03marine@gmail.com,29/01/2026,,,,,,,,,,,,,,,,,,,,"zeylanica),Live Horn Shell(",,,,,,,,,,
,,,,,,,,,,,,,,"Chennai-600 005, Tamil Nadu",,,,,,,,,,,,,,,,,,,,,,,,,,,,,,,,
,,,,,,,,,,,,,,,,,,,,,,,,,,,,,,,,,,,,"Potamididae),Live Volute ( Melo melo))",,,,,,,,,,
,,,,,,,,,,,,,,,,,,,,,,,,,,,,,,,,,,,,Live other than ornamental fish:Lobster(Rock,,,,,,,,,,
,,,,,,,,,,,,,,,,,,,,,,,,,,,,,,,,,,,,"Lobster (Panulirus ornatus),Sand Lobster",,,,,,,,,,
,,,,,,,,,,,,,,,,,,,,,,,,,,,,,,,,,,,,(Thenus orientalis)),,,,,,,,,,
,,,,,,,,,,,,,,,,,,,,,,,,,,,,,,,,,,,,Live other than ornamental fish:Crab(Live,,,,,,,,,,
,,,,,,,,,,,,,,,,,,,,,,,,,,,,,,,,,,,,Mud Crab (scylla serrata)),,,,,,,,,,
,,,,,,,,,,,,,,M/S.KAUSHALYA AQUA MARINE,,,,,,,,,,,,,,,,,,,,,,,,,,,,,,,,
,,,,,,,,,,,,,,EXPORTS,,,,,,,,,,,,,,,,,,,,,,,,,,,,,,,,
,,,,,,,,,,,,,,OLD NO 72 NEW NO 140,,TN1/MT/120/06,,,,,,,,,,,,,,,,,,,,,,,,,,,,,,
,,,,,,,,,,,,,,,Ph: 04442661002,,,,,,,,,,,,,,,,,,,,,,,,,,,,,,,
,,,,,,91.0,,,,,,,,SWAMI(N) STREET,,10/06/2005,,,,,,,,,,,,,Frozen,,,,,,,,,,,,,,,,,
,,,,,,,,,,,,,,,email: Kaushalya45@yahoo.co.in,,,,,,,,,,,,,,,,,,,,,,,,,,,,,,,
,,,,,,,,,,,,,,"Chintadripet,",,08/06/2023,,,,,,,,,,,,,,,,,,,,,,,,,,,,,,
,,,,,,,,,,,,,,,Web: NIL,,,,,,,,,,,,,,,,,,,,,,,,,,,,,,,
,,,,,,,,,,,,,,"Chennai-600 002./600002, Tamil",,,,,,,,,,,,,,,,,,,,,,,,,,,,,,,,
,,,,,,,,,,,,,,Nadu,,,,,,,,,,,,,,,,,,,,,,,,,,,,,,,,
,,,,,,,,,,,,,,M/S.OM SHAKTHI SEAFOODS,,,,,,,,,,,,,,,,,,,,,,,,,,,,,,,,
,,,,,,,,,,,,,,,,TN1/MT/194/08,,,,,,,,,,,,,,,,,,,,,,,,,,,,,,
,,,,,,,,,,,,,,"78, Mettu Street,",,,,,,,,,,,,,,,Frozen,,,,,,,,,,,,,,,,,
,,,,,,92.0,,,,,,,,,,11/06/2008,,,,,,,,,,,,,,,,,,,,,,,,,,,,,,
,,,,,,,,,,,,,,"Ayanavaram,",,,,,,,,,,,,,,,Chilled,,,,,,,,,,,,,,,,,
,,,,,,,,,,,,,,,,10/06/2011,,,,,,,,,,,,,,,,,,,,,,,,,,,,,,
,,,,,,,,,,,,,,"Chennai-600 023., Tamil Nadu",,,,,,,,,,,,,,,,,,,,,,,,,,,,,,,,
,,,,,,,,,,,,,,M/S.OMVISHKAR EXPORTS,,,,,,,,,,,,,,,,,,,,,,,,,,,,,,,,
,,,,,,,,,,,,,,,,TN1/MT/424/15,,,,,,,,,,,,,,,,,,,,,,,,,,,,,,
,,,,,,,,,,,,,,"NEW NO.52, OLD NO.297,",,,,,,,,,,,,,,,,,,,,,,,,,,,,,,,,
,,,,,,93.0,,,,,,,,,Ph: 9841041942,06/10/2015,,,,,,,,,,,,,Dried,,,,,,,,,,,,,,,,,
,,,,,,,,,,,,,,"LINGHI CHETTY STREET,",,,,,,,,,,,,,,,,,,,,,,,,,,,,,,,,
,,,,,,,,,,,,,,,email: omvishkarexports@gmail.com,05/10/2024,,,,,,,,,,,,,,,,,,,,,,,,,,,,,,
,,,,,,,,,,,,,,"CHENNAI-600 001., Tamil Nadu",,,,,,,,,,,,,,,,,,,,,,,,,,,,,,,,
,,,,,,,,,,,,,,"M/S.SCANET TRADING PVT LTD.,",,,,,,,,,,,,,,,,,,,,,,,,,,,,,,,,
,,,,,,,,,,,,,,,,TN1/MT/201/08,,,,,,,,,,,,,,,,,,,,,,,,,,,,,,
,,,,,,,,,,,,,,"4, Jayalakshmipuram Ist Street,",,,,,,,,,,,,,,,Live other than,,,,,,,Live other than ornamental fish:Lobster(Live,,,,,,,,,,
,,,,,,94.0,,,,,,,,,Ph: 04442113810,19/09/2008,,,,,,,,,,,,,,,,,,,,,,,,,,,,,,
,,,,,,,,,,,,,,"Nungambakkam,",,,,,,,,,,,,,,,ornamental fish,,,,,,,Lobsters),,,,,,,,,,
,,,,,,,,,,,,,,,email: scanet@skcl.co.in,18/09/2023,,,,,,,,,,,,,,,,,,,,,,,,,,,,,,
,,,,,,,,,,,,,,"Chennai-600 034., Tamil Nadu",,,,,,,,,,,,,,,,,,,,,,,,,,,,,,,,
,,,,,,,,,,,,,,M/S.SKANDA MARINES PVT LTD,,,,,,,,,,,,,,,,,,,,,,,,,,,,,,,,
,,,,,,,,,,,,,,,,TN1/MT/197/08,,,,,,,,,,,,,,,,,,,,,,,,,,,,,,
,,,,,,,,,,,,,,"47/1, Sivaswamy Salai,",,,,,,,,,,,,,,,Frozen,,,,,,,,,,,,,,,,,
,,,,,,95.0,,,,,,,,,Ph: 044-24987266,12/06/2008,,,,,,,,,,,,,,,,,,,,,,,,,,,,,,
,,,,,,,,,,,,,,"Ist Street, Mylapore,",,,,,,,,,,,,,,,Chilled,,,,,,,,,,,,,,,,,
,,,,,,,,,,,,,,,email: skandamarines@gmail.com,11/06/2011,,,,,,,,,,,,,,,,,,,,,,,,,,,,,,
,,,,,,,,,,,,,,"Chennai-600 004., Tamil Nadu",,,,,,,,,,,,,,,,,,,,,,,,,,,,,,,,
,,,,,,,,,,,,,,MARINE GOODS TRADERS,,,,,,,,,,,,,,,,,,,,,,,,,,,,,,,,
,,,,,,,,,,,,,,"NO.82,OLD NO.218,3RD FLOOR",,TN1/MT/412/15,,,,,,,,,,,,,,,,,,,,"Dried:Dried Fish(Dried : Fish Maws, Eel Fish",,,,,,,,,,
,,,,,,96.0,,,,,,,,"ANGAPPA NAICKEN STREET,",,27/05/2015,,,,,,,,,,,,,Dried,,,,,,,"Maws, Khajura Fish Maw)",,,,,,,,,,
,,,,,,,,,,,,,,,,,,,,,,,,,,,,,,,,,,,,,98.0,"MICHVIN EXPORTSNo 94 old No 9/AEZHAIMARIAMMAN KOILSTREETMUTHIALPET/605003, Puducherry","Ph: 04132235055email: michvin_13@yahoo.com","TN1/MT/489/1707/07/201706/07/2023",Dried,,,,,
,,,,,,,,,,,,,,,,,,,,,,,,,,,,,,,,,,,,,99.0,"MILLENNIUM EXPORTSNo-10/14, 1st Floor,Anaikar Complex, MV Badran Street,Periyamet, Chennai - 600 003., TamilNadu","Ph: 25610498email: atnus@yahoo.com","TN1/MT/295/1203/01/201202/01/2024",Others-Non Edible,"Dried:Dried Fish(Ocean Chew (DogChew),Ocean Delite (Dog Treat),FishCartilage (Supplement for Dogs),Ocean Oil(Supplement for Dogs))",,,,
,,,,,,,,,,,,,,,,,,,,,,,,,,,,,,,,,,,,,100.0,"MONSOON BOUNTY FOODSMANUFACTURING PRIVATELIMITEDPLOT NO 99 EPIP ZONESIPCOT INDUSTRIAL ESTATEGUMMIDIPOONDI/601201, TamilNadu","Ph: 04426284700email: monsoonbounty@gmail.comWeb: www.monsoonbounty.com","TN1/MT/580/2011/05/202010/05/2023","FrozenChilled",,,,,
,,,,,,,,,,,,,,,,,,,,,,,,,,,,,,,,,,,,,101.0,"MONSOON FISHERIES,70-1, DHANIKHARISIPPIGHAT POSTSOUTH ANDAMAN/744105,Andaman & Nicobar Islands","Ph: 9474262728email: pradeep578@gmail.com","TN1/MT/462/1626/08/201625/08/2025","FrozenChilled","Frozen:Fish Wild(Indian Mackerel,YellowFinTuna,Grouper,Yellowback Fusilier,SwordFish,Red Snapper)",,,,
,,,,,,,,,,,,,,,,,,,,,,,,,,,,,,,,,,,,,102.0,"NATURAL PRODUCTS EXPORTCORP LTDPADUR ROAD,KUTHAMBAKKAMIRULANPALAYAMPOONAMALLEE/600124, TamilNadu","Ph: 04426810091email:LOGISTICS@NATURALPRODUCTSINDIA.COM","TN1/MT/633/2215/09/202214/09/2025",Others-Non Edible,,,,,
,,,,,,,,,,,,,,,,,,,,,,,,,,,,,,,,,,,,,103.0,"OM SAIAQUASANTHAVELUR VILLAGEVARDAYAPALM MANDALAMCHITTOOR-DIST/524005, AndhraPradesh","Ph: 9542333395email: omsaiaqua@gmail.com","TN1/MT/504/1708/11/201707/11/2023",Others-Non Edible,,,,,
,,,,,,,,,,,,,,,,,,,,,,,,,,,,,,,,,,,,,104.0,"OMEGA SEA FOOD EXPORTSPLOT NO 17-20, VILLAGE NO-92,OM SIVA NAGER, KAMASEVVAPETTAI VILLAGE ,SEVVAPETTAI HIGH ROADTAMIL NADU,INDIA/602025, TamilNadu","Ph: 9444574732email: Omegaseafood7@yahoo.com","TN1/MT/577/2012/02/202011/02/2026",Chilled,,,,,
,,,,,,,,,,,,,,,,,,,,,,,,,,,,,,,,,,,,,105.0,"ORIENT FROZEN FOODS LLPSurvey No-51/1B2,N0-4Poovalai villagegummidipoondi taluk/601201, TamilNadu","Ph: 9884536422email: orientfrozenfoods@gmail.comWeb: orientfrozenfoods2gmail.com","TN1/MT/554/1922/02/201921/02/2025",Frozen,"Frozen:Shrimp Aquaculture(FROZEN RAWHEADLESS SHELLON VANNAMEISHRIMPS BLOCK,FROZEN RAWHEADON SHELLON VANNAMEISHRIMPS IQF,FROZEN RAW PEELED &DEVIENED VANNAMEI SHRIPMSIQF,FROZEN RAW PD VANNAMEISHRIPMS BLOCK,FROZEN RAW PUDVANNAMEI SHRIPMS BLOCK,FROZENRAW HEADLESS SHELLON VANNAMEISHRIMPS IQF)",,,,
,,,,,,,,,,,,,,,,,,,,,,,,,,,,,,,,,,,,,106.0,"SAAMAJA SEA FOODSNo-146, B, P.S.Sivasami Salai,Mylapore,Chennai-600 004, Tamil Nadu","Ph: 43536351email: saamajaseafoods@gmail.com","TN1/MT/272/1130/03/201129/03/2014",Frozen,,,,,
,,,,,,,,,,,,,,,,,,,,,,,,,,,,,,,,,,,,,107.0,"SAI BALAJI SEAFOODSNO.48 VENKATESAN STREETCHINTADRIPETCHENNAI/600002, Tamil Nadu","Ph: 9962977120email: saibalajiseafoods@gmail.cm","TN1/MT/568/1919/09/201918/09/2025","Live other thanornamental fish","Live other than ornamentalfish:Crab(Crab(Mud Crab),Blood Clam)",,,,
,,,,,,,,,,,,,,,,,,,,,,,,,,,,,,,,,,,,,108.0,"SAT MARINE EXPORTPLOT NO.106 & 107, CHINMAYANAGARTHAMARAIPAKKAMTHIRUVALLUR (DT)CHENNAI, TAMIL NADU/602024,Tamil Nadu","Ph: 9176581688email: admin.vinay@satmarineexport.com","TN1/MT/637/2216/11/202215/11/2025","Live other thanornamental fish",,,,,
,,,,,,,,,,,,,,,,,,,,,,,,,,,,,,,,,,,,,109.0,"SHENG LONG BIO-TECH (INDIA)PRIVATE LIMITEDPLOT NO.A-11/1, PART A, SIPCOTINDUSTRIAL PARK,THERVOYKANDIGAI,GUMMIDIPOONDI,/601202, Tamil Nadu","Ph: 9500028355email: NIROSHA@SHENGLONGINDIA.COMWeb: WWW.SHENGLONGINDIA.COM","TN1/MT/607/2129/10/202128/10/2024",Others-Non Edible,,,,,
,,,,,,,,,,,,,,,TN1/MT/592/21,,,,,,,,,,,,,,,,,,,,,,,,,,,,,,,
,,,,,,,,,,,,,,Ph: 9840218108,,,,,,,,,,,,,,,,,,,,,,,,,,,,,"Simon Estates, No.68",,,
,,,,,,110.0,,,,,,,,email: enquiry@simonseafoods.com,18/01/2021,Chilled,,,,,,,,,,,,,"Chilled:Squid(fish, prawn, octopus, squid,",,,,,,,,,,,,,,"Nallur Village, Mullikulathur Post",,,
,,,,,,,,,,,,,,,17/01/2024,,,,,,,,,,,,,,lobster),,,,,,,,,,,,,,,,,
,,,,,,,,,,,,,,Web: www.simonseafoods.com,,,,,,,,,,,,,,,,,,,,,,,,,,,,,"Thirukkalukuntram Taluk/603109,",,,
,,,,,,,,,,,,,,,,,,,,,,,,,,,,,,,,,,,,,,,,,,,Tamil Nadu,,,
,,,,,,,,,,,,,,,,,,,,,,,,,,,,,,,,,,,,,,,,,,,SOFTGEL HEALTHCARE PVT LTD,,,
,,,,,,,,,,,,,,,,,,,,,,,,,,,,,,,,,,,,,,,,,,,"NO-20/1, Vandalur-Kelambakkam",,,
,,,,,,,,,,,,,,,TN1/MT/263/10,,,,,,,,,,,,,,,,,,,,,,,,,,,,,,,
,,,,,,,,,,,,,,,,,,,,,,,,,,,,,,,,,,,,,,,,,,,"Road,",,,
,,,,,,111.0,,,,,,,,Ph: 27498412,21/12/2010,Dried,,,,,,,,,,,,,Dried:Gelatine Capsules(fish oil capsules),,,,,,,,,,,,,,,,,
,,,,,,,,,,,,,,,,,,,,,,,,,,,,,,,,,,,,,,,,,,,"Pudupakkam Village,",,,
,,,,,,,,,,,,,,email: softgelhealthcare@gmail.com,18/12/2025,,,,,,,,,,,,,,,,,,,,,,,,,,,,,,,
,,,,,,,,,,,,,,,,,,,,,,,,,,,,,,,,,,,,,,,,,,,"Kancheepuram Dist-603 103., Tamil",,,
,,,,,,,,,,,,,,,,,,,,,,,,,,,,,,,,,,,,,,,,,,,Nadu,,,
,,,,,,,,,,,,,,,,,,,,,,,,,,,,,Frozen:Fish Wild(FROZEN SKIPJACK,,,,,,,,,,,,,,,,,
,,,,,,,,,,,,,,,,,,,,,,,,,,,,,"TUNA,FROZEN YELLOW FIN",,,,,,,,,,,,,,,,,
,,,,,,,,,,,,,,,,,,,,,,,,,,,,,"TUNA,FROZEN RIBBON FISH,FROZEN",,,,,,,,,,,,,,,,,
,,,,,,,,,,,,,,,,,,,,,,,,,,,,,MACKERAL),,,,,,,,,,,,,,,,,
,,,,,,,,,,,,,,,,,,,,,,,,,,,,,Frozen:Shrimp Wild(FROZEN WILD,,,,,,,,,,,,,,,,,
,,,,,,,,,,,,,,,,,,,,,,,,,,,,,"CAUGHT SHRIMPS,FROZEN PINK",,,,,,,,,,,,,,,,,
,,,,,,,,,,,,,,,,,,,,,,,,,,,,,"SHRIMPS PUD,FROZEN WHITE",,,,,,,,,,,,,,ST.PETER & PAUL SEAFOOD,,,
,,,,,,,,,,,,,,,,,,,,,,,,,,,,,SHRIMPS),,,,,,,,,,,,,,EXPORTS PVT.LTD,,,
,,,,,,,,,,,,,,,TN1/MT/413/15,,,,,,,,,,,,,,,,,,,,,,,,,,,,,,,
,,,,,,,,,,,,,,Ph: 8072269431,,,,,,,,,,,,,,,Frozen:Cuttlefish(FROZEN CUTTLE FISH,,,,,,,,,,,,,,"NO.61/30, 2ND STREET, KASI",,,
,,,,,,112.0,,,,,,,,,19/06/2015,Frozen,,,,,,,,,,,,,,,,,,,,,,,,,,,,,,
,,,,,,,,,,,,,,email: qapeterpaulseafood@gmail.com,,,,,,,,,,,,,,,"WHOLE CLEANED,FROZEN CUTTLE",,,,,,,,,,,,,,"GARDEN, ROYAPURAM",,,
,,,,,,,,,,,,,,,18/06/2024,,,,,,,,,,,,,,,,,,,,,,,,,,,,,,,
,,,,,,,,,,,,,,Web: www.peterpaulseafood.com,,,,,,,,,,,,,,,FISH IQF),,,,,,,,,,,,,,CHENNAI 600013,,,
,,,,,,,,,,,,,,,,,,,,,,,,,,,,,Frozen:Squid(FROZEN SQUID,,,,,,,,,,,,,,"/600013, Tamil Nadu",,,
,,,,,,,,,,,,,,,,,,,,,,,,,,,,,"WHOLE,FROZEN SQUID WHOLE",,,,,,,,,,,,,,,,,
,,,,,,,,,,,,,,,,,,,,,,,,,,,,,"CLEANED,FROZEN SQUID WHOLE",,,,,,,,,,,,,,,,,
,,,,,,,,,,,,,,,,,,,,,,,,,,,,,CLEANED IQF),,,,,,,,,,,,,,,,,
,,,,,,,,,,,,,,,,,,,,,,,,,,,,,Frozen:Octopus(FROZEN OCTOPUS,,,,,,,,,,,,,,,,,
,,,,,,,,,,,,,,,,,,,,,,,,,,,,,"WHOLE,FROZEN OCTOPUS WHOLE",,,,,,,,,,,,,,,,,
,,,,,,,,,,,,,,,,,,,,,,,,,,,,,CLEANED BLOCK),,,,,,,,,,,,,,,,,
,,,,,,,,,,,,,,,,,,,,,,,,,,,,,,,,,,,,,,,,,,,STAR AGRO MARINE EXPORTS,,,
,,,,,,,,,,,,,,,,,,,,,,,,,,,,,,,,,,,,,,,,,,,PRIVATE LIMITED,,,
,,,,,,,,,,,,,,,,,,,,,,,,,,,,,,,,,,,,,,,,,,,"C10, DOOR NO T6, P1,SHREE",,,
,,,,,,,,,,,,,,,TN1/MT/064/05,,,,,,,,,,,,,,,,,,,,,,,,,,,,,,,
,,,,,,,,,,,,,,,,,,,,,,,,,,,,,,,,,,,,,,,,,,,RAM PARADISE,,,
,,,,,,113.0,,,,,,,,,08/02/2005,Frozen,,,,,,,,,,,,,,,,,,,,,,,,,,,,,,
,,,,,,,,,,,,,,email: sahamedstaragro@gmail.com,,,,,,,,,,,,,,,,,,,,,,,,,,,,,",KALAMEGAM ST, MUGAPPAIR",,,
,,,,,,,,,,,,,,,05/02/2026,,,,,,,,,,,,,,,,,,,,,,,,,,,,,,,
,,,,,,,,,,,,,,,,,,,,,,,,,,,,,,,,,,,,,,,,,,,WEST,,,
,,,,,,,,,,,,,,,,,,,,,,,,,,,,,,,,,,,,,,,,,,,"CHENNAI,TAMIL NADU/600037,",,,
,,,,,,,,,,,,,,,,,,,,,,,,,,,,,,,,,,,,,,,,,,,Tamil Nadu,,,
,,,,,,,,,,,,,,,,,,,,,,,,,,,,,Frozen:Shrimp Wild(FROZEN HEADLESS,,,,,,,,,,,,,,,,,
,,,,,,,,,,,,,,,,,,,,,,,,,,,,,SHELL ON WHITE SHRIMPS),,,,,,,,,,,,,,,,,
,,,,,,,,,,,,,,,,,,,,,,,,,,,,,Frozen:Shrimp Aquaculture(FROZEN,,,,,,,,,,,,,,,,,
,,,,,,,,,,,,,,,,,,,,,,,,,,,,,HEADLESS SHELL ON VANNAMEI,,,,,,,,,,,,,,,,,
,,,,,,,,,,,,,,,,,,,,,,,,,,,,,"SHRIMPS,FROZEN HEADLESS SHELL",,,,,,,,,,,,,,,,,
,,,,,,,,,,,,,,,,,,,,,,,,,,,,,"ON BLACK TIGER SHRIMPS,HEAD ON",,,,,,,,,,,,,,,,,
,,,,,,,,,,,,,,,,,,,,,,,,,,,,,"VANNAMEI,HEAD ON BLACK",,,,,,,,,,,,,,,,,
,,,,,,,,,,,,,,,,,,,,,,,,,,,,,"TIGER,PUD VANNAME,PUD BLACK",,,,,,,,,,,,,,,,,
,,,,,,,,,,,,,,,,,,,,,,,,,,,,,"TIGER,PD VANNAMEI,PD BLACK",,,,,,,,,,,,,,THARANGINI SEA FOODS,,,
,,,,,,,,,,,,,,,TN1/MT/578/20,,,,,,,,,,,,,,,,,,,,,,,,,,,,,,,
,,,,,,,,,,,,,,,,Frozen,,,,,,,,,,,,,"TIGER,PD TON VANNAMEI)",,,,,,,,,,,,,,4/210,,,
,,,,,,114.0,,,,,,,,Ph: 24490137,17/03/2020,,,,,,,,,,,,,,,,,,,,,,,,,,,,,,,
,,,,,,,,,,,,,,,,Chilled,,,,,,,,,,,,,Frozen:Cuttlefish(CUTTLE FISH,,,,,,,,,,,,,,MGR ROAD,,,
,,,,,,,,,,,,,,email: tsfchennai41@yahoo.com,16/03/2023,,,,,,,,,,,,,,,,,,,,,,,,,,,,,,,
,,,,,,,,,,,,,,,,,,,,,,,,,,,,,"WHOLE,CUTTLE FISH WHOLE",,,,,,,,,,,,,,"PALAVAKKAM/600041, Tamil Nadu",,,
,,,,,,,,,,,,,,,,,,,,,,,,,,,,,CLEANED),,,,,,,,,,,,,,,,,
,,,,,,,,,,,,,,,,,,,,,,,,,,,,,"Frozen:Squid(SQUID WHOLE,SQUID",,,,,,,,,,,,,,,,,
,,,,,,,,,,,,,,,,,,,,,,,,,,,,,"WHOLE CLEANED,SQUID TUBE,SQUID",,,,,,,,,,,,,,,,,
,,,,,,,,,,,,,,,,,,,,,,,,,,,,,RING),,,,,,,,,,,,,,,,,
,,,,,,,,,,,,,,,,,,,,,,,,,,,,,Frozen:Lobster(FROZEN HEAD ON,,,,,,,,,,,,,,,,,
,,,,,,,,,,,,,,,,,,,,,,,,,,,,,LOBSTER),,,,,,,,,,,,,,,,,
,,,,,,,,,,,,,,,,,,,,,,,,,,,,,Frozen:Crab(FROZEN WHOLE,,,,,,,,,,,,,,,,,
,,,,,,,,,,,,,,,,,,,,,,,,,,,,,"CRAB,FROZEN CUT CRAB)",,,,,,,,,,,,,,,,,
,,,,,,,,,,,,,,,,,,,,,,,,,,,,,,,,,,,,,,,,,,,V. B MEDICARE PRIVATE,,,
,,,,,,,,,,,,,,,,,,,,,,,,,,,,,,,,,,,,,,,,,,,LIMITED,,,
,,,,,,,,,,,,,,,TN1/MT/628/22,,,,,,,,,,,,,,,,,,,,,,,,,,,,,,,
,,,,,,,,,,,,,,,,,,,,,,,,,,,,,,,,,,,,,,,,,,,"Plot NO. 59,61,62,63,66A,67",,,
,,,,,,115.0,,,,,,,,Ph: 0434260691,18/08/2022,Dried,,,,,,,,,,,,,,,,,,,,,,,,,,,,,,
,,,,,,,,,,,,,,,,,,,,,,,,,,,,,,,,,,,,,,,,,,,Sipcot Industrial area Phase-II,,,
,,,,,,,,,,,,,,email: sharad.verma@bioplus.in,17/08/2025,,,,,,,,,,,,,,,,,,,,,,,,,,,,,,,
,,,,,,,,,,,,,,,,,,,,,,,,,,,,,,,,,,,,,,,,,,,"Krishnagiri Road, Hosur/635109,",,,
,,,,,,,,,,,,,,,,,,,,,,,,,,,,,,,,,,,,,,,,,,,Tamil Nadu,,,
,,,,,,,,,,,,,,,,,,,,,,,,,,,,,Live other than ornamental,,,,,,,,,,,,,,,,,
,,,,,,,,,,,,,,,,,,,,,,,,,,,,,"fish:Gastropod(Live Baigai,Live Horn",,,,,,,,,,,,,,,,,
,,,,,,,,,,,,,,,,,,,,,,,,,,,,,"Shell,Live Indian Volute,Live Channeled",,,,,,,,,,,,,,,,,
,,,,,,,,,,,,,,,,,,,,,,,,,,,,,Whelk),,,,,,,,,,,,,,VALAN MULTI PRODUCTS,,,
,,,,,,,,,,,,,,,TN1/MT/378/14,,,,,,,,,,,,,,,,,,,,,,,,,,,,,,,
,,,,,,,,,,,,,,,,Live other than,,,,,,,,,,,,,Live other than ornamental,,,,,,,,,,,,,,"New No.144, Old No.111, 3rd Floor,",,,
,,,,,,116.0,,,,,,,,Ph: 28452229,09/09/2014,,,,,,,,,,,,,,,,,,,,,,,,,,,,,,,
,,,,,,,,,,,,,,,,ornamental fish,,,,,,,,,,,,,fish:Bivalves(Live Blood Clam),,,,,,,,,,,,,,"P V Koil Street,Royapuram,",,,
,,,,,,,,,,,,,,email: valanmulti@gmail.com,08/09/2023,,,,,,,,,,,,,,,,,,,,,,,,,,,,,,,
,,,,,,,,,,,,,,,,,,,,,,,,,,,,,Live other than ornamental fish:Lobster(Live,,,,,,,,,,,,,,"Chennai-600 013., Tamil Nadu",,,
,,,,,,,,,,,,,,,,,,,,,,,,,,,,,Lobster),,,,,,,,,,,,,,,,,
,,,,,,,,,,,,,,,,,,,,,,,,,,,,,Live other than ornamental fish:Crab(Live,,,,,,,,,,,,,,,,,
,,,,,,,,,,,,,,,,,,,,,,,,,,,,,Mud Crab),,,,,,,,,,,,,,,,,
,,,,,,,,,,,,,,,,,,,,,,,,,,,,,"Frozen:Fish Wild(Frozen Ribbon fish.,Frozen",,,,,,,,,,,,,,,,,
,,,,,,,,,,,,,,,,,,,,,,,,,,,,,"Red snapper,Frozen Reef cod,Frozen",,,,,,,,,,,,,,,,,
,,,,,,,,,,,,,,,,,,,,,,,,,,,,,"Pomfret,Frozen Sea Bream,Frozen Pearl",,,,,,,,,,,,,,,,,
,,,,,,,,,,,,,,,,,,,,,,,,,,,,,"spot,Mackerel,Tuna,Seer,Sardine,catfish)",,,,,,,,,,,,,,,,,
,,,,,,,,,,,,,,,,,,,,,,,,,,,,,"Frozen:Shrimp Wild(Black Tiger,White",,,,,,,,,,,,,,,,,
,,,,,,,,,,,,,,,,,,,,,,,,,,,,,"shrimp,Flower shrimp,Brown shrimp,Scampi",,,,,,,,,,,,,,VICEROY EXPORTS( INDIA),,,
,,,,,,,,,,,,,,,,,,,,,,,,,,,,,shrimp),,,,,,,,,,,,,,PRIVATE LIMITED,,,
,,,,,,,,,,,,,,,,,,,,,,,,,,,,,,,,,,,,,,,,,,,55/56 BAKIR ABDUL HUSSAIN,,,
,,,,,,,,,,,,,,,TN1/MT/397/15,,,,,,,,,,,,,,Frozen:Shrimp Aquaculture(Vannamei),,,,,,,,,,,,,,,,,
,,,,,,,,,,,,,,,,,,,,,,,,,,,,,,,,,,,,,,,,,,,MANSION,,,
,,,,,,117.0,,,,,,,,Ph: 7204625167,31/03/2015,Frozen,,,,,,,,,,,,,Frozen:Cuttlefish(Frozen cuttlefish,,,,,,,,,,,,,,,,,
,,,,,,,,,,,,,,,,,,,,,,,,,,,,,,,,,,,,,,,,,,,"THIRD LINE, NORTH BEACH",,,
,,,,,,,,,,,,,,email: viceroyexportsmgl@gmail.com,30/03/2024,,,,,,,,,,,,,,"whole,Frozen cuttle fish whole",,,,,,,,,,,,,,,,,
,,,,,,,,,,,,,,,,,,,,,,,,,,,,,"cleaned,Frozen cuttle fish fillets,Frozen cuttle",,,,,,,,,,,,,,"ROAD,",,,
,,,,,,,,,,,,,,,,,,,,,,,,,,,,,,,,,,,,,,,,,,,"CHENNAI 600001/600001, Tamil",,,
,,,,,,"AQUA ZOO AQUA SYSTEMSNo 40, GNT Road,Puzhal/600066, Tamil Nadu",,,,,,,,"TN1/OF/630/2219/08/202218/08/2025",Ornamental Fish,,,,,,,,,,,,,,,,,,,,,,,,,,,,,118.0,"Ph: 9790900440email: cbzrajesh@gmail.comWeb: www.aquazooaquasystems.com",
,,,,,,"BLUE PLANET AQUANO.6/24, KANDAPPA STREETCHOOLAI,CHENNAI/600112, Tamil Nadu",,,,,,,,"TN1/OF/460/1602/08/201601/08/2025",Ornamental Fish,"Ornamental Fish:Fresh Water(OrnamentalFish)",,,,,,,,,,,,,,,,,,,,,,,,,,,,119.0,"Ph: 9841095381email: Blueplanetaqua5@gmail.com",
,,,,,,"GOLDEN GALAXY AQUARIUM39, Jaya Sakthi Nagar,Aarikambedu,Vellanur Village,Tiruvallur,Chennai-600 062, TamilNadu",,,,,,,,"TN1/OF/604/2113/08/202112/08/2024",Ornamental Fish,,,,,,,,,,,,,,,,,,,,,,,,,,,,,120.0,"Ph: 9840885052email: goldengalaxyaquarium@gmail.com",
,,,,,,"M/S. SOUTHERN INDIAAQUATEKNO.2 Dr. NARASIMAN ROADT NAGARCHENNAI/600 017, Tamil Nadu",,,,,,,,"TN1/OF/042/0519/01/200517/01/2023",Ornamental Fish,,,,,,,,,,,,,,,,,,,,,,,,,,,,,121.0,"Ph: 04428158929email: siatdiscus@gmail.com",
,,,,,,"MARINE WORLD AQUARIUMGF SHOP 1 PL NO 1LAKSHMI AVENUE SCHOOLROADKOLATHUR/600099, Tamil Nadu",,,,,,,,"TN1/OF/625/2220/05/202219/05/2025",Ornamental Fish,"Ornamental Fish:Fresh Water(OrnamentalFish)",,,,,,,,,,,,,,,,,,,,,,,,,,,,122.0,"Ph: 9952729071email: marineworldaquairum025@gmail.com",
,,,,,,"SAH ENTERPRISESOLD NO 5 NEW NO 13/7, FirstFloorJAMEELABAD 2NDSTREET,MELVISHARAMVellore/632509, Tamil Nadu",,,,,,,,"TN1/OF/634/2215/09/202214/09/2025",Ornamental Fish,,,,,,,,,,,,,,,,,,,,,,,,,,,,,123.0,"Ph: 9944385177email: sahenterprises2022@gmail.com",
,,,,,,"AQUA WORLD EXPORTS (PVT)LTDNo186/187,Poonamalle High RoadAlsa Towers,KilpaukChennai-600 010., Tamil Nadu",,,,,,,,"TN1/RX/338/1328/08/201326/08/2025",Frozen,,,,,,,,,,,,,,,,,,,,,,,,,,,,,124.0,"Ph: 044-26650991email: aquaworldexports@gmail.com",
,,,,,,"NNK MARINE EXPORTSNO 12/29 , VP COLONY , NORTHSTREETAYANAVARAM , CHENNAI -600023/600023, Tamil Nadu",,,,,,,,"TN1/RX/638/2225/11/202224/11/2025","FrozenChilled",,,,,,,,,,,,,,,,,,,,,,,,,,,,,125.0,"Ph: 600023email: info@nnkmarine.comWeb: nnkmarine.com",
,,,,,,"NNK MARINE EXPORTS PRIVATELIMITEDGROUND FLOOR , NO 12/29, VPCOLONY , NORTH STREETAYANAVARAM/600023, Tamil Nadu",,,,,,,,"TN1/RX/624/2217/05/202216/05/2025","FrozenChilled",,,,,,,,,,,,,,,,,,,,,,,,,,,,,126.0,"Ph: 04426740067email: nnkmarineexports@yahoo.co.in",
,,,,,,"RADHA EXPORTS (INDIA) PVTLTDUNIT NO.201, SIGMA WING, 2NDFLOORRAHEJA TOWERS, NO.177,ANNASALAICHENNAI/600002, Tamil Nadu",,,,,,,,"TN1/RX/563/1912/07/201911/07/2022",Frozen,,,,,,,,,,,,,,,,,,,,,,,,,,,,,127.0,"Ph: 04442158145email: krishm@airtelmail.in",
,,,,,,"ST.PETER & PAUL SEAFOODEXPORTS PVT.LTD61/30, ROYES TOWER, KASIGARDEN,2ND STREET, KASIMEDU,ROYAPURAMCHENNAI/600013, Tamil Nadu",,,,,,,,"TN1/RX/632/2201/09/202231/08/2025",Frozen,,,,,,,,,,,,,,,,,,,,,,,,,,,,,128.0,"Ph: 8072269431email: qapeterpaulseafood@gmail.comWeb: www.peterpaulseafood.com",
,,,,,,"VISNUKUMAR TRADERS PVTLTD28A, PADUR MAIN ROAD,KUTHAMBAKKAMCHENNAI/600124, Tamil Nadu",,,,,,,,"TN1/RX/575/1930/12/201929/12/2025",Frozen,,,,,,,,,,,,,,,,,,,,,,,,,,,,,129.0,"Ph: 04426810615email: dox@vktpl.comWeb: www.vktpl.com",
,,,,,,,,,,,,,,,,,,,,,,,,,,,,,,,,,,,,,,,,,,,,,,
