S.No.,Sector,District,Name of the firm,Email,"Mobilenumber",Product
1,"Apparels/ Ready madegarments",GB Nagar,Sahu Exports,accounts@sahuexports.com,9990092811,Ready made garments
2,"Apparels/ Ready madegarments",GB Nagar,"Shree Bharat International Pvt.Ltd",sanjay@sbil.biz,9810031164,Readymade Garments
3,"Apparels/ Ready madegarments",GB Nagar,"Global Mode and AccessoriesPvt. Ltd.",global@globalfashionindia.com,9810422075,Wearing Apparels
4,"Apparels/ Ready madegarments",GB Nagar,CTA Apparels Private Limited,sunilpatel@ctaapparels.com,9717920515,Readymade Garments
5,"Apparels/ Ready madegarments",GB Nagar,Sabs Exports,admin@sabsexports.com,9810083928,Knitted Readymade Garments
6,"Apparels/ Ready madegarments",GB Nagar,Fine Lines,rohit@finelines.in,9811215529,Ladies Kids Garments
7,"Apparels/ Ready madegarments",GB Nagar,"Magnolia Martinique ClothingPvt. Ltd.","himanshu@magnoliablossom.com",9810004413,Ready made garments
8,"Apparels/ Ready madegarments",GB Nagar,Wear Well India Pvt. Ltd.,"accounts@wearwellindia.com ,info@wearwellindia.com",9899331292,"Kids and Girls Wear, Readymade Garments"
9,"Apparels/ Ready madegarments",GB Nagar,"CTA APPARELS PRIVATELIMITED",casunilpatel1991@gmail.com,9717920515,"Ready-made Garments under Chapter 61,62& 63 of Custom Tariff Act"
10,"Apparels/ Ready madegarments",GB Nagar,Super Overseas Pvt. Ltd.,ashishgujral@superoverseas.com,9811078152,Readmade Garments
11,"Apparels/ Ready madegarments",GB Nagar,Dimple Creations Pvt.,shipping@dimplecreations.com,9811014148,"Manufacturing and exporting of ladies/kidsgarments"
12,"Apparels/ Ready madegarments",GB Nagar,Basant India Inc.,compliance@Basantcrafts.com,9818514199,"Manufacturing of ladies, kids garments andaccessories - scarfs and bags for 100%Export"
13,"Apparels/ Ready madegarments",GB Nagar,BL International,"deepak.aggarwal@blinternational.net",9582949495,Ladies dress and Top
14,"Apparels/ Ready madegarments",GB Nagar,Opera Global Pvt. Ltd.,skumar@operaglobal.com,9873180810,Readymade Garments
15,"Apparels/ Ready madegarments",GB Nagar,Ankit India,admin@ankitindia.co.in,9811078012,Readymade Garments
16,"Apparels/ Ready madegarments",GB Nagar,Pooja International,neeraj@poojaintl.com,9818299229,Readymade Garments
17,"Apparels/ Ready madegarments",GB Nagar,"S.A.M. APPRELS PRIVATELIMITED","VARUGHESE@SAMOVERSEAS.COM",9871963962,READY MADE GARMENTS
18,"Apparels/ Ready madegarments",GB Nagar,Paragon Apparel Pvt. Ltd.,finance@paragonapparels.com,9811087466,Redymade Garments
19,"Apparels/ Ready madegarments",GB Nagar,SND INC,diwakar@sndinc.org,9717991471,Ready made garments
20,"Apparels/ Ready madegarments",GB Nagar,"RAINBOW FABART PRIVATELIMITED",pathak@rainbowfabart.com,9899688338,"Manufacturer & Exporter of ReadymadeGarments ( Ladies & Kidswear Apparels )"
21,Footwear,AGRA,ZEEKO SHOE FACTORY,zeeko@sancharnet.in,9837301961,"Zeeko shoe factory was established in 1960.gents & Ladies leather shoes, derby,sandals, boots etc. direct exports to Holland,UK, Germany, France, Austria, Sweden andother European countries"
22,Footwear,Agra,Gupta HC Overseas (I) Pvt. Ltd.,info@guptaoverseas.com,9837055532,Footwear
23,Footwear,Agra,Dawar Footwear Industries,"shipping@dawargroup.com ,sales@dawargroup.com",9319967215,Leather Footwear
24,Footwear,Agra,Virola International,info@virolaindia.com,9927556633,Leather Footwear
25,Footwear,Agra,Nuova Shoes,"export@nuovashoes.in ,nuovashoes@yahoo.com",9319218308,Footwear
26,Footwear,AGRA,"EURO SAFETY FOOTWEAR(INDIA) PVT.LTD.,","anuj.gangwar@eurosafetyfootwear.com",9837093682,"LEATHER FOOTWEAR ANDCOMPONENTS"
27,Footwear,AGRA,VIROLA INTERNATIONAL,accountvi@virolaindia.com,9319092190,Leather Footwear
28,Footwear,Agra,"Concept Concievers &Executors","export@cce.org.in ,gagan@cce.org.in",9368020060,Leather Footwear
29,Footwear,AGRA,"CONCEPT CONCIEVERS &EXECUTORS",export@cce.org.in,9368020060,LEATHER FOOTWEARS
30,Footwear,AGRA,"DAWAR FOOTWEARINDUSTRIES",shipping@dawargroup.com,9837065440,LEATHER FOOTWEAR
31,Footwear,Agra,Roger Industries Ltd.,exim@rogerexports.com,9897583682,Footwear
32,Footwear,AGRA,Leiner Shoes Private Limited,accounts.agra@leinershoes.com,9690002671,Ladies Leather Footwear
33,Footwear,AGRA,OOM EXPORTS,account@oomexports.com,8650403037,"GENTS LEATHER SHOES, BOYSLEATHER SHOES,LADIES FOOTWEAR,GENTS LEATHER ANKLE BOOT ETC,APPLIED FOR RENEWAL OFMEMBERSHIP OF EXPORT PROMOTIONBUREAU"
34,Footwear,Agra,Park Exports,info@parkexports.in,9319222710,Footwear
35,Footwear,Agra,Basant Overseas,mail@basantoverseas.com,9897079656,"All kinds of Leather Footwears & FootwearComponents"
36,Footwear,Agra,Sagari Leathers (P) Ltd.,sagari@sagarileathers.com,9412723536,Leather Footwear and Footwear Component
37,Footwear,AGRA,TEJ SHOE TECH,tejshoetech@tejshoetech.in,9837061997,Leather Footwear & Components
38,Footwear,AGRA,SAGARI LEATHERS PVT LTD.,scjain@sagarileathers.com,9412723536,Leather Shoes and Shoe upper
39,Footwear,AGRA,"Leather Linkers Footwear Pvt.Ltd.",lalit@leatherlinkers.com,9997722871,LEATHER FOOTWEAR
40,Footwear,AGRA,"AMAR SHOE &LEATHERWEARS",shipping@amarshoes.com,9719097085,"MANUFACTURERS & EXPORTERS OFLEATHER FOOTWEARS AND LEATHERPRODUCTS."
41,Leather goods,"KANPURNAGAR",SUPERHOUSE LIMITED,"saleem.akhtar@superhousegroup.com",9935141103,"FINISHED LEATHER, LEATHERFOOTWEAR, LEATHER GOODS,LEATHER GARMENTS AND TEXTILEGARMENTS"
42,Leather goods,Kanpur Nagar,"RAHMAN INDUSTRIESLIMITED",cs@rahman-group.com,9984022228,"Leather Footwear and footwearComponents, Finished Leather , LeatherGoods and gloves"
43,Leather goods,Kanpur Nagar,"AFPL GLOBAL PRIVATELIMITED","2005satyajeet@gmail.com,arvind@arvinco.com",9005447442,FOOTWEAR & FOOTWEAR COMPONENT
44,Leather goods,"KANPURNAGAR","TIRUBALA INTERNATIONALPVT.LTD.",satya.s@tirubala.com,9918219888,LEATHER FOOTWEAR
45,Leather goods,Kanpur Nagar,SUPER TANNERY LIMITED,arunsethi@supertannery.com,9935142114,"FINISHED LEATHER, FOOTWEAR, SHOEUPPERS, SAFETY SHOES, SAFETYUPPERS & LEATHER GOODS"
46,Leather goods,UNNAO,MODEL EXIMS UNIT N0.2,tabishiraqi77@yahoo.com,9792970482,"FINISHED LEATHER, LEATHER GOODS"
47,Leather goods,GB Nagar,"Euro Safety Footwear (India)Pvt. Ltd.",office@eurosafetyfootwear.com,9897583682,Footwear Of Leather
48,Leather goods,"KANPURNAGAR",KARAN LETEX LIMITED,accounts@karanletex.com,9935142887,"Ready made Garments, Riding Breeches,Harness and Saddlery, leather , Cottonmade up articles, Man made fabricarticles,Trousers/Pants,cotton,GarmentKnitted Cotton."
49,Leather goods,Unnao,"ABDULLAH TANNERYPRIVATE LIMITED",Anumir@abdullahtannery.com,8090747276,Leather and Leather Upper
50,Leather goods,Kanpur Nagar,"HOMERA TANNINGINDUSTRIES PVT.LTD",vinod@homeratannery.com,9839609988,"FINISHED LEATHER,  LEATHERFOOTWEAR, COMPONENTS ANDLEATHER PRODUCTS"
51,Leather goods,Kanpur Nagar,Saba Exports,"accounts@sabaexports.com,info@sabaexports.com",9235443588,"Finished Leather, Belt, Shoe upper, LeatherGoods"
52,Leather goods,"KANPURNAGAR","EVEREST TANNERY(UPHOLSTERY DIVISION)",logistic.etud@gmail.com,9839428501,"FINISHED LEATHER BAG LEATHERPURSE BELTING LEATHER"
53,Leather goods,"KANPURNAGAR",RUKSH EXIM PVT.LTD.,gm@ruksh.com,9839035340,FINISHED LEATHER
54,Leather goods,"KANPURNAGAR","KARAMAT TANNINGINDUSTRIES",accounts@globegroup.co.in,9598133330,"Finished Leather, Upholstery Leather,Leather Belts, Leather Straps,  BondedLeather, Rubber Sheet, Leather Goods etc."
55,Leather goods,"KANPURNAGAR",MARIA INTERNATIONAL,accounts@mintleather.in,7860216786,"LEATHER SHOES UPPER FOOTWEARLEATHER &PARTS HARNESSANDSADDLE LEATHER LEATHERGOODS"
56,Leather goods,"KANPURNAGAR","COMPETENCE EXPORTSPVT.LTD.",exports@competenceexports.com,9838953541,"Leather goods,saddlery and harness,footwear and component"
57,Leather goods,"KANPURNAGAR",SAMSONS INTERNATIONAL,samsints@yahoo.com,9839034260,LEATHER SADDLERY GOODS
58,Leather goods,"KANPURNAGAR",Kudos Export,kudosexport@gmail.com,9235417666,LEATHER UPPERS & LEATHER GOODS
59,Leather goods,"KANPURNAGAR","CREEMOS INTERNATIONALLTD.","saleem.akhtar@superhousegroup.com",9935141103,"LEATHER GARMENTS, GOODS, GLOVES,FOOTWEAR COMPONENTS, SADDLERY& HARNESS."
60,Leather goods,"KANPURNAGAR","NORTHERN LEATHERPRODUCTS",info@northerntannery.com,9839068127,"LEATHER SHOE/BOOT UPPERS,FINISHED LEATHER"
61,Leather goods,"KANPURNAGAR",PACIFIC LEATHERS,info@sumrapacific.com,9839081292,"Shoe Lasses, Yarn Rayon, Card nylon, tapenylon"
62,Leather goods,UNNAO,"KINGS INTERNATIONALLIMITED","inspection@kings-international.net",9415128471,"Manufacturer & Exporter of Finished Leather& Leather goods such as Saddlery &Harness, Bags, Belts, Hunting & PetsAccessories, Samll leather goods and otheranimal food (Chews) products of animalorigin."
63,Leather goods,"KANPURNAGAR",EASTERN INTERNATIONAL,anas@easterninternational.net.in,7505495091,"SADDLERY FOOTWEAR LEATHERGOODS BREACHES PEY TOYS"
64,Leather goods,UNNAO,OMEGA INTERNATIONAL,manik.verma9044@gmail.com,9336110333,"EXPORT OF FINISHED LEATHER ANDLEATHER GOODS"
65,Leather goods,"KANPURNAGAR",AKI INDIA LIMITED,info@groupaki.com,9838206695,"SADDLERY & HARNESS LEATHERFOOTWEAR LEATHER BELT BAGSLEATHER GARMENTS SADDLERYGOODS FINISHED LEATHER &FOOTWEAR COMPONENT"
66,Carpets,Bhadohi,Raj Rug House,rajrughouse1@gmail.com,9005394488,HandmadeWoollen Carpets
67,Carpets,Bhadohi,Parvez Carpets,parvez@parvezcarpets.com,54142270,Handmade Woollen Carpets
68,Carpets,Bhadohi,Surya Carpet Pvt Ltd,suryacarpet.bhadohi@gmail.com,54142682,"Carpets, Rugs, Dhurry, Kelem, Pouf,Cushion Covers."
69,Carpets,Agra,Kaysons Exports,achalamit@gmail.com,9528092082,"Carpet, Durries, Bathmat, Rugs & OtherHome Furnishing Item"
70,Carpets,Bhadohi,"Art Palace Export PrivateLimited",iahmad@artpalaceexpo.com,9984268000,Carpets & Druggets
71,Carpets,Mirzapur,MARUDHAR FASHIONS,"CHETAN.AGRAWAL@KALEEN-INDIA.COM",7704003331,"HANDMADE WOOLLEN CARPETS ANDDURRIES"
72,Carpets,Meerut,Sharda Exports,shipping@shardaindia.com,0121-3003,"Woollen Carpets, Handwoven Carpets,Handtufted Carpets, Cotton Bathmats/Rugsetc."
73,Carpets,Bhadohi,Anisa Carpets Limited,"altamish@anisacarpet.com ,najam@anisacarpet.com ,nadeem@anisacarpet.com",54142249,Handmade Carpets & Kelims
74,Carpets,Bhadohi,Rupesh Kumar & Sons,info@rkscarpets.com,9839806911,"Woollen Carpets, Rugs & Druggets"
75,Carpets,Bhadohi,Indian Art Gallery,"iag@indianartgallery.in ,sales@indianartgallery.in",9005224446,"Handmade carpets, rugs druggets"
76,Carpets,MEERUT,SHARDA EXPORTS,shipping@shardaindia.com,7417006477,"HANDMADE CARPETS ( WOVEN /TUFTED , HANDMADE MATS / DURRIES,FURNISHINGS ARTICLES ( POUFS /STOOLS / CUSHIONS / BENCHES )"
77,Carpets,Bhadohi,RMC Collections,info@rmccollections.com,9838665227,"Handmade Carpets, Rugs & Durries,Handicrafts, Decorative Items"
78,Carpets,Bhadohi,Agni,"accounts@agniexports.com,alpa@agniexports.com,janak@agniexports.com",9793246688,"Indian HandKnotted Woollen Carpets, handTufted Carpets/Jute Carpets & Dhurries"
79,Carpets,Bhadohi,Bhadohi Carpets,info@bhadohicarpets.com,9838203373,"Woollen Carpets, Cotton Durries & YarnTwisted"
80,Carpets,Bhadohi,Patodia Exports,"patodiaexports@hands-carpets.com",54142257,Carpets/Durries
81,Carpets,Bhadohi,Khanna Carpet Collection,info@khannacarpet.com,9935506762,"Woollen Carpets, Rugs, Durries etc"
82,Carpets,Bhadohi,"HOME FLOORING ANDDECOR PRIVATE LIMITED",export@rizwanexporthouse.com,9839098987,"Indian Handknotted, Tuffted Woollen Carpet& Floor Covering etc."
83,Carpets,Bhadohi,Saif Carpets Pvt Ltd,saif@saifcarpets.com,9936001321,"Handmade carpets, rugs druggets"
84,Carpets,Bhadohi,Jamila Rugs India,cs@jamilarugsindia.com,915414,"Handmade Carpets, Rugs & Druggets."
85,Carpets,Agra,Achal Amit & Co.,agra@achalamit.in,9528092082,"Carpet, Dhurry, Bathmat, Rugs & OtherHome Furnishing Items"
86,Engg goods,GB Nagar,"D.P. Garg & Company PrivateLimited",info@garg-hinges.com,0120-2424,"Fabricated Metal Products Except MachineryAnd Equipment , Cutlery Hand Tools,Padlocks, Locks, Keys"
87,Engg goods,Aligarh,Mascot Metal Manufacturers,info@mascotmetal.com,9837025502,Builders Hardware
88,Engg goods,Ghaziabad,Ferolite Jointings Limited,personnel@ferolite.com,9911757141,"Compressed Jointing Sheets GlandPackings PTFE Thread Seal Tape"
89,Engg goods,Ghaziabad,Ace Hardware Pvt. Ltd.,vinodsharma@acehard.in,9810888070,"BUILDERS HARDWARE OF BRASS,ZINC,ALUMINIUM,IRON,STAINLESSSTEEL ETC...."
90,Engg goods,Ghaziabad,Kisaan Die Tech Pvt. Ltd.,"accounts@kisaandietech.com ,sales@kisaandietech.com ,info@kisaandietech.com",9810183663,"Steel Forging Items, Flanges, Shaff,Coupling, Gear"
91,Engg goods,GB Nagar,KSC Engineers Pvt. Ltd.,sales@kscengineer.com,120467810,Auto parts
92,Engg goods,GB Nagar,Garg Industries,"gargind.noida@gmail.com ,varun@bmghinges.com",9312793250,Builders Hardware
93,Engg goods,GB Nagar,D.P. Garg Exports Pvt. Ltd.,"kkrwaters@gmail.com ,dpg_export@yahoo.co.in",9312793250,Builders Hardware
94,Engg goods,GHAZIABAD,"SPARK ENGINEERING PVTLTD",sparkeng@sparkeng.in,9810008154,Bicycle Parts
95,Engg goods,GB Nagar,"Rajshi Technologies India Pvt.Ltd.",abhinav@rajshiindustries.com,9811661359,"Engineering Products & Pressure DieCasting"
96,Engg goods,Ghaziabad,VISHAL PIPES LIMITED,trade2@vishalpipes.com,9650306152,"STEEL PIPES AND TUBES, POLYMERPIPES AND FITTINGS"
97,Engg goods,GB Nagar,Samirika Exports,"samir.aggarwal@samirikaexports.net",9810015518,Builders Hardware
98,Engg goods,Agra,Kajeco Industries,"kajeco@rediffmail.com ,mail@kajeco.com",9634446464,Castings
99,Engg goods,Ghaziabad,"HILITE INDUSTRIES PRIVATELIMITED",legal2299@gmail.com,9810490865,"Compressed Jointing Sheets, BeaterJointing Sheets, Gland Packing."
100,Engg goods,Agra,Luthra Industrial Corporation,"accounts@flywheelassembly.com, info@flywheelassembly.com",7055300851,"Flywheel Starter Ring Gear, Flywheel RingGear, Pressure Plates"
101,Engg goods,Agra,Kaushal Industries,"kia@kia-india.com , office@kia-india.com",9719701122,"Diesel Engines, Diesel Pumping Sets,Diesel Generators, A.C. Generators, WaterPumps and Corn Mills, Coffee Pulpers andSpare Parts for the above"
102,Engg goods,GB Nagar,UNISPARES,"pschauhan@unispare.com,dschauhan@unispares.com",9810535620,"engineering parts agricultural implementsparts auto and tractor parts"
103,Engg goods,Lucknow,"Chopra Retec Rubber ProductsLimited","chopraretecindia@gmail.com ,chopraretec@gmail.com",9839014750,"Rubber & Rubber to Metal  Bonded Parts forAutomobiles"
104,Engg goods,Hathras,Canon International,info@canoninternational.com,9837385385,Builder Hardware Items
105,Engg goods,Kanpur Nagar,"METAL CANS ANDCLOSURES PRIVATE LIMITED",metalcans2016@yahoo.com,7081007747,"PARTS OF ROUND TIN CONTAINERS(ROUND TIN CONTAINERS OTHER THANOTS CANS AND PARTS THEREOF)"
106,Ceramics,GB Nagar,"SPARKLING HUES GEMSPRIVATE LIMITED",pankaj@casadecor.co.in,9711199248,"HANDICRAFTS ITEMS SUCH ASGLOBES, CERAMICS KNOBS, PHOTOFRAME COASTERS, HOOKS ON BOARDAND OTHER ARTICLES N.E.C."
107,Ceramics,"BULANDSHAHR","Silico & Chemico PorcelainWorks",jindia25@gmail.com,9837572245,"PORCELAIN LABORATORY WARES,AGATE WARES, ALUMINA WARES,OTHER CERAMIC ARTICLES"
108,Ceramics,"BULANDSHAHR",Royal Expo,office@royalexpo.com,9837021621,"Handicraft items made of ceramic withcombination of wood, iron, brass, glass etc."
109,Ceramics,MORADABAD,ADITI ARTS,sumit@aditiarts.com,9837133199,"GLASS, WOODEN HANDICRAFTS, IRONARTWARE, BRASS, COPPER,ALUMINIUM ARTWARE, LAMP, BEADS,STEEL, CERAMIC, LEATHER, ACRYLIC,LIGHTING AND ALL OTHER INDIANHANDICRAFTS ITEM ETC"
110,Ceramics,"BULANDSHAHR",MINHAS POTTERY,mguljeet@yahoo.com,9837572245,CERAMICS & PORCELAIN WARES
111,Ceramics,MORADABAD,ANANTA EXPORTS,anantaexpo@gmail.com,9917481333,"GLASS, WOODEN HANDICRAFTS, IRONARTWARE, BRASS, COPPER,ALUMINIUM ARTWARE, LAMP, BEADS,STEEL, CERAMIC, LEATHER, ACRYLIC,LIGHTING AND INDIAN HANDICRAFTSITEM ETC"
112,Ceramics,GB Nagar,TAREX EXPORTS,office@tarexexports.com,9810165544,"HANDICRAFT OF WOODEN, IRON,CERAMIC, GLASS, BRASS, COPPER,MADEUPS, STONE"
113,Ceramics,MORADABAD,RK IMPEX,rkimpex.ac@gmail.com,9690022251,"ALUMINIUM & IRON DOG FEEDERCERAMIC & WOOD ITEMS"
114,Ceramics,"BULANDSHAHR","BLUE ARTS & FLOWERVASES WORKS",dadooindustries@gmail.com,9837019628,"Ceramic/Porcelain/Pottery Articles ScientificGoods  Stone ware"
115,Ceramics,MORADABAD,CONTINENTAL EXPORTS,faizantanveer@yahoo.co.in,9045866751,"BRASS, GLASS. ALUMINIUM, IRON,STEEL, WOODEN, CERAMIC, COTTONMADE UPS AND OTHERARTWARE/HANDICRAFTS"
116,Ceramics,"BULANDSHAHR",CHHABRA & SONS,razikhurja@gmail.com,9219924249,Ceramic Crockery & Artistic Ware
117,Ceramics,"BULANDSHAHR",KRISHNA CERAMICS,kcsomny1983@gmail.com,9897046800,Crockery Goods
118,Ceramics,VARANASI,PARIDHAN FASHION,shanuparidhan@gmail.com,9415203204,"In 2014& 2015; mainly sarees,suits dressmaterials with some handicraft items are tobe exported.handicraft items suchasceramic drawes lanterns volvities sometypes handmade handles knobs diyas somestypes of cups and toys such as camel.."
119,Ceramics,AMROHA,C.L.GUPTA EXPORTS LTD.,ajaijohri@clgupta.com,9837038040,"WOOD,METAL,GLASS, MARVAL ANDCERAMIC   HANDICRAFTS."
120,Ceramics,"BULANDSHAHR",KAJARIA CERAMICS LIMITED,skdgmw@kajariaceramics.com,7060110310,TILES
121,Ceramics,GB Nagar,S & S INTERNATIONAL,rajivbhati21@gmail.com,9810263394,"MANUFACTURER OF ALL KIND OFHANDICRAFT PRODUCTS MADE BYWOOD, METAL, GLITTER, BANGLES,CERAMIC, GLOBES AND FABRIC ITEMSETC."
122,Ceramics,GB Nagar,DIFTRO INTERNATIONAL,diftrointernational@gmail.com,9899442291,"OUR GOODS ARE MADE OF DIFFERENTMATERIALS, FOR EXAMPLE- CERAMIC,METAL, RESIN, LEATHER, STONE,MARBLE, GLASS, CHEMICALS, JUTE,BAMBOO, ETC.."
123,Glass,FIROZABAD,"FIROZABAD GLASS SHELLINDUSTRIES",tigerglass@rediffmail.com,9837035489,GLASS REFILL FOR VACCUME FLASK
124,Glass,FIROZABAD,OM GLASS WORKS PVT. LTD.,omglassworkspvtltd@gmail.com,9837025624,All Type Of Glass Items
125,Glass,FIROZABAD,"PIONEER GLASSINDUSTRIES",rohitpioneer01@gmail.com,9897079000,ALL TYPES OF GLASS ITEMS
126,Glass,FIROZABAD,TRANSPARENT OVERSEAS,"accounts@transparentoverseas.com",9837095756,"GLASSWARE & METAL HANDICRAFTITEMS"
127,Glass,FIROZABAD,UMA GLASS WORKS,amar@umaglassworks.com,9837301949,GLASS HANDICRIFT
128,Glass,FIROZABAD,GLASS WORLD,INFO@GLASS-WORLD.IN,9837006913,"HANDICRAFT ARTWARE OFGLASS/IRON/WOOD/ALUMINIUM"
129,Glass,FIROZABAD,"BAJRANG GLASSINTERNATIONAL",info.bajrangglass.com,9837266734,"HANDICRAFT GLASS & GLASSARTWARE"
130,Glass,FIROZABAD,BKG OVERSEAS,"rajeevdixit@bkgoverseasglass.com",9837037334,"Handicraft Glassware, Handicraft Glass withmetalware, Handicraft Glass with stoneware,Handicraft Glass with woodenware,Handicraft Metalware,  Imitation Jewellery"
131,Glass,FIROZABAD,GLASSCRAFT EXPORT,prateek@glasscraft.in,9917464277,HANDICRAFT GLASS ARTWARE
132,Glass,FIROZABAD,CROWN GLASS INDUSTRIES,titu@crownoverseas.net,9837042888,"GLASS HANDICRAFTS FORDECORATIONS & VACUUM FLASK"
133,Glass,FIROZABAD,MILLENIUM EXPORT,account@milleniumexport.com,9837044855,"ALL KIND OF HANDICRAFTS GLASSARTWARE"
134,Glass,FIROZABAD,GARG ENTERPRISES,garg_enterprises@yahoo.co.in,9837142957,"HANDICRAFT ARTWARE OFGLASS,IRON,ALUMINIUM,WOOD,BRASS"
135,Glass,FIROZABAD,VISHESH INDUSTRIES,as.visheshindustries@gmail.com,9412266231,Silver Coated Glass  Vacuum Flask
136,Glass,FIROZABAD,"GLOBALART COLLECTIONPRIVATE LIMITED",sanjeev@globalartcollection.com,9897006401,"Handcrafted art ware of Glass, Metal, Stone,Wood etc."
137,Glass,FIROZABAD,SHRI SHIV GLASS WORKS,Business.shivglass@gmail.com,9837440901,HANDICRAFT GLASS WARE
138,Glass,FIROZABAD,Crown Overseas,info@crownoverseas.com,9837042888,Glass Handicrafts
139,Glass,FIROZABAD,REDA RESOURCES,accounts@redaresources.com,9568160666,GLASS HANDICRAFT ART WARE
140,Glass,FIROZABAD,Taga Five,taga_five@yahoo.com,9837014308,"Glass Candle Stand, T-Light Votive, X-MasOrnaments etc"
141,Glass,FIROZABAD,CLASSIC GLASS EXPORTS,classicglassexports@gmail.com,9837074289,HANDICRAFT GLASS ART WARE
142,Glass,FIROZABAD,S.GOPAL OVERSEAS,sgopalglass@gmail.com,9911811426,Handicraft Glass Artware
143,"Perfumes & essentialoils",Kanpur Nagar,Rakesh Sandal Industries,"info@rakeshin.com ,info@rakeshsandal.com",9415134190,"Essential Oil, Aromathe Rapy oil, Spice Oil,Carrier Oil, Extract"
144,"Perfumes & essentialoils",Ghaziabad,GHAZIABAD AROMATICS,info@ghaziabadaromatics.com,9654012346,"MANUFACTURING OF ESSENTIAL OILS,AROMATIC CHEMICALS, FRAGRANCESAND FLAVOURS"
145,"Perfumes & essentialoils",Kannauj,Jagat Aroma Oils Distillery,jagat@jagat.in,56942344,"Essential Oils, Perfumes, Attar."
146,"Perfumes & essentialoils",GB Nagar,M I C EXPORTS,info@micexports.com,9650699599,"Manufacturer and Exports of Perfumes,Fragrance, Incense, Candle, Cosmetic, andHandicrafts"
147,"Perfumes & essentialoils",Kanpur Nagar,NIKHIL NATURAL PVT LTD,logistics@nikhilaromas.com,9235591180,"Manufacture Importer and Exporter ofEssential Oil"
148,"Perfumes & essentialoils",Barabanki,Ashri Menthol Pvt Ltd,ashriflavours@gmail.com,9919418555,"Essential oils, Modification by ChemicalProcesses of oils and fats."
149,"Perfumes & essentialoils",Kannauj,"Shakti Sandal Wood OilDistillers & Perfumers",info@shaktisandal.com,9580762119,perfume manufacturing and selling
150,"Perfumes & essentialoils",Kannauj,NATIONAL AROMA,nationalaroma@gmail.com,9919495206,Essential Oils and Indian Attars
151,"Perfumes & essentialoils",Lucknow,"INDIAN PERFUMES PRIVATELIMITED",indianperfums27@gmail.com,9335902892,"ESSENTIAL OIL , INDIAN ATTARS ANDPERFUMERY COMPOUND"
152,"Perfumes & essentialoils",Kanpur Nagar,Govindam Flavours,govindamflavours@ymail.com,8726687266,"Bath Soap, Face & Body Wash, Cream,Face Pack, Hair Oil, Massage Oil, Gulab Jal,Perfumes & Attars and essential Oil"
153,"Perfumes & essentialoils",Bareilly,Aromatic & Allied Chemicals,gaurav@aromaticandallied.com,9412290048,"Aromatic Chemicals, Essential Oils,Mentual, herbal Extracts,Organic certifiedEssential Oils, Perfumes"
154,"Perfumes & essentialoils",Budaun,Prakash Chemicals,prkchem@prkchemicals.com,9412294589,"Essential Oils, Aroma Chemicals & Menthol"
155,"Perfumes & essentialoils",Kanpur Nagar,M.S. International,msinternational001@yahoo.com,9044772631,"All Kind Of Essential Oil, Tobacco &Tobacco Products"
156,Menthol & its products,Sambhal,"N S MINT PRODUCTSPRIVATE LIMITED",atr@nsmint.com,8859005923,"ESSENTIAL OILS, CORNMINT OIL,MENTHA OIL,MENTHOL, MENTHOLCRYSTAL, MENTHONE, CIS-3 HEXENOL,OTHER MINT PRODUCTS ETC"
157,Menthol & its products,Rampur,Neeru Menthol Private Limited,accounts@neerumenthol.com,7906708265,"Dihydromyrcenol, Menthol & its Derrivativesand other Essential Oil"
158,Menthol & its products,Moradabad,"Hindustan Mint & Agro ProductsPvt. Ltd.",hindustan@hindustanmint.in,9837035069,"Natural Menthol & Mint and Allied products,Natural Essential Oils, Spice Oils,  HerbalExtracts & Phyto-Chemicals"
159,Menthol & its products,JP Nagar,Norex Flavours Private Limited,norex@norex.in,9897036570,"Peppermint Oil, Mentha Piperita Oil, MentholCrystals, DMO, Essential Oils & AromaChemicals"
160,Menthol & its products,Moradabad,"Quality Mint and AlliedChemicals","purchase.qualitymint@gmail.com,exports.qualitymint@gmail.com",9639020072,"Peppermint Oil, Dementholised PeppermintOil,Mentha Oil, Basil Oil, SPEARMINT OIL,MENTHOL, MENTHOL CRYSTALS,METHYL CHAVICOL ETC"
161,Menthol & its products,Moradabad,"SUPERMINT EXPORTSPRIVATE LIMITED",prakhar@supermint.in,9837244001,"MENTHA OIL, MENTHOL, DMO, TERPIN,CIS-3-HEXENOL, MENTHONE,PEPPERMINT OIL, MENTHOL CRYSTAL,ALPHA PINENE, DIHYDROMYRCENOL,TERPINEOL, DIPENTENE, DOUBLEDISTILLED TURPENTINE, PINE OIL,PITCH, etc."
162,Menthol & its products,Ghaziabad,Basic Ayurveda,basicayurveda@gmail.com,9811274104,Ayurvedic Products
163,Menthol & its products,Hathras,R. B. Dyechem Pvt. Ltd.,rbdyechem@rediffmail.com,8958737373,"Colour, Gulal, Kumkum, Colour Spray"
164,Menthol & its products,Barabanki,Herbochem Industries,herbo.mentha@gmail.com,8853058222,Menthol and its allied products
165,Sports goods,Meerut,Bhalla International,info@vinex.co.in,9837044217,Sports Goods
166,Sports goods,Meerut,Stag International,stagin@gmail.com,9358408166,"Table Tennis Equipments, Basket BallEquipments, Gymnastic Equipments,Athletics Equipments"
167,Sports goods,Meerut,National Sports,export@national-sport.com,9837012308,Sports Goods
168,Sports goods,Meerut,"SAREEN SPORTSINDUSTRIES",accounts@sscricket.com,9837774960,SPORTS GOODS
169,Sports goods,Meerut,Nelco IndiaPvt ltd,info@nelcoworld.com,9997832727,"ATHELETICS EQUIPMENTS PHYSICALEXC EQUIPMENTS TRACK & FIELDEQUIPMENTS"
170,Sports goods,Meerut,Gujral Industries,"admin@gisco.in , rajesh@gisco.in",9412203774,"Sports bags, Bib                  Sports Bags, Bib"
171,Sports goods,Meerut,Sports And Sports International,"shashankraj16@gmail.com ,info@sasinternational.co.in",9997020885,"Athletic Products/ Agility and Speed TrainingProducts/ Goal Poat/ Bags etc."
172,Sports goods,Meerut,Himco International,sales.himco@gmail.com,9412208181,"Carrom Boards, Table Tennis Tables,Fussball Table & Other Sports Goods."
173,Sports goods,Meerut,Gujral International,rajesh@gisco.in,9412203774,"Sports Bags, Bib"
174,Sports goods,Meerut,ABNASHI SPORTS,abnashi81@yahoo.com,8057711199,SPORTS GOODS
175,IT & electronics,GB Nagar,Protonix Fortuner India Pvt. Ltd.,accounts2@fortuners.net,,"Solar Inverter, Battery, Solar Panel"
176,IT & electronics,Lucknow,"Encardio-Rite Electronics Pvt.Ltd.",export@encardio.com,9554964909,Geotechnical Instruments
177,IT & electronics,GB Nagar,"Go Ip Global Services PrivateLimited",arvind.goel@goip.in,9810300852,"1. Wireless-wifi, Optical fiber and other alliedNetworking Products, 2. Security andSurveillance"
178,IT & electronics,Meerut,Tonk & Associates (P) Ltd.,"tonkasso@hotmail.com ,info@ptfewire.com",8395004455,"P.T.F.E. Insulated Wire, P.T.F.E. InsulatedSleeve, PTFE Tubes, Wiring harness,P.T.F.E. Insulating Tape, Braided Cords Etc"
179,IT & electronics,GB Nagar,"Shrishti Softech SolutionsPrivate Limited",accounts@ssi.bz,,"Hosting and information technology (IT)infrastructure provisioning services, Otherinformation technology services"
180,IT & electronics,Meerut,"Sai Electricals ( A Unit of SaiComputers Limited)","akshatsehgal@saielectricals.com, sales@saielectricals.com",9358405913,"Distribution Transformer, ElectronicAutomatic Voltage Stablizer, ElectronicServo & Power Transformer"
181,IT & electronics,Lucknow,ME TECHNOSOLUTIONS LLP,unlimitedxp@gmail.com,9711820727,LED BULBS
182,IT & electronics,GB Nagar,"SMA Power Control PrivateLimited",,,Electrical Panel
183,IT & electronics,GB Nagar,Colorjet India Limited,avinash@colorjetgroup.com,9837034007,Inkjet Printers and Parts of Inkjet Printers
184,IT & electronics,Ghaziabad,Fortuner,"ashish@fortuners.net ,info2@fortuners.net ,exports3@fortuner.net",8126919394,"Inverter, Battery, UPS, Electric Goods,Electronic Goods"
185,Agri & food processing,Bagpat,"Ambrosia Natural Products(India) Pvt. Ltd.","info@anphoney.com ,jaidev@anphoney.com",9810268758,Honey
186,Agri & food processing,Lucknow,JMP Industry Pvt. Ltd.,info.jmpindustry@gmail.com,7052345678,Rice and Wheat flour
187,Agri & food processing,Raebareli,PRAGYA RICE MILL,pragyasalon@gmail.com,9415034139,RICE NON BASMATI
188,Agri & food processing,Agra,Ganpati Natural Products,mk@ganpatihoney.in,9837050031,Honey
189,Agri & food processing,GB Nagar,Sirius Foods Private Limited,logistics.noida@siriusfoods.co.in,12042812,"Processing & Preserving of Fruits andVegetable Foods"
190,Agri & food processing,Bulandshahr,Param dairy Ltd.,"param@paramdairy.com ,puneet@paramdairy.com",9997194065,"WMP, SMP, Ghee, Panner, Flavoured Milk,Dairy Whitener,Butter, Almond Drink"
191,Agri & food processing,Saharanpur,Famous Art Group of Industries,famousart123@gmail.com,9837088807,Wooden Handicrafts
192,Agri & food processing,Barabanki,Swastik Biscuit Private Limited,swasticbiscuit@hotmail.com,9235400690,Biscuit
193,Agri & food processing,Saharanpur,"Newtech PharmaceuticalsPrivate Limited",newtechpharma20@gmail.com,972011900,Animal Feeds
194,Agri & food processing,Lucknow,superhoney,superhoneyup@gmail.com,7880986734,unprocessed honey and herbs
195,Agri & food processing,GB Nagar,"Techspice Global PrivateLimited",jins@techspiceglobal.com,8882361552,"Spices, Pulses, wheat, wheat flour, Rice,Basmati Rice, Black Pepper, Javitri,Nutmeg, Clove, Electronics Products"
196,Agri & food processing,Moradabad,Haneef Trade Linkers,haneefagro@aairagroupindia.com,9837049997,"Animal by Product,Pet Food"
197,Agri & food processing,Unnao,DWARIKA RICE MILL LIMITED,"MLMPSANJAY@REDIFFMAIL.COM",9628373112,RICE
198,Agri & food processing,Raebareli,P D AGRO PROCESSORS,nextaliganj@yahoo.com,7888034278,Vegetables & Mango
199,Meat & edible offal,Aligarh,"Frigerio Conserva AllanaPrivate Limited",fmalavi@allana.com,9920450060,"Manufacturer and Processor of Meat & MeatProducts (Buffalo & Sheep / Goat)"
200,Meat & edible offal,Unnao,RUSTAM FOODS PVT. LTD.,exports@rustamfoods.net,8601803795,"HALAL FROZEN BONELESS BUFFALOMEAT & OFFALS"
201,Meat & edible offal,Kanpur Nagar,Mash Agro Foods Ltd.,rais@mash-group.com,9336812705,Frozen Boneless Buffalo Meat
202,Meat & edible offal,Aligarh,"AL AMMAR FROZEN FOODSEXPORTS PRIVATE LIMITED",murali.upreti@alammar.in,7055731999,"FROZEN BUFFALO BONELESS MEAT &PRODUCTS"
203,Meat & edible offal,Ghaziabad,AL NASIR EXPORTS PVT. LTD,alnasirexport@gmail.com,9910011817,"slaughter house, boneless frogen meat,(sheep /goat/buffalo)"
204,Meat & edible offal,Ghaziabad,"Frigorifico Allana PrivateLimited",akvashist@allana.com,9958981492,"Manufacturer and Processor of Meat & MeatProducts (Buffalo & Sheep / Goat)"
205,Meat & edible offal,Unnao,Indagro Foods Private Limited,jkhan@allana.com,9999870409,"Manufacturer and Processor of Meat & MeatProducts (Buffalo)"
206,Meat & edible offal,Unnao,Agricom Foods Private Limited,nktrivedi@allana.com,7571998800,"Manufacturer and Processor of Meat & MeatProducts (Buffalo)"
207,Metal handicrafts,Meerut,"Deepeeka Exports PrivateLimited",info@deepeeka.com,0121-3260,Handicrafts
208,Metal handicrafts,Moradabad,HOME ACCENTS,homeaccents1@gmail.com,9837042726,"Brass, Iron, Aluminum, Copper, Glass Artware & Other Handicraft Item"
209,Metal handicrafts,Moradabad,Dewan And Sons,surender@dewansons.com,9837031644,"Brass, Iron, Aluminium Artwares & OtherIndian Handicrafts"
210,Metal handicrafts,Hapur,Sumitra Woodcraft Pvt. Ltd.,pawan@srgroupindia.com,9997797771,Wooden Furniture & Handicrafts Items
211,Metal handicrafts,Moradabad,Wazir Chand & Co. Pvt. Ltd.,hr1@wazirchand.net,9837049500,"S.Steel Petware other household ArticleMade of Stainless Steel"
212,Metal handicrafts,Moradabad,Marque Impex,"logistics@marqueimpex.com ,info@marqueimpex.com",9897973000,"Brass, Aluminium, Glass, Wood HandicraftsArtwares"
213,Metal handicrafts,Moradabad,JO Exports International,anshul@joexports.in,59129700,Handicraft Artware
214,Metal handicrafts,Moradabad,Vallabh Metal Inc.,sracc@vallabhmetalinc.com,59124766,"Brass, Iron, Aluminium & Copper Artwares"
215,Metal handicrafts,Moradabad,UNIVERSE TRADE INC.,universe_tradeinc@yahoo.co.in,9997864295,"MANUFACTURER AND EXPORTEWR OFINDIAN ARTISTIC HANDICRAFTS OFMETAL,WOOD AND GLASS ART WARES"
216,Metal handicrafts,Moradabad,Dynamic Exports,accounts@dynamicexports.org,9837038004,"Brass, Iron, Aluminium and Copper Artwares"
217,Metal handicrafts,Moradabad,Parth Overseas,info@parthoverseas.com,59124785,"Handicrafts Artwares of Brass, Iron, Glass,Wooden, Aluminium, S.Steel & All IndianHandicrafts Itemsetc."
218,Metal handicrafts,Moradabad,A.C. Brother's,info@acbros.com,9837065434,"Brass, Iron, Stell, Aluminium, Glass @Wood Artwares"
219,Metal handicrafts,Moradabad,Senses Lifestyle,rajeevmbansal@gmail.com,9837041434,Handicrafts/Artware
220,Metal handicrafts,GB Nagar,"SPARKLING HUES GEMSPRIVATE LIMITED",pankaj@casadecor.co.in,9350781008,"HANDICRAFT ITEMS ( MAJOR 5 -GLOBES , KNOBS , PHOTOFRAMES ,COASTERS , HOOKS ON BOARD  &32909 - OTHER MANUFACTURING N.E.C )"
221,Metal handicrafts,Moradabad,Zakaria Shahid Industries,"amjad@zakariashahid.com ,zsimbd@zakariashahid.com",9837466664,"Handicrafts, Brass, Iron, AluminiumArtwares & All Other Handicrafts Items"
222,Metal handicrafts,Moradabad,Rajan Overseas Inc.,accounts@rajanoverseas.org,59124789,"Brass Art wares and other IndianHandicrafts"
223,Metal handicrafts,GB Nagar,Exmart International Pvt. Ltd.,hempal@exmartintl.net,9810041400,"Photo Frame, Candle Holder, Boxex, WallDecore, Stationary"
224,Metal handicrafts,Moradabad,Dynatech Exports,accounts@dynatechexports.com,9837028101,"Brass, Aluminium, Iron, Wooden & OtherIndian Handicrafts"
225,Metal handicrafts,Moradabad,A.F. Exports,info@afexports.com,9927008129,"Handicrafts, Decorative, Fancy Items"
226,Metal handicrafts,Moradabad,Vali Brothers,vali@valibros.com,59122233,"Brass, Iron, Steel, Aluminium, Wood, GlassHandicrafts"
227,Metal handicrafts,Moradabad,East Coast Industries,"mairaj@eastcoastinds.com ,aamer@eastcoastindis.com ,ahmed@eastcoastindis.com ,ecindia@bsnl.in",7669299061,"All Kind Of Metal Brass, Alum., Iron, & Glassetc Candle Stand, Lamp, Vase, Planter,Photofram etc."
228,Handloom,Lucknow,Bushrah Export House,syedasifali104@gmail.com,9598050310,"Scarf, Stole, Gown Gents, Gown Ladies,Trousers, Hijab, T-Shirt, Top & Skirt, etc."
229,Handloom,Sitapur,Hafizia Art & Crafts Pvt. Ltd.,"info@hafizia.com,nadeem@hafizia.com",58622704,Handloom Durries
230,Handloom,GB Nagar,RATERIA EXPORTS,kapil@rateria.com,9999667262,"HOME FURNISHING GOODSMANUFACTURER & EXPORTER OF THEPRODUCTS LIKE DECORATIVECUSHIONS , BED SHEETS , BEDCOVERS, QUILTED BEDSPREADS , QUILTS ,DUVET COVERS , CURTAINS"
231,Handloom,Chandauli,RAS Polytex Private Limited,sales@raspoly.com,8303172315,"Manufacture and sale of PP WovenSacks(laminated/unlaminated),BOPP Bags,Flexible Intermediate Bulk Containers andPP Woven fabrics"
232,Handloom,GB Nagar,SHARCO ENTERPRISES,accounts@sharcoindia.com,9818298370,"THROW,CUSHION, CUSHION COVER,SCARVES, TREE SKIRT, STOCKING,JEWELRY, TEXTILES MADE UPS, FLOORCOVERING, RUNNER, WALL HANGING,AND OTHER ACCESSORIES"
233,Handloom,Varanasi,Amit Exports,amitexports@yahoo.com,9415204001,"Handmade Carpets, Durries & Shaggy"
234,Handloom,Agra,Pioneer Overseas,"poverseas@sancharnet.in ,poverseas562@gmail.com",9319115435,Handloom Durries & Made Ups
235,Handloom,Meerut,Indkraft Exports,info@indkraft.com,12140341,Cloth Embroidery & Stitching
236,Handloom,Unnao,"A.C.I. Oils Pvt. Ltd. (GarmentDivison)",hvagarwala@yahoo.com,9838107308,"Readymade Garments, Bags, Articles"
237,Handloom,Mirzapur,Mangal Carpets,"mangalcarpets@gmail.com ,mangalcarpets@rediffmail.com",8853940800,"Handmade Woollen Carpets,Rugs &Druggets"
238,Handloom,Varanasi,Rayons House,ravi@maheshsilks.com,8799062911,Fabrics
239,Handloom,Sitapur,Hiltex Contract,danishjazz@gmail.com,9565008855,"Carpets, Rugs, Cushion, Poufs"
240,Handloom,GB Nagar,Adarsh Overseas,"shrvankhanna@rugscarpetskelims.com",9899132584,"Handknotted Carpets/Rugs, Hand-wovenCarpets/Rugs, Hand Tufted Carpets/Rugs,Other Hand-made floor Coverings"
241,Handloom,Farrukhabad,Elegent Home Decor,maqsoodm123@rediffmail.com,9415146163,"Bed Sheet, Cushions etc."
242,Handloom,Agra,Eclat Fashions,eclatfashions@gmail.com,9837114372,"Bags, Scarfs, Cushion Covers"
243,Handloom,Varanasi,Shree Carpets,shreecarpets2020@gmail.com,9838851351,"Handloom Carpets, Handknotted Carpets,Hand Tufted Carpets, Dhurries, Mats, WallHangings, Poufs and Other Textiles Items"
244,Handloom,Varanasi,Titico Exports Pvt Ltd,info@titicoexports.com,54223920,Silk/Cotton/Linen Fabrics
245,Wooden handicraft,SAHARANPUR,NATIONAL HANDICRAFTS,logistics@nationalhandicrafts.in,9359208335,"WOODEN DECORATIVE & SMALLFURNITURE"
246,Wooden handicraft,SAHARANPUR,"FAMOUS ART & ANTIQUESINTERNATIONAL",famartindia@rediffmail.com,9837033892,WOODEN & IRON HANDICRAFT ITEMS
247,Wooden handicraft,SAHARANPUR,Vaama Exports,vaama_exports@rediffmail.com,9997171394,"INDIAN ARTISTIC OF WOODENHANDICRAFTS"
248,Wooden handicraft,SAHARANPUR,LEO ARTS (INDIA),info@leoarts.in,9837209000,"Indian Artistic Decorative handicrafts itemsmade of  mango wood/MDF/Glass."
249,Wooden handicraft,SAHARANPUR,"INDIAN VILLAGEHANDICRAFTS",ivhexports@gmail.com,9412742781,"IRON HANDICRAFTS AND WOODENHANDICRAFTS"
250,Wooden handicraft,SAHARANPUR,MULTI EXPORTS INDIA,mazhar@multiexportsindia.com,9837053815,Wooden Handicrafts Items
251,Wooden handicraft,SAHARANPUR,RENAISSANCE,jpsingh5511@yahoo.com,9719005050,"MANUFACTURING WOODENHANDICRAFTS,WOODEN PICTUREFRAME,WOODEN BOXES ,WOODENFLOWER VASE & OTHER DECORATIVEITEMS."
252,Wooden handicraft,SAHARANPUR,ZEENAT HANDICRAFTS,zeenathandicrafts1@gmail.com,9997697678,Wooden Handicrafts Items
253,Wooden handicraft,SAHARANPUR,MARGHOOB AND BROTHERS,margoobbros@yahoo.com,9412234430,WOODEN HANDICRAFTS PRODUCTS
254,Wooden handicraft,SAHARANPUR,SALEEM AHMAD & SONS,saleemsons88@gmail.com,9412232034,"ARTISTICS WOODEN & IRONHANDICRAFTS & FURNITURES,MIRRORFRAME PHOTO FRAME,CANDLESTAND,LAMPS,CHANDLIER,TABLELAMP,WALL BRACKET,GARDENFURNITURES,KITCHEN ACCESSORIESETC"
255,Wooden handicraft,SAHARANPUR,ISHA EXPORTS,sales@ishacrafts.com,9719063635,"WOODEN HANDICRAFTS ITEMS LIKEPHOTO FRAMES, MIRROR FRAMES,TRAY, COASTERS, TRIVET, STOOLSETC."
256,Wooden handicraft,SAHARANPUR,Goel Craft House,goelcraft@hotmail.com,9837029394,"wooden handicrafts including woodenbox,curtain,table,insencestick,stick,chopping board,kitchenitem,tray,frame,candleholder,etc."
257,Wooden handicraft,SAHARANPUR,FAMILY EXPORT,"familyexports.accounts@hotmail.com",9997888710,"Wooden and iron handicrafts,Wooden andIron Furniture"
258,Wooden handicraft,SAHARANPUR,ANTIQUE EXPORTS,antiqueexports@hotmail.com,9412130530,"Indian Artistic decorative wooden FurnitureHandicrafts of wood carvings"
259,Wooden handicraft,SAHARANPUR,"RONAN ARSHADHANDICRAFTS",arshad@rahandicrafts.in,9997999949,"WOODEN AND IRON HANDICRAFTPRODUCTS"
260,Wooden handicraft,SAHARANPUR,ZAARA OVERSEAS,khizerhyattkhan@gmail.com,9761178786,"Wooden and Iron Handicrafts,Wooden andIron Furniture"
261,Wooden handicraft,SAHARANPUR,SUHAG IMPEX,info@suhagimpex.com,9837097100,"Wooden & Iron Handicrafts like RoomPartions , Mirrror Frames , Phto frames ,Wall Pannels ,Wall  Decors , Almirahs ,Furniture etc."
262,Wooden handicraft,SAHARANPUR,SAID HASAN & SONS,zama@saidhasan.com,9837027886,"ARTISTIC WOODEN HANDICRAFTSITEMS"
263,Wooden handicraft,SAHARANPUR,FATIMA INTERNATIONAL,fatimainternational71@gmail.com,9997040519,"WOODEN HANDICRAFTS ITEMS MADEBY SHEESHAM WOOD, MANGO WOOD,IRON & BRASS."
264,Wooden handicraft,SAHARANPUR,"H. IRFAN AHMAD KHANENTERPRISES",hiak.india@gmail.com,9719756200,wooden handicraft items
265,Glass handicrafts,FIROZABAD,GLASS WORLD,INFO@GLASS-WORLD.IN,9837006913,"HANDICRAFT ARTWARE OFGLASS/IRON/WOOD/ALUMINIUM"
266,Glass handicrafts,FIROZABAD,BKG OVERSEAS,"rajeevdixit@bkgoverseasglass.com",9837037334,"Handicraft Glassware, Handicraft Glass withmetalware, Handicraft Glass with stoneware,Handicraft Glass with woodenware,Handicraft Metalware,  Imitation Jewellery"
267,Glass handicrafts,FIROZABAD,GARG ENTERPRISES,garg_enterprises@yahoo.co.in,9837142957,"HANDICRAFT ARTWARE OFGLASS,IRON,ALUMINIUM,WOOD,BRASS"
268,Glass handicrafts,FIROZABAD,"PRATYAKSHAINTERNATIONAL","pratyainternational2016@gmail.com",9837064303,"HANDICRAFT OF GLASS ARTWARE,METAL ARTWARE,WOODEN ARTWARE,BRASS ARTWARE ETC."
269,Glass handicrafts,FIROZABAD,AKRATI DECORATORS,info@adhomedecor.com,9837301962,"Glassware,Metalware,Wooden and otherIndian brass and iron handicraft products"
270,Glass handicrafts,VARANASI,LEELA HANDICRAFT,"LEELAHANDICRAFT@GMAIL.COM",9721354148,"Manufacturer & Supplier to ExporterBanaras Handicraft Items, Stone & Wooden,Indoor Board Game, Home DecorativeProducts, Smoke Craft Tobacco Pipes,Smoking Accessories, Kitchen Accessories,Bathroo"
271,Glass handicrafts,Varanasi,Ankit Bead Mfg. Co.,ankitbeads@ankitbeads.in,"0542-2220480,9838998389",Glass Beads & Handicrafts
272,Glass handicrafts,Varanasi,Banaras Beads Limited,ashok@banarasbead.com,"0542-2370161-164",Glass Beads & Handicraft Items
273,Others,Ghaziabad,Ambica Steels Ltd.,"cpgupta@ambicasteels.com,nkupadhyay@ambicasteels.com",9810032133,"Stainless Steel & Alloy Steel-Round BarsEtc."
274,Others,GB Nagar,RACL Geartech Ltd.,info@raclgeartech.com,9818023666,Manufacturer of Automotive Components
275,Others,GB Nagar,"JAYANITA EXPORTS PVT.LTD.",shipping@jayanita.com,9718174992,"Curtain Rods/Garden Torches/Furnitureparts/other home decorative items"
276,Others,GB Nagar,ATIRA DESIGNS PVT LTD,ajay@atiradesigns.com,9810044088,"MANUFACTURER OF  MADE-UP TEXTILEARTICLE & HOME FURNISHING ITEMS"
277,Others,Ghaziabad,CHANDRA FABRICS PVT LTD,chandrafabrics@gmail.com,9250017360,READYMADE GARMENTS
278,Others,GB Nagar,Romsons International Unit-II,ic@romsons.com,12042552,Disposable Medical Devises & Equipments
279,Others,Ghaziabad,Amko Exports,info@amkoexports.com,12041785,Madeups Textile Article
280,Others,Jhansi,PITAMBRA BOOKS PVT. LTD.,cfo@pitambrabooks.com,9453001235,"TEXT BOOKS, EXERCISE NOTE BOOKSAND OTHER PRINTED MATERIAL"
281,Others,GB Nagar,M/S Cornell Overseas Pvt. Ltd.,satish@cornell-overseas.co.in,9810267424,Cotton Made
282,Others,Chandauli,Mithila Plywood Private Limited,dn.singh@mithilapacktech.com,9670504886,"Plastic Bags, Sack and Fabric,"
283,Others,Kanpur Nagar,M.L.A. Industries,order1@mlagroup.com,9336207015,"Aluminium Stearate, Calcium Stearate,Magnesium Stearate, Zinc Stearate, PVCStablizer, P E Wax (Polyethylene Wax)"
284,Others,Kanpur Nagar,Kartikeya International,kartikeya@karti.co.in,7376936525,"HARNESS-SADDLERY ,  TEXTILE HORSEWEAR,"
285,Others,GB Nagar,"Fabstract Clothing India Pvt.Ltd.",chawla@fcipl.net,9811050615,Knitted & Woven Ready made garments
286,Others,Meerut,"Saru Copper Alloy Semis Pvt.Ltd.","info@sarucopper.com,accounts@sarucopper.com ,sales@sarucopper.com",9897026872,Phosphor Bronze Bars
287,Others,GB Nagar,"Hospital EquipmentManufacturing Company",info@hemcmedical.com,9871758333,"Medical Surgical dental or VeterinaryFurniture such as operating tables,examition tables, Dentists Chairs etc"
288,Others,Varanasi,J.J. Plastalloy Pvt. Ltd.,exim2@jjplatalloy.com,8573031917,Master Batch
289,Others,GB Nagar,Fancy Fashions,info@fancyfashions.net,9810000755,Wearing Apparels and Made-ups.
290,Others,GB Nagar,ALASKA EXPORTS,info@alaskaexportsindia.com,9310012557,"Harvesting Parts, Agriculture Spare Parts,Tractor Spares Parts, Auto Spares Parts,Rubber Article, Sheet Metal Article, PlasticArticle"
291,Others,Bulandshahr,"RMG POLYVINYL INDIALIMITED",info@rmgpoly.com,9897066878,"PVC FLOOR COVERING, PVC FLEXIBLESHEET / FILM & PVC LEATHER CLOTHETC."
292,Others,GB Nagar,R.S. Paper,accounts@rspaper.net,9873434649,"Note Books, Drawing Books, ExerciseBooks etc."
