1,ABN TRADES ,"NO 27/2631 
LOUIS LANE 
KADAVANTHRA 
SOUTH/682020, Kerala",4842310669,sankar@abntrades.com,www.abntrades.com,"KL1/ME/358/16 09/05/2016 
08/05/2022","Canned/Bottled/Retort Pouched Product 
Dried",
2,ACQUA PEARL PROPERTIES AND EXPORTS INDIA ,"PRIVATE LIMITED 
MUTHAMPAKAL 
,VADISALAM, 
AROOKUTTY P.O.
/688535, Kerala",9846048591,casalimcherukattu@gmail.com,,"KL1/ME/405/19 06/02/2019 
05/02/2025","Frozen 
Chilled",
3,AQUA MARINE ,"18/1555, Thoppumpady, Kochi-5, Kerala",4842231671,aquamarinecok@gmail.com,,"KL1/ME/131/05 22/07/2005 
30/06/2024",Frozen,
4,AQUA SEA FOOD (INDIA) PVT LTD ,"D.NO.16/1083-A 
HADEES CENTRE, NEAR COCHIN FISHERIES 
HARBOUR 
KARUVELIPADY, 
COCHIN/682005, Kerala",2220346,aquaseafoodindia@gmail.com,http://www.aquaseafoodindia.com,"KL1/ME/389/18 23/04/2018 
22/04/2024",Frozen,
5,AVLA COLD STORAGE CHEELANDIMUKU ,"NEENDAKARA 
KOLLAM/691582, Kerala",4742770272,varshaavla@gmail.com,,"KL2/ME/061/16 25/02/2016 
24/02/2025",Frozen,
6,BLUE CREST FROZEN ,"FOODS PVT LTD 
No.36/1920F, CHAMMANY COMPLEX 
SEBASTIAN ROAD, 
ERNAKULAM -682 017, 
Kerala",4782873337,bluecrestfrozen@gmail.com,,"KL1/ME/345/15 10/07/2015 
08/07/2024",Frozen,
7,"BLUE SEA EXPORTS 18/2338 F, TRINITY ","BUILDING 
THOPPUMPADY 
KOCHI/682005, Kerala",4844022381,mailbluec@gmail.com,,"KL1/ME/263/11 29/03/2011 
28/03/2023",Frozen,
8,CANAAN MARINE ,"PRODUCTS 
CANAAN MARINE 
PRODUCTS 
AP/XIV-40 KELTRON ROAD, AROOR/ALAPPUZHA 
688534/KERALA, Kerala",4842327622,accountscanaan@gmail.com,,"KL1/ME/069/05 15/02/2005 
14/02/2023",Frozen,
9,CHARISMA EXPORTS ,"TC 4/1913-1 Bethel PRA Lane Pandit Colony 
Kowdiar Post Trivandrum 
/695003, Kerala",6238110410,info@charismaexports.com,www.charismaexports.com,"KL2/ME/067/20 20/01/2020 
19/01/2023",Frozen,
10,CITRA AGRO PEIXE ,"PRIVATE LIMITED 
BUILDING NO. 29/971, KPK MENON ROAD, 
WILLINGDON ISLAND, 
KOCHI - 682003, Kerala",9324465464,citramumbai@gmail.com,,"KL1/ME/452/21 13/09/2021 
12/09/2024",Frozen,
"11
",COCHIN COSMOS FOODS LTD ,"18/47 Baby Marine Compound Thoppumpady
Cochin-682 005, Kerala
",,info@babymarinegroup.com,,"KL1/ME/214/08 10/11/2008 08-11-2023
","Frozen
",
,,,,,,,,
12,"COCHIN FROZEN FOODS Arookutty Ferry Road, ","Aroor, 
Alappuzha - 688 534/688534, Kerala",4782873271,dineshprabhakar93@yahoo.in,wwwcochinfrozenfoods.in,"KL1/ME/063/05 07/02/2005 
06/02/2026",Frozen,
13,CORAL EXPORTS ,"25/378,MANATHUPADAM ROAD 
CHANGAMPUZHA NAGAR P.O 
KOCHI/682016, Kerala",9442128660,coralnifphatt@gmail.com,,"KL1/ME/401/18 08/11/2018 
07/11/2021","Frozen 
Chilled",
14,CRESCENT SEAFOODS PRIVATE LIMITED ,"Door No:13/1014, Hospital Road 
Karuvelipady 
Kochi 682005, Kerala",4782877690,sajith@frozenshrimp.com,www.frozenshrimp.com,"KL1/ME/294/12 18/12/2012 
17/12/2024","Frozen 
Chilled",
15,EASTERN CONDIMENTS ,"PRIVATE LIMITED 
IV/1D,IV/1E, IRUMALAPADY PANIPRA P.O.
KOTHAMANGALAM 
KERALA 686691/686691, Kerala",9447116649,bincybiju@eastern.in,www.eastern.in,"KL1/ME/462/21 02/12/2021 
01/12/2024","Canned/Bottled/Retort Pouched Product 
Dried",
16,EMPIRE EXPORTS ,"Door No. 24/200-M, TGI 
Centre, 
Main Road, Tirurangadi, 
Malappuram - 676306, Kerala",9995394734,empireexportsaj@gmail.com,,"KL1/ME/483/22 30/08/2022 
29/08/2025",Frozen,
17,FROSSET FOODS PRIVATE LIMITED ,"9/453/B, MANAR 
CHANDIROOR 
ALAPPUZHA/688537, Kerala",9809909599,frossetfoods@gmail.com,,"KL1/ME/466/22 10/02/2022 
09/02/2025",Frozen,
18,FROSTA FROZEN FOODS PRIVATE LIMITED ,"XII/802 
CHANDIROOR PO 
ERAMALLOOR/688537, Kerala",9846906666,info@frostafrozenfoods.in,,"KL1/ME/431/20 23/06/2020 
22/06/2023",Frozen,
19,GHAN MARINE EXIM ,"PLOT No. 17/C, KSIDC FOOD PARK, 
PALLIPPURAM, 
CHERTHALA, 
ALAPPUZHA-688541, Kerala",9447182622,ghanmarineexim@gmail.com,,"KL1/ME/479/22 01/08/2022 
31/07/2025",Frozen,
20,GRAND MARINE EXIM ,"16/65 AZHIKODE JETTY P O KODUNGALLUR 
/680666, Kerala",4782875555,grandmarineexim786@gmail.com,,"KL1/ME/415/19 15/07/2019 
14/07/2025",Frozen,
21,GRAND PEARL EXPORTS Door no: 16/275 ,"Aroor 
Alappuzha/688534, Kerala",7994293211,info@grandpearlexports.com,www.grandpearlexports.com,"KL1/ME/378/17 15/06/2017 
14/06/2023",Frozen,
22,HEIPLOEG SEAFOOD INDIA PVT.LTD ,"Kay kay House 
39/116, Mullassery Canal Road Cochin - 682011, Kerala",4844082777,sageev.s@heiploeg.in,www.heiploeg.com,"KL1/ME/297/13 18/01/2013 
17/01/2025",Frozen,
23,INTERGROW BRANDS PRIVATE LIMITED ,"62/1814 A, AJAY VIHAR M G ROAD 
ERNAKULAM
-682016/682016, Kerala",4843012222,pramodkr@intergrowbrands.com,www.ktchentreasures.com,"KL1/ME/341/15 17/04/2015 
16/04/2024",Canned/Bottled/Retort Pouched Product,
24,JNG EXPORTS ,"29/220,BETHEL, PADATH 
LANE, 
JANATHA ROAD, VYTTILA, KOCHI 
/682019, Kerala",9447073310,jngexports@gmail.com,,"KL1/ME/447/21 22/04/2021 
21/04/2024",Frozen,
-,,,,,,,,
"
25",K B EXPORT & IMPORT ,"5/494-A, K B Tower, Alparambu Road Kumminiparamba P.O, Near Calicut Airport 
Karippur, Kondotty, 
Malappuram-673638, Kerala
",9946106530,kbexports1@gmail.com,,KL1/ME/469/22 15/03/2022 14/03/2025,Chilled,
26,KAIRALI SEA FOODS ,"10/398, THOTTAPPALLY, 
PURAKKAD, 
ALAPPUZHA-688561, Kerala",8078522777,info@kairaliseafoods.com,kairaliseafoods.com,"KL1/ME/482/22 26/08/2022 
25/08/2025",Frozen,
27,KINGS INFRA VENTURES LTD ,"14 B, The Atria 
Gurudwara Road 
Perumanoor, Thevara/682015, Kerala",4842311678,info@kingsinfra.com,www.kingsinfra.com,"KL1/ME/387/18 19/03/2018 
18/03/2024","Frozen 
Chilled",
28,KORNICH EXPORTS ,"PRIVATE LIMITED 
SHOP NO.14/2068 A3 & 14/2068 A4, 
AP JOSEPH ROAD, 
CHULLICKAL 
COCHIN - 682005, Kerala",9745244444,kornichexports@gmail.com,,"KL1/ME/427/20 17/03/2020 
16/03/2023","Frozen 
Chilled",
29,KYOBASHI PREMIER FREEZE DRY PRIVATE LIMITED ,"22/601 A INDUSTRIAL ESTATE AROOR, 
AROOR 
/688534, Kerala",9447044963,kpfdltd@gmail.com,,"KL1/ME/441/20 22/12/2020 
21/12/2023",Frozen,
30,LUZO INDIA EXIM PRIVATE LIMITED ,"667 2892 KRISHNASWAMI ROAD 
PULLEPADY, ERNAKULAM, COCHIN 
/682035, Kerala",9846090770,luzoindia@gmail.com,,"KL1/ME/436/20 16/09/2020 
15/09/2023",Frozen,
31,M/S N G EXPORTS ,"INTERNATIONAL 
Door No.EP V/9, Murikkuthara Building 
Eramalloor P O 
Alappuzha -688537, Kerala",9446140539,ngexportsinternational@gmail.com,,"KL1/ME/348/15 18/09/2015 
17/09/2024",Frozen,
32,M/S. SAFA ENTERPRISES 16/65 ,"Azhikode Jetty P.O.
Kodungallur, Thrissur-680666, Kerala",9895759209,safaenterprises98@gmail.com,,"KL1/ME/456/21 05/10/2021 
04/10/2024",Frozen,
33,M/S.RSA MARINES ,"15/274, S N KAVALA 
NEERKUNNAM 
VANDANAM P O 
ALAPPUZHA -688 005, Kerala",4772283331,anaskh99@yahoo.in,,"KL1/ME/347/15 06/08/2015 
05/08/2024",Frozen,
34,MAJESTIC MARINE ,"EXPORTS 
12/27-A, AAYITHARA, 
NADUVATH NAGAR P.O.
AROOKUTTY, CHERTHALA, ALAPPUZHA 
DISTRICT/688526, Kerala",9995532222,majesticmarineexports2222@gmail.com,,"KL1/ME/450/21 09/07/2021 
08/07/2024","Frozen 
Chilled",
35,MANARA HEALTHCARE PRIVATE LIMITED ,"2/810-A 
AROOR INDUSTRIAL 
ESTATE 
AROOR/688534, Kerala",9847042743,manaracare@gmail.com,,"KL1/ME/422/19 04/10/2019 
03/10/2025",Frozen,"Frozen:Fish Wild(FROZEN SKIP JACK TUNA WHOLE,FROZEN YELLOW FIN TUNA WHOLE) Frozen:Squid(FROZEN SQUID WHOLE,FROZEN SQUID WHOLE CLEANED,FROZEN SQUID 
TUBE,FROZEN SQUID TENTACLES)"
36,MANJILAS FOOD TECH PVT LTD ,"SASTHRI ROAD, 
NELLIKUNNU, 
/680005, Kerala",4872440113,mojexp@manjilas.com,www.manjilas.com,"KL1/ME/363/16 29/07/2016 
28/07/2025",Canned/Bottled/Retort Pouched Product,
37,MARE FOOD PRODUCTS ,"INDIA PVT LTD 
KELTRON ROAD/AROOR P O ALAPPUZHA 
DISTRICT/KERALA 688 534, Kerala",9.14783E+11,marefoodsindia@gmail.com,nil,"KL1/ME/270/11 16/08/2011 
15/08/2023",Frozen,
,MARWA SEA FOODS ,"IV/622A, LIGHT HOUSE
",,,,,,"	"
" 	
"," 	",,,,,,,
,,,,,,,,
,,"DISTRICT/688537, Kerala",,,,,,
53,"SAIT EXIM COMPANY 13/829, Vikas Road, ","Karuvelipady 
Cochin - 680005 
/682005, Kerala",9447123450,docsaitexim@gmail.com,,"KL1/ME/439/20 09/12/2020 
08/12/2023",Frozen,
54,SAKKI AQUA EXPORTS ,"X/268A, DHARMADOM P.O.
NEAR BRENNEN COLLGE THALASSERY/670106, Kerala",9633655242,sakkiaquaexports@gmail.com,,"KL1/ME/391/18 21/05/2018 
20/05/2024",Chilled,
55,"SEA BAY EXPORTS (P) LTD 1/183, Industrial Area, ","Aroor, 
Alappuzha Dist, Kerala",0478-2873340,suresh_k@frozenshrimp.com,,"KL1/ME/086/05 06/04/2005 
05/04/2023",Frozen,
56,"SEA HARVEST EXPORTS 39/3633, C1, 2nd Floor ","Landmark Enclave, 
Valanjambalam 
Cochin/682016, Kerala",9526780428,seaharvestexports@gmail.com,,"KL1/ME/424/19 28/11/2019 
27/11/2025",Frozen,
57,SEALINE MARINE ,"PRODUCTS PRIVATE LIMITED 
INDUSTRIAL ESTATE, AROOR
- 688534, Kerala",9846103443,sealinearoor@gmail.com,,"KL1/ME/465/22 07/02/2022 
06/02/2025",Frozen,
58,SEAMEN INDIA FOODS ,"23 2743 D 
NH ROAD 
PALLURUTHY/682006, Kerala",8921713545,theseamenif@gmail.com,,"KL1/ME/406/19 20/02/2019 
19/02/2025",Frozen,
59,SOUTHERN MARINE EXIM PRIVATE LIMITED ,"VII/6 (OLD V/439C) 
1ST FLOOR, KAS BUILDING AROOR, ALAPPUZHA -
688534, Kerala",9446517317,info@southernmarineexim.com,,"KL1/ME/449/21 22/06/2021 
21/06/2024",Frozen,
60,SUN AGRO EXIM ,"18/1555, Pallichal Road Ernakulam
- 682005, Kerala",4842231671,fcubebrand@yahoo.com,,"KL1/ME/472/22 20/06/2022 
19/06/2025",Frozen,
61,TAILOREMADE IMPORT ,"EXPORT PRIVATE LIMITED 11/767 S KOTTUVALLY 
PANCHAYATH 
KOONAMMAVU 683518 
KERALA INDIA/, Kerala",4842516973,tailoremadeimportexport@gmail.,,"KL1/ME/444/21 16/02/2021 
15/02/2024",Chilled,
62,UPASANA EXPORTS ,"18/2383, FIRST FLOOR, NATIONAL BUILDINGS PALLICHAL 
ROAD/THOPPUMPADY KOCHI 682 005, Kerala",9.14842E+11,upasanaexports@gmail.com,Nil,"KL1/ME/269/11 21/07/2011 
19/07/2023",Frozen,
63,"VK ASHARAF ENTERPRISES EP 11/418, ","VAADIYIL PEEDIKA, 
THALASSERY, KANNUR-
670107, Kerala",9745462285,vkasharafenterprises@gmail.com,,"KL1/ME/486/22 27/10/2022 
26/10/2025",Chilled,
64,"VTJ FISHERIES (P) LTD., CC XVIII/54, ","Palluruthy 
Kochi-682 005, Kerala",2234808,vtjfisheries@gmail.com,,"KL1/ME/189/07 23/08/2007 
22/08/2025",Frozen,
65,A M FISHERIES ,"XIII/378/KAKKAZHOM 
Vandanam P O 
ALAPPUZHA 688 005, Kerala",9.14772E+11,amfisheries2011@gmail.com,,"KL1/MT/276/11 07/12/2011 
05/12/2023","Frozen 
Chilled",
66,A S MARINE INDUSTRIES PRIVATE LIMITED ,"AP 2/268 
Aroor - 688534 
Alappuzha, Kerala",4842232702,mail@asmarine.in,www.asmarine.in,"KL1/MT/202/08 26/06/2008 
14/01/2026",Frozen,
67,ABAD EXIM PVT. LTD ,"Plot no.32&33, 
Cochin Special Economic Zone, Kakkanad 
/682037, Kerala",4842413010,qa.678@abad.in,www.abad.co.in,"KL1/MT/036/04 21/12/2004 
20/12/2025",Frozen,"Frozen:Fish Wild(WHOLE/GUTTED/SCALE LESS/HLTL GUTTED,HLSLTL GUTTED/ FILLETS/STEAKS/CHUNKS) 
Frozen:Cuttlefish(Sepia pharaonis) 
Frozen:Crab(WHOLE CRAB, CUT CRAB /IF SHATTER PACK,CLAWS)"
-,,,,,,,,Page 5 of 23
68,ABAD FISHERIES PRIVATE LIMITED ,"S-31/40/1818-C15, 1st floor Baypride Tower, Marine Drive Ernakulam/682031, Kerala",4844104000,predocs@abad.in,,"KL1/MT/054/05 18/01/2005 
17/01/2026","Frozen 
Chilled","Frozen:Fish Wild(FROZEN FISH WHOLE ROUND/ WHOLE GUTTED/) 
Frozen:Shrimp Aquaculture(FROZEN HOSO 
VANNAMEI SHRIMPS/HL VANNAMEI SHRIMPS/) Frozen:Cuttlefish(FROZEN CUTTLEFISH WHOLE /WHOLE CLEANED /SOFT CFW/C) 
Frozen:Squid(FROZEN SQUID WHOLE / WHOLE CLEANED/SQ RINGS/SQTN,Loligo duvauceli,Loligo singhalensis,) 
Frozen:Octopus(gutted,cut 
pieces,cleaned,roe,strips,whole) 
Frozen:Lobster(WHOLE) 
Frozen:Crab(WHOLE CRAB)"
69,ABAD OVERSEAS PRIVATE LIMITED ,"40/1818,C16, Baypride Mall, Marine Drive, Kochi 
Ernakulam , Kerala 682 031, Kerala",0484 - 4104000,anwar@abad.in,www.abad.in,"KL1/MT/135/05 25/07/2005 
22/07/2023",Frozen,"Frozen:Shrimp Aquaculture(HEADON SHELLON VANNAMEI,HEADON SHELLON BLACK TIGER)"
70,ABM MARINE PRODUCTS 19/2084-E Nambiampuram ,"Road 
Palluruthy 
Cochin-682 006/682006, Kerala",,abmmarineproducts@gmail.com,,"KL1/MT/260/11 24/01/2011 
23/01/2026",Frozen,
71,ACCELERATED FREEZE DRYING CO. LTD ,"EP-IV/513, 
Ezhupunna, 
Alappuzha Dist, Kerala",4782872012,thomasmaria@amalgamfoods.in,,"KL1/MT/136/05 14/01/2005 
25/07/2023","Frozen 
Freeze Dried Dried 
Chilled","Frozen:Fish Wild(Sardinella longiceps,Stolephorus indicus,Lutjanus argentimaculatus,Lepturacanthus savala,Katsuwonus pelamis,Scomberomorus 
lineolatus,Rastrelliger kanagurta,Pampus 
argenteus,Pampus chinensis) 
Frozen:Shrimp Wild(Parapenaeopsis 
stylifera,Metapenaeous dobsoni,Penaeus 
indicus,Metapenaeous monocerous) 
Frozen:Shrimp Aquaculture(Penaeus 
monodon,Litopenaeus vannamei) 
Frozen:Cuttlefish(Sepia pharaonis,Sepia 
brevimana,Sepia arabica,Sepia trygonina) 
Frozen:Squid(Loligo duvacelli,Uroteuthis edulis) Frozen:Octopus(Octopus vulgaris,Octopus 
dollfusi,Octopus globosus) 
Frozen:Bivalves(Perna indica,Lamellidens 
marginalis,Crassostrea madrasensis,Meretrix 
meretrix,Villorita cyprinoides) 
Frozen:Crab(Scylla serrata,Scylla 
tranquebarica,Portunus pelagicus,Portunus 
sanguinolentus) 
Freeze Dried:Shrimp(Parapenaeopsis 
stylifera,Metapenaeous dobsoni,Penaeus 
indicus,Metapenaeous monocerous,Litopenaeus vannamei) 
Freeze Dried:Cephalopods(Sepia pharaonis,Octopus vulgaris,Loligo duvauceli,Uroteuthis edulis)"
72,AI MARINE PRODUCTS ,"INDIA PRIVATE LIMITED Plot No.32, KSIDC Industrial Growth Centre, 
Pallipuram Post, Cherthala, Alappuzha-688541, Kerala",9037383295,aimarinefoods@gmail.com,,"KL1/MT/477/22 14/07/2022 
13/07/2025",Frozen,
73,AL BADR SEAFOODS PVT LTD ,"PLOT NO.34 & 33B,CSEZ KAKKANAD, 
COCHIN -682037, Kerala",48444034242,albadrcsez13@gmail.com,,"KL1/MT/324/14 17/07/2014 
16/07/2023","Frozen 
Canned/Bottled/Retort Pouched Product","Canned/Bottled/Retort Pouched 
Product:Cooked(CANNED MARINE PRODUCT FISH TINNED SARDINE IN VEGET,CANNED MARINE PRODUCT FISH TINNED TUNA IN VEGETABL)"
74,AL FOUZAN EXPORTS ,"KP.VI/153, PARATHODIKA PARALIKUNNU, 
KAMBALAKKAD PO, 
WAYANAD-673121, Kerala",9447084759,alfozanexportsindia@gmail.com,,"KL1/MT/478/22 29/07/2022 
28/07/2025",Chilled,
75,ALTAIR EXPORTS ,"V/525, MANNAM 
SHADABDHI BUILDING, ANAVATHIL, 
MATTANCHERRY, 
KOCHI, KERALA-682002, Kerala",7403007403,info@altairexports.com,www.altairexports.com,"KL1/MT/471/22 25/05/2022 
24/05/2025",Live other than ornamental fish Chilled,
76,ANCHUTHARA FOOD PRODUCTS ,"POOCHACKAL PO 
CHERTHALA, Kerala",,anchutharafoods@yahoo.co.in,,"KL1/MT/250/10 04/08/2010 
01/08/2025",Canned/Bottled/Retort Pouched Product,
-,AQUA GENO EXIM,,,,,,,"	"
" 	
",,,,,,,,
,,"18/1555 Pallichal Road,
Kochi-05, Kerala",,bellfoods1968@gmail.com,www.bellbrand.com,21-12-2025,,
89,"BHARATH SEA FOODS Chandiroor, ","Alappuzha- 688 537 
/688537, Kerala",4782872220,bharathseafoods@gmail.com,,"KL1/MT/003/04 09/12/2004 
08/12/2025",Frozen,"Frozen:Fish Wild(FROZEN SKIPJACK 
TUNA,FROZEN RIBBION FISH,FROZEN 
YELLOWFIN TUNA,FROZEN SARDINE,FROZEN MACKEREL,FROZEN SEERFISH) 
Frozen:Shrimp Wild(FROZEN DEEPSEA SHRIMPS (HL ,HLSO,PD,PUD,PPV),FROZEN 
KARKKADI(HL,HLSO,PUD,PD,PPV),FROZEN POOVALAN(HL,HLSO,PUD,PD,PPV) 
Frozen:Shrimp Aquaculture(FROZEN VANNAMEI SHRIMPS(HL,HLSO,PD,PUD,PPV,PDPV))"
90,"BUSTHAN AL WATHANIYA PLOT No 29, KSIDC ","INDUSTRIAL GROWTH 
CENTRE, 
PALLIPPURAM P O, 
CHERTHALA, ALAPPUZHA-688541, Kerala",4782554041,busthanai@gmail.com,www.busthan.com,"KL1/MT/392/18 11/06/2018 
10/06/2024",Frozen,
91,BYRD FOODS ,"INTERNATIONAL LLP 
HALL No.02 & 03, SDF 
BUILDING 
KSIDC MEGA FOOD 
PARK,KSIDC IGC 
PALLIPURAM P.O., 
CHERTHALA, ALAPPUZHA-688541, Kerala",9846712220,info@byrdfoods.in,,"KL1/MT/468/22 10/03/2022 
09/03/2025",Canned/Bottled/Retort Pouched Product,
92,"CAP SEAFOODS PVT. LTD 1/71, Vypin Islands ","P O Azheekal, Kochi 
Kerala-682 510, Kerala",4844104005,cnf.cap@abadgroup.in,www.abad.co.in,"KL1/MT/053/05 18/01/2005 
18/01/2026",Frozen,
93,CHERUKATTU INDUSTRIES (MARINE DIVISION) ,"Aroor, 
Alappuzha-688 534, Kerala",4782873056,rajeshcherukattu@gmail.com,,"KL1/MT/004/04 09/12/2004 
08/12/2025",Frozen,
94,"DELSEA EXPORTS PVT.LTD 19/2055 A, Nambiapuram Road Palluruthy ","Cochin-682006, Kerala",4842234084,contact@delseaexports.com,www.delseaexports.com,"KL1/MT/288/12 17/07/2012 
14/07/2024","Frozen 
Chilled",
95,"DOLPHIN WIRES PVT LTD AP II/722, Industrial Estate Aroor-688 534 ","Alappuzha, Kerala",4782872185,dolphinmarinefoods@gmail.com,,"KL1/MT/312/13 20/12/2013 
19/12/2025",Frozen,
96,ECONOMIC FOOD ,"SOLUTIONS (P) LTD 
Plot No.4 Major Industrial Estate 
South Kalamassery, Kerala",,efsqad@gmail.com,,"KL1/MT/211/08 22/10/2008 
18/12/2023",Frozen,
97,EL TE MARINE PRODUCTS EL TE COMPLEX ,"CHANDIROOR, 
ALAPPUZHA-688537, Kerala",,info@eltemarine.com,,"KL1/MT/257/10 02/11/2010 
01/11/2022","Frozen 
Chilled","Frozen:Fish Wild(Indian mackerel,albacore,skipjack tuna,yellofin tuna,small head hairtail,Belt 
fish,Longspine Grouper,ribbonfish) 
Frozen:Shrimp Wild(Poovalan,Karikadi,Thelly,White Tiger,Brown shrimp,Scampi) 
Frozen:Cuttlefish(Cuttlefish whole,Cuttlefish whole cleaned) 
Frozen:Squid(squid needle,squid semineedle,squid round) 
Frozen:Octopus(octopus whole,octopus whole cleaned) Chilled:Fish Wild(scromboid fish,non scromboid 
fish,histamine forming fish,non-histamine forming fish)"
98,ELIXIR EXOTIC FOODS AND ALLIED PRODUCTS PVT ,"LTD 
XXII/3271 INDUSTRIAL 
DEV.AREA 
ANGAMALY SOUTH 
ERNAKULAM DIST 683 573, Kerala",4842454449,info@elixirfoods.com,www.elixir foods.com,"KL1/MT/331/14 30/12/2014 
29/12/2023","Canned/Bottled/Retort Pouched Product 
Dried",
99,EVERGREEN EXPORTS BEHIND PORT TRUST HOSPITAL ,"WILLINGDON ISLAND KOCHI 
/682003, Kerala",9447173337,evergreenexportslab786@gmail.c,,"KL1/MT/490/23 10/01/2023 
09/01/2026",Frozen,
-,EXCELLENT FISHERIES PRIVATE LIMITED ,"13/407 A, ERAMALLOOR
",,,,"KL1/MT/404/19
",,"	"
"
100",,"EZHUPUNNA ROAD 
EZHUPUNNA P O/688537, Kerala",9207980005,excellentfisheries@gmail.com,,11/01/2019 10/01/2025,"Frozen 
Chilled",
101,FEBIN MARINE FOODS ,"AP XI/144, CHANDIROOR 
ALAPPUZHA - 688 547, Kerala",4782879777,mail@febinmarine.com,,"KL1/MT/317/14 25/03/2014 
24/03/2023",Frozen,
102,FOODCO DELICACIES ,"INDIA(P)LTD 
XI/46R, 
THRICHATTUKULAM P O CHERTHALA 
ALAPPUZHA-688526, Kerala",4782522232,foodco@foodcoindia.com,www.foodcoindia.com,"KL1/MT/344/15 25/06/2015 
24/06/2021",Frozen,
103,FREEZE ENGINEERING ,"INDUSTRIES (P) L 
XVI/1109, Fisheries Harbour, Thoppumpady 
Kochi-5, Kerala",0484-2220306,,,"KL1/MT/019/04 03/01/2011 
16/12/2025",Frozen,
104,"FRESH CATCH EXPORTS DOOR NO.7/324A, ","DARUSSALEM ROAD, 
COCHIN, 
ERNAKULAM, 
KERALA./682002, Kerala",9846055567,freshcatchandhra@gmail.com,,"KL1/MT/368/16 06/10/2016 
04/10/2025",Frozen,
105,FRIENDS MARINE INDUSTRIES ,"Door No.537/538 
Ezhupunna 
/688537, Kerala",9495292085,friends.marine.ind@gmail.com,,"KL1/MT/430/20 23/06/2020 
22/06/2023",Frozen,"Frozen:Fish Wild(Frozen Ribbonfish Whole) 
Frozen:Shrimp Wild(Frozen Poovalan PUD 
Shrimps,Frozen Karikkadi PUD Shrimps,Frozen 
Seawater PUD Shrimps,Frozen Brown PUD 
Shrimps,Frozen Seawater PD Shrimps) 
Frozen:Shrimp Aquaculture(Frozen PUD 
Shrimps,Frozen headless shell on Vannamei Shrimps) Frozen:Cuttlefish(Frozen Cuttlefish Whole,Frozen 
Cuttlefish Whole Cleaned,Cuttlefish I.F) 
Frozen:Squid(Frozen Squid Whole,Frozen Squid Whole Cleaned) 
Frozen:Octopus(Frozen Octopus Whole,Frozen 
Octopus Cleaned)"
106,FRONTLINE EXPORTS (P) LTD ,"II/814, Industrial Estate 
AROOR, Alappuzha 
KERALA 688534, Kerala",4782874497,frontlinecochi@gmail.com,,"KL1/MT/017/04 15/12/2004 
14/12/2025",Frozen,"Frozen:Fish Wild(FROZEN SKIP JACK TUNA 
WHOLE,FROZEN YELLOW FIN TUNA 
WHOLE,FROZEN LEATHER JACKET 
WHOLE,FROZEN LEATHER JACKET 
HGT,FROZEN YELLOW FIN TUNA GG,FROZEN INDIAN MACKEREL WHOLE,FROZEN RIBBON FISH WHOLE,FROZEN RED SNAPPER 
WHOLE,FROZEN REEFCOD WHOLE,FROZEN BONITO TUNA WHOLE,FROZEN SARDINE 
HGT,FROZEN INDIAN OIL SARDINE 
WHOLE,FROZEN YELLOWFIN TUNA MOON CUT DRESSED FILLET) 
Frozen:Shrimp Wild(FROZEN THELLY 
SHRIMP,FROZEN KARIKKADI PUD 
SHRIMP,FROZEN POOVALAN PUD 
SHRIMPS,FROZEN HOSO POOVALAN 
SHRIMPS,FROZEN SHRIMPS 
HOSO(SOLENOCERA CRASSICORNIS),FROZEN PUD SHRIMPS(SOLENOCERA CRASSICORNIS)) Frozen:Shrimp Aquaculture(FROZEN HEAD LESS SHELL ON VANNAMEI SHRIMPS,FROZEN PUD VANNAMEI SHRIMPS) 
Frozen:Cuttlefish(FROZEN CUTTLE FISH WHOLE) Frozen:Squid(FROZEN SQUID WHOLE,FROZEN SQUID WHOLE SEMI NEEDLE) 
Frozen:Octopus(FROZEN OCTOPUS WHOLE)"
107,GENERAL DRY FISH EXPORTS ,"VI/ 96B, 
PALLIKKAL BAZAR, VENGARA P.O.
MALAPPURAM/676304, Kerala",9847233407,generaldryfishexports407@gmail.com,,"KL1/MT/463/22 05/01/2022 
04/01/2025",Dried,
108,GEO AQUATIC PRODUCTS PVT.LTD ,"XI/64-A, Veluthully Road 
Chandiroor 
Alleppey/688547, Kerala",4782876910,geoaquatic@gmail.com,,"KL1/MT/304/13 07/06/2013 
06/06/2025","Frozen 
Chilled",
109,GEO SEAFOODS ,"P B NO.906, Pallichal Road Palluruthy, 
Kochi-6, Kerala",4842232695,mail@geoseafoods.com,www.geoseafoods.com,"KL1/MT/007/04 09/12/2004 
08/12/2025",Frozen,
-,,,,,,,,
110,GKS BUSINESS ASSOCIATES (P) LIMITED ,"GKS COMPLEX, 
AROOKUTTY FERRY ROAD ALAPPUZHA 
AROOR/688534, Kerala",4782874555,mailus@gksmail.com,www.gksseafood.com,"KL1/MT/010/04 09/12/2004 
08/12/2025",Frozen,"Frozen:Fish Wild(FROZEN SKIP JACK TUNA 
WHOLE,FROZEN YELLOW FIN TUNA 
WHOLE,FROZEN MACKEREL WHOLE) 
Frozen:Shrimp Wild(BLOCK FROZEN PUD 
SHRIMPS,BLOCK FROZEN PD SHRIMPS) 
Frozen:Shrimp Aquaculture(BLOCK FROZEN HLSO VANNAMEI SHRIMPS) 
Frozen:Cuttlefish(FROZEN CUTTLEFISH 
WHOLE,BLOCK FROZEN CUTTLEFISH WHOLE CLEANED,FROZEN CUTTLEFISH WHOLE 
CLEANED IF) 
Frozen:Squid(FROZEN SQUID WHOLE,FROZEN SQUID WHOLE CLEANED,FROZEN SQUID 
TUBE,FROZEN SQUID TENTACLES,FROZEN 
SQUID TUBE & TENTACLES) 
Frozen:Octopus(FROZEN BABY OCTOPUS 
WHOLE,FROZEN OCTOPUS WHOLE (LONG 
LEG),BLOCK FROZEN OCTOPUS WHOLE 
CLEANED,FROZEN OCTOPUS WHOLE CLEANED (TRAY PACK)) 
Frozen:Gastropod(FROZEN BAIGAI WHOLE)"
111,GLOBAL FISHERIES & ,"TRADERS 
Koomullil House 
Pulickamaly P O., Mulanthuruty Ernakulam, PIN- 682314, 
Kerala",9447746273,john.alias@ymail.com,,"KL1/MT/473/22 23/06/2022 
22/06/2025",Live other than ornamental fish,
112,GLOBAL MARINE ,"36/2479,A 1 
ANANDASSERY HOUSE 
K K ROAD KALOOR, KOCHI 682017, Kerala",4842345666,globalmarineekm@gmail.com,www.globalfisheriesntraders.com,"KL1/MT/400/18 05/10/2018 
04/10/2021",Live other than ornamental fish,
113,GRAND MARINE FOODS ,"11/750 A Industrial 
Development Area 
Aroor-688534, Alappuzha Dist., Kerala, India 
Tel: 04782875555, Fax: 
04782874055, Kerala",4782875555,grandmarinefoods@gmail.com,,"KL1/MT/283/12 23/05/2012 
21/05/2024","Frozen 
Chilled",
114,HIC-ABF SPECIAL FOODS (P) LTD ,"Project Colony Road, Industrial Development Area, 
Aroor/Alappuzha 
Kerala 688 534, Kerala",0478-2871360,hic-abf@hic-abf.com,,"KL1/MT/013/04 14/12/2004 
13/12/2025","Canned/Bottled/Retort Pouched Product 
Freeze Dried",
115,HIGH SEAS EXIM ,"AP X/102 
CHANDIROOR-688 547 ALAPPUZHA, Kerala",,hsemindia@gmail.com,,"KL1/MT/226/09 20/05/2009 
19/05/2024","Frozen 
Chilled",
116,HT FOODS PVT. LTD.,"PLOT No.17/SDF GROUND FLOOR 
UNIT 3&4, CSEZ-
KAKKANAD 
COCHIN-682037, Kerala",4844058500,htfoodslab@gmail.com,www.htfoods.com,"KL1/MT/429/20 20/03/2020 
03/02/2026",Frozen,"Frozen:Fish Wild(FROZEN FISH WHOLE 
IQF,FROZEN FISH GILLED AND GUTTED IQF) Frozen:Fish Aquaculture(FROZEN FISH STEAKS IQF) 
Frozen:Shrimp Wild(FROZEN HEADON SHRIMPS IQF,FROZEN HEADLESS SHRIMPS IQF,FROZEN PUD SHRIMPS IQF,FROZEN PD SHRIMPS 
IQF,FROZEN PD TAIL ON SHRIMPS IQF) 
Frozen:Shrimp Aquaculture(FROZEN PUD SHRIMPS IQF,FROZEN PD SHRIMPS IQF) 
Frozen:Cuttlefish(FROZEN CUTTLEFISH WHOLE CLEANED IQF,FROZEN CUTTLEFISH STRIPS IQF,FROZEN CUTTLEFISH TENTACLES IQF) Frozen:Squid(FROZEN SQUID WHOLE CLEANED IQF,FROZEN SQUID RINGS IQF,FROZEN SQUID TENTACLES IQF,FROZEN SQUID TUBES 
IQF,FROZEN SQUID WHOLE IQF) 
Frozen:Octopus(FROZEN OCTOPUS WHOLE 
CLEANED IQF)"
117,INDIA SEA FOODS (REGD) Kannamaly ,"Kochi-8, Kerala",4842231041,inseafoo@md3.vsnl.net.in,,"KL1/MT/009/04 09/12/2004 
08/12/2025",Frozen,
-,,,,,,,,"Frozen:Fish Wild(FROZEN SKIP JACK TUNA WHOLE,FROZEN YELLOW FIN TUNA 
WHOLE,FROZEN BONITO TUNA,FROZEN INDIAN MACKEREL,FROZEN MAHI 
MAHI,FROZEN LEATHER JACKET,FROZEN RIBBION FISH,FROZEN SARDINE 
WHOLE,FROZEN GROUPER) 
Frozen:Shrimp Wild(FROZEN PUD SHRIMP POOVALAN,FROZEN PUD BROWN PINK
	"
"
118",,"INDIAN MARINE 
INDUSTRIES 
20/550B NAMBIAPURAM PALLURUTHY 
COCHIN-6, Kerala",,imarinei@vsnl.net,,"KL1/MT/227/09 09/06/2009 
07/06/2024","Frozen 
Chilled","
SHRIMP/PINK SHRIMP,FROZEN PUD PINK 
SHRIMP,FROZEN KARIKADY PUD) 
Frozen:Cuttlefish(FROZEN CUTTLE FISH 
WHOLE,FROZEN CUTTLE FISH CLEANED) 
Frozen:Squid(FROZEN SQUID WHOLE,FROZEN SQUID CLEANED,FROZEN SQUID TUBE,FROZEN SQUID TUBE AND TENTACLES,FROZEN SQUID NEEDLE,FROZEN SQUID SEMI NEEDLE) 
Frozen:Octopus(FROZEN OCTOPUS 
WHOLE,FROZEN OCTOPUS CLEANED) 
Chilled:Fish Wild(CHILLED ANCHOVY,CHILLED MACKEREL,CHILLED SARDINE,CHILLED PEARL SPOT,CHILLED WHITE POMFRET,CHILLED SOLE FISH) 
Chilled:Shrimp Wild(CHILLED WHITE 
SHRIMP,CHILLED BLACK TIGER SHRIMP) 
Chilled:Squid(CHILLED SQUID)"
119,INSAF TRADERS AND EXPORTS ,"BP4/15 
NEAR HED 
OFFICE,BEYPORE 
P.O,CALICUT 
/673015, Kerala",4952414035,insaftradersandexports@gmail.com,,"KL1/MT/216/09 19/01/2009 
17/01/2026","Dried 
Chilled",
120,INTERNATIONAL ,"FREEZFISH EXPORTS A.P. II/810, C.I.E.
Aroor, 
Alappuzha Dist, Kerala",4782875722,ifexports@gmail.com,,"KL1/MT/012/04 09/12/2004 
08/12/2025","Frozen 
Chilled","Frozen:Fish Wild(FROZEN SKIPJACK TUNA 
WHOLE ROUND,FROZEN YELLOWFIN TUNA WHOLE ROUND,FROZEN SARDINE WHOLE 
ROUND IF,FROZEN INDIAN MACKEREL WHOLE IF,FROZEN RIBBON FISH WHOLE IF,FROZEN LEATHER JACKET WHOLE IF) 
Frozen:Shrimp Wild(FROZEN PUD SHRIMP 
BLOCK,FROZEN PD(BROWN,WHITE) SHRIMP BLOCK,INDIVIDUALLY FROZEN HLSO RED 
RING SHRIMP) 
Frozen:Shrimp Aquaculture(BLOCK FROZEN PUD VANNAMEI SHRIMP,BLOCK FROZEN HLSO 
VANNAMEI SHRIMP) 
Frozen:Cuttlefish(BLOCK FROZEN CUTTLEFISH WHOLE CLEANED,INDIVIDULLAY FROZEN 
CUTTLEFISH WHOLE CLEANED,BLOCK FROZEN CUTTLEFISH WHOLE) 
Frozen:Squid(BLOCK FROZEN SQUID 
WHOLE,BLOCK FROZEN SQUID WHOLE 
CLEANED,BLAST FROZEN SQUID 
WHOLE,FROZEN SQUID WHOLE CUT RINGS) Frozen:Octopus(BLOCK FROZEN OCTOPUS 
WHOLE,BLOCK FROZEN OCTOPUS WHOLE 
GUTTED)"
121,INTERSEAS ,"Bldg.No.119, Ward No.VII Chandiroor- 688 547 
Alappuzha/688547, Kerala",4782872288,interseas8@gmail.com,www.interseas.in,"KL1/MT/015/04 15/12/2004 
14/12/2025",Frozen,
122,JUDE FOODS INDIA PVT LTD ,"C-5, CASABLANCA 
APARTMENTS 
VAZHAKALA,KAKKANAD COCHIN-682 030, Kerala","4,65,22,57,71,22,57,540",info@judefoodsindia.com,,"KL1/MT/218/09 13/02/2009 
11/02/2024","Frozen 
Chilled",
123,K M FISHERIES ,"XIII/2, LIGHT HOUSE 
JUNCTION, 
AZHIKODE P.O, 
KODUNGALLUR 
THRISSUR/680666, Kerala",4802817111,kmfisheries@gmail.com,www.kmfisheries.com,"KL1/MT/428/20 17/03/2020 
16/03/2023",Frozen,
-,,,,,,,,"Frozen:Shrimp Wild(FR. PEELED UNDEVEINED BLANCHED SEA CAUGHT SHRIMPS,FR.
COOKED PUD SHRIMPS IQF,FR. BLANCHED PUD SHRIMPS IQF,FR. RAW PUD SHRIMPS BLOCK,FR.
COOKED PEELED DEVEINED SHRIMPS IQF,FR.
COOKED PEELED UNDEVEINED DEEP SEA SHRIMPS IQF,FR.BLANCHED PEELED 
UNDEVEINED DEEP SEA SHRIMPS IQF,FR. RAW PEELED DEVEINED SHRIMPS BLOCK) 
Frozen:Shrimp Aquaculture(FR. COOKED PEELED DEVEINED TAIL OFF SHRIMPS IQF,FR. RAW PEELED DEVEINED TAIL OFF SHRIMPS IQF,FR.
PD COOKED VANNAMEI TAIL OFF SHRIMPS IQF,FR.PEELED PULLED DEVEINED RAW VANNAMEI SHRIMPBLOCK,FR. PD COOKED TAIL OFF VANNAMEI SHRIMP IQF,FR. PD COOKED TAIL ON VANNAMEI SHRIMP 
IQF,FROZEN RAW PD TAIL OFF VANNAMEI
"
"
124",,"KAY KAY EXPORTS 
Kay Kay House 
39/116, Mullassery Canal Road Cochin 682011, Kerala",4842355856,kk@kaykayexports.com,,"KL1/MT/024/04 17/12/2004 
16/12/2025",Frozen,"
SHRIMPS IQF,FROZEN RAW PD TAIL ON 
VANNAMEI SHRIMPS IQF,FR. PUD RAW 
VANNAMEI SHRIMPS BLOCK,FR. RAW PUD VANNAMEI SHRIMPS IQF,FR. COOKED PUD VANNAMEI SHRIMPS IQF,FR.COOKED PEELED DEVEINED SHRIMPS IQF,FR. RAW PEELED PIN DEVEINED TAIL ON SHRIMPS IQF) 
Frozen:Cuttlefish(FR. RAW WHOLE CLEANED CUTTLEFISH IF,FR. CUTTLEFISH ROE 
BLOCK,FR. CUTTLEFISH FILLETS BLOCK) Frozen:Squid(FR. BLANCHED SQUID RINGS IQF,FR. BLANCHED SQUID TUBES IQF,FR.
BLANCHED SQUID TENTACLES IQF,FR.
BLANCHED SQUID BROKEN IQF,FR. COOKED SQUID TUBES IQF,FR. COOKED SQUID 
TENTACLES IQF,FR. COOKED SQUID RINGS IQF,FR. SQUID WHOLE CLEANED BLOCK,FR.
RAW SQUID TUBES AND TENTACLES 
BLOCK,FR. RAW SQUID TUBES BLOCK,FR. RAW SQUID RINGS BLOCK) 
Frozen:Octopus(FR. RAW WHOLE CLEANED 
OCTOPUS IQF,FR. BLANCHED OCTOPUS IQF,FR.
RAW OCTOPUS BLOCK)"
125,KERALA STATE ,"COOPERATIVE 
FEDERATION FOR 
FISHERIES DEVELOPMENT LTD.
Kamaleswaram 
Manacadu Post 
Trivandrum - 9, Kerala",4842225509,mifp2018@gmail.com,,"KL2/MT/002/04 24/12/2004 
12/02/2025",Frozen,"Frozen:Fish Wild(FROZEN SKIP JACK TUNA 
WHOLE ROUND,FROZEN YELLOW FIN TUNA WHOLE ROUND,FROZEN GROUPER WHOLE ROUND,FROZEN SAIL FISH HGT,FROZEN TUNA LOINS,FROZEN SWORD FISH LOINS,FROZEN SWORD FISH STEAKS,FROZEN RED SNAPPER FILLET SKIN ON SCALE OFF,FROZEN 
MACKEREL WHOLE ROUND,FROZEN EMPEROR FISH,FROZEN PEARL SPOT,FROZEN YELLOW FIN TUNA H/ON GUTTED) 
Frozen:Shrimp Wild(FROZEN THELLY 
SHRIMP,FROZEN FRESH WATER 
SHRIMP,FROZEN PD SHRIMP,FROZEN PUD 
SHRIMP,FROZEN SHRIMP,FROZEN SHRIMP 
HL,FROZEN PD POOVALAN SHRIMP,FROZEN PUD POOVALAN SHRIMP,FROZEN PD 
KARIKKADI SHRIMP,FROZEN PUD BROWN 
SHRIMP,FROZEN PD WHITE SHRIMP,FROZEN PD TIGER SHRIMP,FROZEN TIGER SHRIMP HL) Frozen:Cuttlefish(FROZEN CUTTLE FISH WHOLE ROUND,FROZEN CUTTLE FISH CLEANED) 
Frozen:Squid(FROZEN SQUID WHOLE 
ROUND,FROZEN SEMI NEEDLE SQUID WHOLE ROUND,FROZEN SQUID RINGS,FROZEN SQUID CLEANED,FROZEN SQUID TUBES CLEANED)"
126,KINGS SEAFOODS ,"VAYALIL HOUSE 
CONTONMENT NORTH KOLLAM-691001, Kerala",4742771362,kingsndk@gmail.com,,"KL2/MT/051/12 07/06/2012 
04/06/2024","Frozen 
Chilled",
127,LANDMARK EXPORTS TC.36/138(2) ,"VALLAKKADAVU 
TRIVANDRUM, Kerala",4712507038,landmarkxport@gmail.com,,"KL2/MT/035/07 16/04/2007 
13/04/2025",Dried,
128,LUKE EXPORT ,"VETTUTHOTTIL, 
SAKTHIKULANGARA KOLLAM 691 581, Kerala",4742771221,info@lukeexport.com,,"KL2/MT/038/07 30/04/2007 
13/05/2025","Frozen 
Live other than ornamental fish Chilled",
129,M/S EMINENT SEAFOODS PVT LTD ,"PLOT NO:9, 16/1127 A 
FISHING HARBOUR, 
THOPPUMPADY 
THOPPUMPADY.P.O, 
COCHIN -5/682005, Kerala",4842222256,evergreenexportsaj1@gmail.com,,"KL1/MT/362/16 30/05/2016 
29/05/2025",Frozen,
"130
-",M/S FREEZE EXIM ,"AP 1/160, 
AROOR, ALAPPUZHA 
KERALA - 688534, INDIA,
",2872655,freezefish@gmail.com,,"KL1/MT/188/07 16/07/2007 
14/07/2025
","Frozen
","Frozen:Fish Wild(YELLOWFIN TUNA 
WHOLE,YELLOWFIN TUNA GILLED AND 
GUTTED,SKIPJACK TUNA WHOLE,INDIAN 
MACKEREL WHOLE,LEATHER JACKET 
WHOLE,LEATHER JACKET HEADLESS TAILLESS SKINOFF,RIBBON FISH WHOLE,RED 
SNAPPER,WHITE SNAPPER,PEARL SPOT,WHITE POMFRET,JAPANEESE THREAD FIN 
BREAM,SARDINE WHOLE,SARDINE HGT,SEER FISH,LITTLE TUNNY) 
Frozen:Shrimp Wild(SHRIMP WHOLE,SHRIMP 
HEADLESS,SHRIMP HEADLESS EASY 
PEEL,SHRIMP HEADLESS DEEPCUT,SHRIMP PEELED TAIL ON (FAN TAIL ROUND),SHRIMP PD
"
,,Kerala,,,,,,"
TAIL ON,SHRIMP FAN TAIL BUTTERFLY,SHRIMP PD,SHRIMP PUD) 
Frozen:Cuttlefish(CUTTLE FISH 
WHOLE,CUTTLEFISH WHOLE 
CLEANED,CUTTLEFISH ROE,CUTTLEFISH 
TENTACLES,CUTTLEFISH FILLET) 
Frozen:Squid(SQUID WHOLE,SQUID WHOLE 
CLEANED,SQUID TUBES,SQUID 
TENTACLES,SQUID RINGS) 
Frozen:Octopus(OCTOPUS WHOLE,OCTOPUS 
WHOLE CLEANED)"
131,M/S INTEGRATED RUBIAN EXPORTS LTD ,"AP 1/163, RUBIAN COMPLEX INDUSTRIAL ESTATE 
AROOR -688534, 
ALAPPUZHA DIST, Kerala",4782872329,info@irel.in,www.irel.in,"KL1/MT/338/15 13/03/2015 
12/03/2018","Frozen 
Canned/Bottled/Retort Pouched Product 
Chilled",
132,M/S NAS FISHERIES ,"PRIVATE LIMITED 
NO:16/1712 OLDNO:22/1173 A, 
OLDNO:22/1173 A 
N.H 47,EDAKOCHI/682010, Kerala",9895539396,nasfisheries2014@gmail.com,,"KL1/MT/410/19 06/05/2019 
05/05/2025",Frozen,"Frozen:Fish Wild(Fish Whole Round/Head on,Head On Gutted,Headless Gutted,Headless Tail On,Fish 
Steaks,Fish Fillet,Gutted Tail On & Gutted Tail,Fish Roe(Eggs),Fish Loins,Gilled And Gutted) 
Frozen:Shrimp Wild(Shrimp Head on,Shrimp 
Headless,Shrimp Peeled And Undeveined(PUD),Peeled And De-veined(PD),Shrimp Peeled And Undeveined Tail on,Peeled And De-veined tail on,Peeled And De-veined Pulled Vein,Butterfly shrimp,Skewers,Easy 
Peel,Fantail Round) 
Frozen:Shrimp Aquaculture(Shrimp Head on,Shrimp Headless,Shrimp Peeled And Undeveined(PUD),Peeled And De-veined(PD),Shrimp Peeled And Undeveined Tail on,Peeled And De-veined tail on,Peeled And De-veined Pulled Vein,Butterfly shrimp,Skewers,Easy Peel) Frozen:Cuttlefish(Frozen Cuttlefish Whole,Cuttlefish Whole Cleaned,cuttlefish Wings,Cuttlefish 
Tentacles,Cuttlefish Fillets,Cuttlefish ink,Cuttlefish Roe,Cuttlefish Skin) 
Frozen:Squid(Frozen Squid Whole,Squid Whole 
Cleaned,Squid Tubes,Squid Tentacles,Squid 
Rings,Squid Fillets,Stuffed Squid) 
Frozen:Octopus(Frozen Octopus Whole,Octopus Whole Cleaned,Octopus Flower,Octopus Eyes And 
peacock,Frozen Cut Octopus) 
Frozen:Lobster(Frozen Lobster Whole,Lobster 
Headless,Lobster Meat) 
Frozen:Crab(Cut Crab With Or Without Claw,Crab Headless,Crab Whole)"
133,M/S PENVER PRODUCTS LIMITED ,"AP22 / 610 A & 610 B, 
DISTRICT INDUSTRIES ESTATE, 
AROOR, ALAPPUZHA -688534, Kerala",4782872654,lab@penverproducts.com,penverproducts.com,"KL1/MT/199/08 07/02/2008 
06/02/2026",Frozen,
134,M/S SEABOY FISHERIES PVT. LTD.,"KP VI-1019 
PUTHENTHOPE 
TRIVANDRUM/695586, Kerala",4712750306,seaboyfisheries@gmail.com,,"KL2/MT/054/14 02/04/2014 
31/03/2023","Frozen 
Chilled",
135,M/S. BABY MARINE EASTERN EXPORTS Kalluvilla ,"Thangaseery 
Kollam/691007, Kerala",4742796168,bme@babymarine.com,www.babymarine.com,"KL2/MT/005/04 24/12/2004 
10/02/2025",Frozen,
136,M/S. CAPITHAN EXPORTING CO.,"Port Road, Sakthikulangara P.O.
District Kollam 
/691581, Kerala",4742770499,capithan@capithansgroup.com,www.capithans.com,"KL2/MT/009/04 27/12/2004 
25/12/2024","Frozen 
Chilled",
137,M/S. CHARLY FISHERIES Mamachanthuruth ,"Neendakara 
Kollam 691582, Kerala",7511113222,charlyfisheries@gmail.com,,"KL2/MT/042/09 11/06/2009 
09/06/2024",Frozen,
138,M/S.ESMARIO EXPORT ,"ENTERPRISES PRIVATE 
LIMITED 
F-1, 3rd Floor 
Surya Towers, S.P. Road 
Secundrabad - 500003, Andhra Pradesh",4742770791,seafoodexports@esmario.com,www.esmario.com,"KL2/MT/006/04 24/12/2004 
17/12/2024",Frozen,
-,,,,,,,,
139,M/S.GLOBAL EXPORTERS 108/A KOOLIMUTTAM ,"THRISSUR -680691, Kerala",48028441687,royalfoodstuffsindia@yahoo.co.in,,"KL1/MT/340/15 19/03/2015 
18/03/2024",Dried,
140,M/S.INDIAN AQUATIC PRODUCTS ,"Sakthikulangara 
Kollam, Kerala",4742772549,iapkollam@yahoo.com,,"KL2/MT/007/04 24/12/2004 
14/01/2025",Frozen,
141,M/S.KINGS MARINE PRODUCTS ,"ULIYAKOVIL 
Uliyakovil 
/691019, Kerala",9847072563,info@kingsmarine.biz,www.kingsmarine.biz,"KL2/MT/008/04 27/12/2004 
14/01/2025",Frozen,
142,"M/S.ROYAL OCEANS AP XII/528, OLD ","NH,CHANDIROOR 
ALAPPUZHA - 688547 ALAPPUZHA - 688547, KERALA, Kerala",4782879768,royaloceans771@gmail.com,,"KL1/MT/356/16 25/04/2016 
17/07/2025",Frozen,
143,M/S.SAFERA FOOD ,"INTERNATIONAL, 
IX/477, KANNAMALY P.O., COCHIN-682008, Kerala",,saferafoods@gmail.com,,"KL1/MT/231/09 09/07/2009 
07/07/2024",Frozen,
144,MANGALA MARINE EXIM INDIA PVT. LTD ,"XVI/1564, Bhat Memorial Bldg.
Thoppumpady 
Kochi-5, Kerala",4842231096,mangala@mangalagroup.com,mangalagroup.com,"KL1/MT/018/04 17/12/2004 
16/12/2025",Frozen,"Frozen:Shrimp Wild(FROZEN PUD 
SHRIMPS,FROZEN PD SHRIMPS,FROZEN HL SHRIMPS,FROZEN HEAD ON SHRIMPS) 
Frozen:Cuttlefish(FROZEN CF WHOLE,FROZEN CF CLEANED) 
Frozen:Squid(FROZEN SQUID WHOLE,FROZEN SQUID CLEANED,FROZEN SQUID 
TENTACLES,FROZEN SQUID RINGS,FROZEN SQUID TUBE)"
145,MANGALA SEAFOODS ,"Reg. Office: Bhat Memorial 
Bldng./Kochi 682 005 
Fac: Aroor Industrial Devt. Area Aroor, Alappuzha, Kerala",9.14842E+11,msf@mangalagroup.com,,"KL1/MT/280/12 27/03/2012 
25/03/2024",Frozen,"Frozen:Fish Aquaculture(FROZEN BLANCHED 
HEAD ON SHRIMPS IQF,FROZEN BLANCHED HL SHRIMPS IQF,FROZEN COOKED PD T/ON 
SHRIMPS IQF,FROZEN COOKED PUD SHRIMPS IQF,FROZEN COOKED PD SHRIMPS IQF,FROZEN COOKED EZ PEEL SHRIMPS IQF) 
Frozen:Shrimp Wild(FROZEN BLANCHED HEAD ON SHRIMPS IQF,FROZEN BLANCHED HL 
SHRIMPS IQF,FROZEN COOKED PD T/ON 
SHRIMPS IQF,FROZEN COOKED PUD SHRIMPS IQF,FROZEN COOKED PD SHRIMPS IQF,FROZEN COOKED EZ PEEL SHRIMPS IQF)"
146,MARBLE VALLEY FOODS AND BEVERAGES PRIVATE LIMITED ,"C-5, CASABLANCA 
APARTMENTS 
VAZHAKALA,KAKKANAD- 682030, Kerala",9489956865,info@marblevalleyfoods.com,,"KL1/MT/440/20 10/12/2020 
09/12/2023","Frozen 
Chilled",
147,"MARINE HYDROCOLLOIDS Deepa Building, Santo Gopalan Road, ","Chullickal 
Kochi-5/682005, Kerala",4842227241,marine@vsnl.com,www.meron.com,"KL1/MT/115/05 29/06/2005 
27/06/2023",Others-Edible,"Others-Edible:Agar Agar(Agar Agar Powder Food Grade,Agar Agar Powder Bacteriological Grade,Agar Agar Powder Pharmaceutical Grade,Agar Agar Powder Technical Grade,Spreadable Agar Agar Wondergel) Others-Edible:Kappa Carrageenan(Carrageenan) 
Others-Edible:Chitin(Chitin Powder)"
148,MARKSMEN MARINE PRODUCTS PRIVATE LIMITED ,"503, BAITHU AMMAN, KANIMANGALAM 
THRISSUR 
/680027, Kerala",8129270000,MARKSMENMARINE@GMAIL.COM,WWW.MARKSMENMARINE.COM,"KL1/MT/402/18 16/11/2018 
15/11/2024",Others-Non Edible Others-Edible,
149,MISTY FROZEN FOODS ,"5/237A, 
CHERTHALA AROOKUTTY ROAD, 
AROOKUTTY, ALAPPUZHA-688535, Kerala",9995532222,mistyfrozenfoods@gmail.com,,"KL1/MT/481/22 17/08/2022 
16/08/2025","Frozen 
Chilled",
150,MONSUN FOODS PRIVATE LIMITED ,"22/1194, Jetty Road 
Edakochi 
Kochi - 682010/682010, Kerala",0484-3291204,mail.monsunfoods@gmail.com,www.monsunfoods.com,"KL1/MT/285/12 01/06/2012 
30/05/2024","Frozen 
Chilled",
-,MOON FISHERY (INDIA) ,"PVT. LTD., 
28/60A-1, First Floor, 
G107,Panampilly Nagar,Kochi
",2319495,,,"KL1/MT/183/07
","Frozen
",
"
151",,"Factory:II/722DIndustrial Chemical Estate 
Aroor/Alappuzha 688534, Kerala",,moonindia@bsnl.in,moonmarine.com,23/05/2007 22/05/2025,Chilled,
152,"NATIONAL SEAFOODS CO., XIV/367-B, PB No.895, ","Srampical Road 
Kochi-5, Kerala",4842220321,mail@natlseafoods.in,,"KL1/MT/030/04 17/12/2004 
16/12/2022","Frozen 
Chilled",
153,"NMJ MARINE EXPORTS XIV-157/H, Mamoodu, ","Perumbaikad, Kottayam 
XIV-157/H, Mamoodu, 
Perumbaikad, Kottayam 
/686016, Kerala",9544143238,chenjumerin@gmail.com,,"KL1/MT/396/18 28/06/2018 
27/06/2024",Chilled,
154,NOTEL EXPORTS ,"2/269A, CHIKLAI 
VETTILAPARA P O 
ATHIRAPPILLY,TRICHUR-680721, Kerala",9048940191,info@notelexports.com,www.notelexports.com,"KL1/MT/332/15 09/01/2015 
08/01/2024",Dried,
155,"NPM AQUATIC FISH LINKS (P) LTD., ","Door No.14/546 (new No.14/70) Kechery P O 
Thrissur - 680 501, Kerala",0488-5266997,npm@npm.in,www.npm.in,"KL1/MT/197/08 24/01/2008 
22/01/2026",Others-Non Edible,
156,"OCEAN WEALTH EXPORTS EP9/92,93 ","KAKKATHURUTHU ROAD ERAMALLOOR PO 
CHERTHALA, ALAPPUZHA-688 537, Kerala",4782156844,oceanwealthexports@gmail.com,www.oceanwealthexports.com,"KL1/MT/238/10 12/01/2010 
11/01/2025",Frozen,
157,PARAGON SEA FOODS PVT.LTD ,"P.B. No.817,Thoppumpady, Kochi 682005 
Factory: Near Railway Over Bridge,Aroor 
Alappuza/688 534, Kerala",4782875715,paragonsfp@gmail.com,,"KL1/MT/096/05 09/05/2005 
07/05/2023",Frozen,"Frozen:Fish Wild(INDIVIDUALLY FROZEN SKIP JACK TUNA WHOLE,INDIVIDUALLY FROZEN YELLOW FIN TUNA WHOLE,FROZEN INDIAN MACKEREL WHOLE ROUND,INDIVIDUALLY FROZEN MACKEREL WHOLE ROUND,FROZEN RIBBON FISH WHOLE ROUND,INDIVIDUALLY FROZEN RIBBON FISH WHOLE (IWP),FROZEN INDIAN SARDINE WHOLE 
ROUND,INDIVIDUALY FROZEN INDIAN 
SARDINE WHOLE,FROZEN INDIAN SARDINE HEADLESS & GUTTED) 
Frozen:Shrimp Wild(FROZEN SHRIMP 
WHOLE,FROZEN HEADLES SHELL ON 
SHRIMP,FROZEN PEELED UNDEVEINED 
SHRIMP,FROZEN THELLY SHRIMP WHOLE) Frozen:Shrimp Aquaculture(FROZEN VANNAMEI SHRIMP WHOLE,FROZEN HEADLESS SHELL ON VANNAMEI SHRIMP,FROZEN PEELED 
UNDEVEINED VANNAMEI SHRIMP) 
Frozen:Cuttlefish(FROZEN CUTTLE FISH 
WHOLE,FROZEN CUTTLE FISH WHOLE 
CLEANED,INDIIDUALLY FROZEN CUTTLE FISH WHOLE,INDIVIDUALLY FROZEN CUTTLE FISH WHOLE CLEANED,FROZEN CUTTLE FISH ROE) Frozen:Squid(FROZEN SQUID WHOLE,FROZEN SQUID WHOLE CLEANED,FROZEN SQUID TUBE & TENTACLES,FROZEN SQUID 
RINGS,INDIVIDUALLY FROZEN SQUID 
WHOLE,INDIVIDUALLY FROZEN SQUID WHOLE CLEANED) 
Frozen:Octopus(FROZEN OCTOPUS 
WHOLE,FROZEN OCTOPUS WHOLE 
CLEANED,INDIDUALLY FROZEN OCTOPUS 
WHOLE)"
158,"PARAYIL FOOD PRODUCTS PVT LTD., ","Development Area 
Aroor-688 534 
Alappuzha, Kerala",2875143,exports@seafood-delight.com,,"KL1/MT/174/06 12/07/2006 
11/07/2024","Frozen 
Canned/Bottled/Retort Pouched Product 
Dried 
Chilled",
159,PEARL CITY MARINE ,"PRODUCTS PRIVATE 
LIMITED 
No : 14, 68, Pannithadam Road, Kechery PO, 
Thrissur, 
Thrissur/628903, Kerala",9443404784,pearlcitypcm@gmail.com,www.pearlcitymarine.com,"KL1/MT/426/20 04/02/2020 
03/02/2026",Others-Non Edible,
-,,,,,,,,"Frozen:Fish Wild(FROZEN INDIAN 
MACKEREL,FROZEN LEATHER JACKET) 
Frozen:Shrimp Wild(FROZEN RAW PUD SHRIMPS
"
,,,,,,,,
,,,,,,,,"
Frozen:Crab(Crab)"
164,PREMIER SEAFOODS EXIM PRIVATE LIMITED ,"ARAFATH 
DHANYA ROAD 
NETTOOR/682304, Kerala",9447044963,seafoods@bsnl.in,,"KL1/MT/409/19 11/03/2019 
10/03/2025",Frozen,"Frozen:Fish Wild(FROZEN WHOLE,FROZEN 
WHOLE GUTTED,FROZEN FISH FILLETS , 
STEAKS) 
Frozen:Shrimp Wild(FROZEN RAW PUD SHRIMPS IQF,FROZEN RAW PD SHRIMPS IQF,FROZEN 
BLANCHED PUD SHRIMPS IQF,FROZEN 
BLANCHED PD SHRIMPS IQF,FROZEN 
BLANCHED HL SHRIMPS IQF,FROZEN COOKED PUD SHRIMPS IQF,FROZEN COOKED PD 
SHRIMPS IQF,FROZEN RAW HL SHRIMPS 
IQF,BLOCK FROZEN PUD SHRIMPS,BLOCK 
FROZEN PD SHRIMPS,BLOCK FROZEN HL 
SHRIMPS) 
Frozen:Shrimp Aquaculture(BLOCK FROZEN HL SHRIMPS,BLOCK FROZEN PD SHRIMPS,BLOCK FROZEN PUD SHRIMPS,FROZEN RAW PD 
SHRIMPS IQF,FROZEN RAW PUD SHRIMPS 
IQF,FROZEN RAW HL SHRIMPS IQF,FROZEN 
RAW PDTO SHRIMPS IQF,FROZEN BLANCHED PUD SHRIMPS IQF,FROZEN BLANCHED PD 
SHRIMPS IQF,FROZEN BLANCHED HL SHRIMPS IQF,FROZEN COOKED PUD SHRIMPS 
IQF,FROZEN COOKED PD SHRIMPS IQF,FROZEN COOKED PD TO SHRIMPS IQF) 
Frozen:Cuttlefish(FROZEN WHOLE CUTTLE 
FISH,FROZEN WHOLE GUTTED,FROZEN WHOLE CLEANED) 
Frozen:Squid(FROZEN SQUID WHOLE,FROZEN SQUID WHOLE CLEANED,FROZEN SQUID 
TUBES,FROZEN RINGS & TENTACLES,FROZEN RAW SQUID CLEANED IQF,FROZEN RAW SQUID TUBES IQF,FROZEN SQUID RINGS IQF,FROZEN BLANCHED SQUID CLEANED IQF,FROZEN 
BLANCHED SQUID RINGS IQF,FROZEN 
BLANCHED SQUID TUBES IQF) 
Frozen:Octopus(FROZEN OCTOPUS 
WHOLE,FROZEN OCTOPUS WHOLE 
GUTTED,FROZEN OCTOPUS WHOLE GUTTED IQF,FROZEN BLANCHED OCTOPUS CLEANED IQF)"
165,PROFAND VAYALAT ,"MARINE EXPORTS PRIVATE LTD 
Off: CC XVIII/58/Kochi 682 
005 
Fac: CCXXIII/1804/Binny Road Palluruthy/Kochi 682 006, 
Kerala",4842231508,profandvayalat@gmail.com,www.vayalat.com,"KL1/MT/208/08 04/09/2008 
03/09/2023",Frozen,"Frozen:Cuttlefish(CUTTLEFISH WHOLE 
BLOCK,CUTTLEFISH WHOLE CLEANED BLOCK, IF & IQF,CUTTLEFISH STRIPS IQF,FROZEN 
CUTTLEFISH ROE BLOCK,FROZEN CUTTLEFISH INK BLOCK) 
Frozen:Squid(FROZEN SQUID WHOLE BLOCK, IF & IQF,FROZEN SQUID WHOLE CLEANED 
BLOCK,IQF,FROZEN SQUID RINGS & 
TENTACLES IQF, BLK, TRAY PACK,FROZEN 
SQUID TUBES BLOCK,FROZEN SQUID TUBES & TENTACLES BLOCK,TRAY PACK,FROZEN SQUID TUBES BLOCK, TRAY PACK,FROZEN SQUID TENTACLES IQF, TRAY PACK, BLOCK) 
Frozen:Octopus(FROZEN OCTOPUS WHOLE 
BLOCK,FROZENT OCTOPUS WHOLE CLEANED BLOCK, TRAY PACK)"
166,QFROZ TRADES PRIVATE LIMITED ,"XXII/623, (AP II/857A), 
INDUSTRIAL AREA, 
AROOR/688534, Kerala",4782872157,qfrozlab@gmail.com,,"KL1/MT/413/19 16/05/2019 
15/05/2025","Frozen 
Chilled","Frozen:Fish Wild(FISH WHOLE, FISH WHOLE 
GUTTED ,,FISH WHOLE GILLED &GUTTED, FISH STEAKS, FISH LOINS) 
Frozen:Shrimp Wild(WHOLE, HEAD LESS, PUD, PD) 
Frozen:Shrimp Aquaculture(FROZEN HLSO 
VANNAMEI SHRIMP,VANNAMEI SHRIMP -PUD, PD) 
Frozen:Cuttlefish(CUTTLEFISH WHOLE, 
CUTTLEFISH WHOLE CLEANED,CUTTLEFSH FILLET ,CUTTLEFISH ROE ,) 
Frozen:Squid(SQUID WHOLE, SQUID WHOLE 
CLEANED, SQUID TUBE,,SQUID TENTACLES , SQUID RINGS) 
Frozen:Octopus(OCTOPUS WHOLE, OCTOPUS WHOLE GUTTED,)"
167,R F EXPORTS ,"V/399, Ezhupuna Panchayat Eramalloor.P.O.
Alappuzha Dist, Kerala",4782872428,mail@rfexports.in,www.rfexports.com,"KL1/MT/014/04 15/12/2004 
14/12/2025",Frozen,
-,,,,,,,,"Frozen:Fish Wild(FROZEN SKIP JACK 
TUNA,FROZEN YELLOW FIN TUNA,FROZEN BONITO TUNA,FROZEN INDIAN 
MACKERAL,FROZEN SARDINE,FROZEN
	"
"
168",,"RABIA SEA FOODS 
XX/550, Nambiapuram Road, Palluruthy, 
Kochi- 682 006, Kerala",4842231783,rabiasf1998@yahoo.co.in,,"KL1/MT/090/05 25/04/2005 
24/04/2023","Frozen 
Chilled","
LEATHER JACKET,FROZEN GROUPER,FROZEN MAHI MAHI,FROZEN RIBBON FISH) 
Frozen:Shrimp Wild(FROZEN PUD SHRIMP 
KARIKADY,FROZEN PUD POOVALAN,FROZEN PUD PINK SHRIMP,FROZEN HL WHITE SHRIMP) Frozen:Cuttlefish(FROZEN CUTTLE FISH 
WHOLE,FROZEN CUTTLE FISH WHOLE 
CLEANED) 
Frozen:Squid(FROZEN SQUID WHOLE,FROZEN SQUID WHOLE CLEANED,FROZEN SQUID 
TUBE,FROZEN SQUID TUBE AND 
TENTACLES,FROZEN SQUID NEEDLE,FROZEN SQUID SEMI NEEDLE) 
Frozen:Octopus(FROZEN OCTOPUS 
WHOLE,FROZEN OCTOPUS WHOLE CLEANED)"
169,RELISH CUSTOM FOODS XIV/193-194 ,"TDMC PO 
VALANJAVAZHY/688005, Kerala",4772272259,relishcustomfoods@gmail.com,www.relishcustomfoods.com,"KL1/MT/411/19 06/05/2019 
05/05/2022",Dried,
170,RELISH FOODS ,"XIV/190-192 
BEACH ROAD 
VALANJAVAZHI 
ALAPPUZHA/688005, Kerala",4772272029,relishfoodsamz@gmail.com,www.relishfoodsindia.com,"KL1/MT/489/22 20/12/2022 
19/12/2025","Frozen 
Chilled",
171,"S H MARINE EXIM 22/1396, ","Edakochi 
Kochi-682 006, Kerala",4843197696,shmarineexim@gmail.com,,"KL1/MT/302/13 31/05/2013 
30/05/2025",Frozen,"Frozen:Fish Wild(FROZEN INDIAN 
MACKEREL,FROZEN INDIAN OIL 
SARDINE,FROZEN SKIP JACK TUNA,FROZEN YELLOWFIN TUNA,FROZEN RIBBON 
FISH,FROZEN REEFCOD,FROZEN RED 
SNAPPER,FROZEN BARRACUDA,FROZEN 
EMPEROR FISH) 
Frozen:Shrimp Wild(FROZEN PUD/PD/HLSO 
WHITE SHRIMPS,FROZEN PUD/PD/HLSO RED RING SHRIMPS,FROZEN PUD /PD/HLSO DEEP SEA SHRIMPS,FROZEN PUD/PD/HLSO BROWN SHRIMPS,FROZEN PUD/PD/HLSO POOVALAN SHRIMPS,FROZEN PUD/PD/HLSO KARIKADI SHRIMPS,FROZEN PUD/PD/HLSO THELLY 
SHRIMPS,FROZEN PUD/PD/HLSO PINK 
SHRIMPS) 
Frozen:Shrimp Aquaculture(FROZEN HLSO/PUD/PD LITOPENAEUS VANNAMEI) 
Frozen:Cuttlefish(FROZEN CUTTLEFISH 
WHOLE,FROZEN CUTTLE FISH WHOLE 
CLEANED) 
Frozen:Squid(FROZEN NEEDLE SQUID 
WHOLE/CLEANED/TUBES&TENTACLES,FROZEN SEMINEEDLE SQUID 
WHOLE/CLEANED/TUBES&TN,FROZEN WHITE SQUID WHOLE/CLEANED/TUBES&TENTACLES) Frozen:Octopus(FROZEN OCTOPUS 
WHOLE,FROZEN OCTOPUS WHOLE 
CLEANED,FROZEN BABY OCTOPUS 
WHOLE/WHOLE CLEANED,FROZEN OCTOPUS WHOLE LONG ARM/SHORT ARM,FROZEN 
OCTOPUS WHOLE CLEANED LONG ARM/SHORT ARM)"
172,"SAN MARINE EXPORTS GOVT.BOATYARD ROAD SAKTHIKULANGARA P O KOLLAM - 691581, Kerala",,9.14743E+11,sanmarineexports@outlook.com,,"KL2/MT/044/10 20/01/2010 
18/01/2025","Frozen 
Chilled",
173,SEAFOOD INNOVATIONS Nilackathanam House ,"Kannethu Road, 
Chakkaraparambu 
Thammanam P O, Kochi 682 032, Kerala",9447182001,seafoodinnovation@yahoo.co.in,,"KL1/MT/306/13 30/07/2013 
29/07/2025",Frozen,
174,SEAFOOD PARK (INDIA) ,"LTD 
XIII/99A, 
Keltron Road 
AROOR 688534/688534, Kerala",0478-2871376,seafoodpark@hotmail.com,,"KL1/MT/078/05 09/09/2020 
08/09/2023",Frozen,
-,,,,,,,,"Frozen:Fish Wild(LEATHER JACKET(ALUTERUS MONOCEROS,INDIAN 
MACKERAL(RASTRELLIGER 
KANAGURTA),SARDINES(SARDINELLA 
LONGICEPS),YELLOW FIN TUNA(THUNNUS ALBACARES),SKIP JACK TUNA(KATSWONUS PELAMIS),SEER FISH(SCOMBEROMORUS 
LINEOLATUS))) 
	"
"
175",,"SEAFRESH EXPORTS LTD P.B.NO.9 ,INDUSTRIAL 
ESTATE 
AROOR 
ALAPPUZHA/688534, Kerala",4782873279,seafreshexports@ymail.com,,"KL1/MT/369/16 10/11/2016 
09/11/2025","Frozen 
Chilled","
Frozen:Shrimp Wild(POOVALAN 
SHRIMP(METAPENAEUS DOBSONI),BROWN SHRIMP(METAPENAEUS 
AFFINIS),KARIKKADI(PARAPENAEOPSIS 
STYLIFERA,DEEP SEA SHRIMPS(SOLONOCERA CRASSICORNIS),WHITE SHRIMPS(PENAEUS INDICUS),CHOODAN(METAPENAEUS 
MONOCEROS)) 
Frozen:Shrimp Aquaculture(VANNAMEI 
SHRIMP(LITOPENAEUS VANNAMEI)) 
Frozen:Cuttlefish(CUTTLE FISH(SEIA 
PHARAONIS)) 
Frozen:Squid(Indian squid(Uroteuthis duvauceli),Semi needle squid(Uroteuthis sibogae),Squid(Loligo 
duvauceli)) 
Frozen:Octopus(Octopus (Octopus 
membranaceus),Octopus(Octopus vulgaris))"
176,SILVER STAR SEAFOODS LIMITED ,"XI/64, Anwar Palace 
Chandiroor P.O 
Alapuzha Dist./688537, Kerala",4782873237,seafoodsilverstar@gmail.com,"www,Orchid Marine.com","KL1/MT/178/06 02/11/2006 
02/11/2024","Frozen 
Chilled",
177,"SLS EXPORTS PVT LTD 22/1377, Edakochi ","Kochi 682 010 
Kerala, Kerala",9.14842E+11,slsexports@vsnl.net,,"KL1/MT/266/11 06/06/2011 
05/06/2023",Frozen,"Frozen:Fish Wild(frozen histamine forming 
fishes,frozen non histamine forming fishes) 
Frozen:Shrimp Wild(frozen deep sea shrimps,frozen head on and head less shrimps poovalan,frozen head on head less PUD PD karikkadi shrimps,frozen head on head less PUD PD kazhanthan shrimps,frozen head on head less PUD PD naran shrimps,frozen red shrimps) Frozen:Shrimp Aquaculture(frozen head on head less PUD PD vannamei shrimps) 
Frozen:Cuttlefish(frozen cuttlefish whole cleaned,frozen cuttlefish whole,frozen cuttlefish whole cleaned skin on tentacles,frozen cuttlefish roe) 
Frozen:Squid(frozen squid whole,frozen squid whole cleaned,frozen squid whole semi needle,frozen squid whole cleaned semi needle,frozen squid whole 
needle,frozen squid whole cleaned needle,frozen squid whole loligo,frozen squid rings and tentacles,frozen squid tube and tentacles,frozen squid) 
Frozen:Octopus(frozen octopus whole,frozen octopus gutted and cleaned,frozen octopus whole short 
arm,frozen octopus whole long arm,frozen 
octopus,frozen octopus whole cleaned) 
Frozen:Gastropod(frozen baigai whole,frozen sea 
snail,frozen top shell,frozen clam meat) 
Frozen:Bivalves(frozen baigai whole,frozen sea 
snail,frozen top shell,frozen clam meat)"
178,STAR FISH EXPORTS AP 1 21 ALGINATE ,"INDUSTRIES BLDG, 
INDUSTRIAL ESTATE, AROOR, ALAPPUZHA, KERALA/688534, Kerala",4842327109,starfishcochin@gmail.com,www.starfishexports.com,"KL1/MT/040/04 27/12/2004 
25/12/2025","Frozen 
Chilled",
179,SUN AQUATIC PRODUCTS PRIVATE LIMITED ,"PLOT-31 
KSIDC-INDUSTRIAL 
GROWTH CENTER 
PALLIPURAM P.O., 
CHERTHALA/688541, Kerala",4842231508,sunaquatic@gmail.com,,"KL1/MT/488/22 15/12/2022 
14/12/2025",Frozen,
180,THREE STAR MARINE ,"EXPORTS 
Regd.Office: 10/15, Azhikode Jetty P O 
Kodungalloor/Thrissur 
Fac: APII 634A, INDUSTRIAL ESTATE,AROOR/688534, 
Kerala",9.14783E+11,tmearoor@gmail.com,nil,"KL1/MT/272/11 18/08/2011 
16/08/2023",Frozen,"Frozen:Fish Wild(SARDINE SARDINELLA 
LONGICEPS,MACKERAL RASTRELLIGER 
KANAGURTA,RIBBON FISH LEPTURACANTHUS SAVALA,SKIP JACK TUNA KATSUWONUS 
PELAMIS,YELLOW FIN TUNA THUNNUS 
ALBACARES,ANCHOVY ANCHOVIELLA 
COMMERSIONI,LEATHER JACKET ALUTERUS SPP,SNAPER LUTJANUS MALABARICUS,WHITE SHRIMP PENAEUS INDICUS,MARINE SHRIMP PARAPENEOPSIS STYLIFERA,BROWN SHRIMP METAPENAEUS MONOCEROS,KING SHRIMP METAPENAEUS AFFINIS,CUTTLEFISH SEPIA PHARAONIS,SQUID LOLIGO DUVAUCELI,SQUID UROTEUTHIS DUVAUCELI,OCTPUS OCTPUS SPP.,OCTOPUS OCTOPUS MEMBRANACEUS)"
181,TORRY HARRIS SEAFOODS PRIVATE LTD ,"THIRUMALA WARD, C.C.N.B ROAD 
CHUNGOM 
ALAPPUZHA - 688 011, Kerala",4782873340,crescentexp123@gmail.com,,"KL1/MT/028/04 17/12/2004 
16/12/2025",Frozen,
,,,,,,,,
182,TRY MARINE EXPORTS ,"XV/19(A),SAYED MOHAMED ROAD,EDAVANAKAD 
ERNAKULAM, COCHIN 
/682502, Kerala",9447603789,trymarine1986@gmail.com,,"KL1/MT/446/21 09/04/2021 
08/04/2024",Chilled,
183,"U & CO MARINE EXPORTS 112/8, KANIYANTHARA ","HOUSE 
IYYAMPALLY PO, 
CHERUVYPEKARA 
ERNAKULAM, Kerala",4842509309,uncomarines@gmail.com,,"KL1/MT/248/10 26/07/2010 
24/07/2025","Frozen 
Chilled",
184,UNIROYAL MARINE EXPORTS LTD ,"11/19, Vengalam.P.O.
Calicut 
/673303, Kerala",4962633781,ume@uniroyalmarine.com,uniroyalmarine.com,"KL1/MT/035/04 21/12/2004 
20/12/2025",Frozen,"Frozen:Shrimp Wild(FROZEN COOKED PUD 
SHRIMPS IQF,FROZEN COOKED PD SHRIMPS IQF,FROZEN COOKED PDTO SHRIMPS 
IQF,FROZEN BLANCHED PUD/PD/PDTO 
SHRIMPS IQF,FROZEN RAW PUD/PD/PDTO/H/ON SHRIMPS IQF) 
Frozen:Shrimp Aquaculture(FROZEN COOKED PUD SHRIMPS IQF,FROZEN COOKED PD SHRIMPS IQF,FROZEN COOKED PDTO SHRIMPS 
IQF,FROZEN BLANCHED PUD/PD/PDTO 
SHRIMPS IQF,FROZEN RAW PUD/PD/PDTO/H/ON SHRIMPS IQF) 
Frozen:Cuttlefish(FROZEN 
COOKED/BLANCHED/RAW CUTTLEFISH IQF) Frozen:Squid(FROZEN COOKED/BLANCHED 
CEPHALOPODS IQF,FROZEN RAW 
CEPHALOPODS IQF) 
Frozen:Octopus(FROZEN 
COOKED/BLANCHED/RAW OCTOPUS IQF)"
"185
-",VERONICA MARINE ,"EXPORTS PRIVATE LTD Door No.21/50-A 
Cherthala Thaluk, Aroor 
Alappuzha - 688534, Kerala
",9447072987,veronicamarine2019@gmail.com,,"KL1/MT/416/19 05/07/2019 
30/07/2025
","Frozen
","Frozen:Fish Wild(FROZEN LEATHER JACKET 
FILLET,FROZEN SKIP JACK TUNA FILLET 
IF,FROZEN RIBBON FISH FILLET,FROZEN 
FROZEN MOONCUT FISH FILLET TUNA,FROZEN MACKERAL WHOLE ROUND,FROZEN WHOLE ROUND SARDINE,FROZEN YELLOW FIN TUNA MOON CUT FILLET,FOZEN MAHI MAHI 
FILLET,FROZEN MAHI MAHI WHOLE,FROZEN REEF CODE FILLET,FROZEN REDNAPPER 
FILLET,FROZEN WHITE SNAPPER 
FILLET,FROZEN REDSNAPPER WHOLE,FROZEN WHITE SNAPPER WHOLE) 
Frozen:Shrimp Wild(FROZEN DEEP SEA PUD 
SHRIMPS BLOCK,FROZEN PUD POOVALAN 
SHRIMPS BLOCK,FROZEN PUD KARIKKADI 
SHRIMPS BLOCK,FROZEN PD SHRIMPS 
BLOCK,FROZEN PUD SHRIMPS IF,FROZEN 
WHITE SHRIMPS,FROZEN BROWN SHRIMPS) Frozen:Shrimp Aquaculture(FROZEN HEADLESS SHELLON VANNAMEI BLOCK,FROZEN HEADON SHELLON VANNAMIE BLOCK,FROZEN RAW PD VANNAMEI SHRIMPS,FROZEN PUD VANNAMEI SHRIMPS) 
Frozen:Cuttlefish(FROZEN CUTTLEFISH WHOLE BLOCK,FROZEN WHOLE CLEANED CUTTLEFISH BLOCK,FROZEN WHOLE CLEANED CUTTLEFISH IF,FROZEN CUTTLEFISH ROE BLOCK,FROZEN CUTTLEFISH INK BLOCK,FROZEN CUTTLEFISH SKIN,FROZEN CUTTLEFISH WHOLE IF,FROZEN CUTTLE BONE) 
Frozen:Squid(FROZEN SQUID WHOLE 
BLOCK,FROZEN SQUID WHOLE 
ROUND,FROZEN SQUID WHOLE 
LOLIGO,FROZEN SQUID WHOLE 
SEMINEEDLE,FROZEN SQUID WHOLE 
NEEDLE,FROZEN SQUID WHOLE IF,FROZEN SQUID WHOLE SEMI IF,FROZEN SQUID WHOLE CLEANED BLOCK,FROZEN SQUID WHOLE 
CLEANED IF,FROZEN BABY SQUID 
BLOCK,FROZEN BIGFIN REEF SQUID WHOLE BLOCK,FROZEN CUT SQUID SKIN ON RINGS AND TENTACLES,FROZEN STUFFED SQUID 
IF,FROZEN SQUID FLOWER CUT,FROZEN SQUID RINGS,FROZEN SQUID TENTACLES IF) 
Frozen:Octopus(FROZEN OCTOPUS WHOLE 
BLOCK,FROZEN OCTOPUS WHOLE IF,FROZEN OCTOPUS WHOLE GUTTED &CLEANED 
BLOCK,FROZEN OCTOPUS GUTTED & CLEANED IF,FROZEN BABY OCTOPUS WHOLE 
CLEANED,FROZEN OCTOPUS WHOLE 
CLEANED,FROZEN OCTOPUS WHOLE ROUND SHORT ARM,FROZEN WHOLE ROUND LONG ARM) 
"
,,,,,,,,"
Frozen:Gastropod(FROZEN BAIGAI 
WHOLE,FROZEN SEA SNAIL) 
Frozen:Lobster(FROZEN LOBSTER WHOLE) Frozen:Crab(FROZEN CUT CRAB)"
186,VTJ MARINE ,"KATTIPPARAMBU 
KANNAMALY 
KOCHI-682008, Kerala",9946067776,vtmarine1@gmail.com,,"KL1/MT/442/21 21/01/2021 
20/01/2024",Frozen,
187,AQUA PETS ,"INTERNATIONAL 
TP 5/418 
PONNAMKAYAM 
THIRUVAMBADY, 
KOZHIKODE-673603, Kerala",9495676016,aquapetsin@gmail.com,,"KL1/OF/458/21 08/11/2021 
07/11/2024",Ornamental Fish,
188,AQUALIFE EXPORT ,"INTERNATIONAL 
35/305 
KOTTAYATT THAZHA 
PUDUPPANAM PO, 
VADAKARA, KOZHIKODE-673105, Kerala",8589802060,indiaaqualife@gmail.com,,"KL1/OF/457/21 12/10/2021 
11/10/2024",Ornamental Fish,
189,"AQUALINE EXPORTS 1/194, Pananghat ","Akkikavu, Thrissur, 
Kerala-680 519, Kerala",,aqualinexports@yahoo.com,,"KL1/OF/198/08 06/02/2008 
04/02/2023","Ornamental Fish 
Others-Non Edible",
190,DOLSTON G ,"CHRIST BHAVAN 
NNRA B 8 
AMBALATHINKARA KAZHAKUTTOM 
/695582, Kerala",9446703774,dolstong@gmail.com,www.wildbettatvm.com,"KL1/OF/451/21 09/08/2021 
08/08/2024",Ornamental Fish,"Ornamental Fish:Fresh Water(Betta Fish,Ornamental Shrimp)"
191,FABCERN PET CARE ,"ENTERPRISES PRIVATE LIMITED 
5/224A, KALLIYATHODI VAZHAMPURAM 
MANNARKKAD, 
PALAKKAD-678595, Kerala",7012242075,info@fabcern.com,www.horizonein.com,"KL1/OF/485/22 04/10/2022 
03/10/2025",Ornamental Fish,
192,KENNETH JULIUS ,"6/884, Ground Floor, YMCA Building 
Kannur Road, 
Kozhikode, Kerala-673001, Kerala",9048857793,thearkclt@gmail.com,,"KL1/OF/460/21 15/11/2021 
14/11/2024",Ornamental Fish,
193,KERALA AQUA VENTURES INTERNATIONAL ,"LTD(KAVIL) 
EAST KADUNGALLOOR 
U C COLLEGE PO 
ALUVA-683102, Kerala",,kavilindia@gmail.com,,"KL1/OF/256/10 07/10/2010 
06/10/2022",Ornamental Fish,
194,"KONIKKARA INDUSTRIES XII/1249-B, ","Chullickal 
Kochi-5, Kerala",2212771,mail@konikkara.com,,"KL1/OF/114/05 27/06/2005 
26/06/2023",Ornamental Fish,
195,M/S VARUN ,"KUTTARITUNARY 
1/954-A, Near Collectors 
Bunglow 
West Hill 
Kozhikode - 673005, Kerala",9742103105,varun.kuttaritunary@gmail.com,,"KL1/OF/445/21 08/04/2021 
07/04/2024",Ornamental Fish,
196,OJEEN VEGETABLES ,"X 474 
RANIYA COMPLEX 
KAKKODI/673611, Kerala",9847969365,hariskakkodi@gmail.com,ojeenindia.com,"KL1/OF/437/20 23/09/2020 
22/09/2023",Ornamental Fish,
197,"SREEPADMA AQUA FLORA V/262, AYKAT HOUSE ","ASOKAPURAM 
ALUVA-683 101, Kerala",4842837072,mail@sreepadma.com,,"KL1/OF/241/10 08/02/2010 
07/02/2025","Ornamental Fish 
Others-Non Edible",
198,TRAVANCORE AQUAPETS South Aduvassery P O ,"Chengamanad 
Aluva, Kochi -683578, Kerala",2313227,pushpangadhankr@yahoo.com,,"KL1/OF/043/05 20/08/2009 
18/08/2024","Ornamental Fish 
Others-Non Edible",
"199
-",AQUA SEA FOOD INDIA ,"PRIVATE LIMITED 
16/1083-A, HADEES CENTRE NEAR COCHIN FISHERIES
",9.19846E+11,,,"KL1/RX/433/20 20/07/2020 
","Frozen 
Canned/Bottled/Retort Pouched Product
",
,,"HARBOUR 
KARUVELIPADY/682005, Kerala",,aquadocuments@gmail.com,,19-07-2023,"Freeze Dried Dried 
Chilled",
200,BABY MARINE EASTERN EXPORTS ,"KALLUVILA 
THANGASSERY 
KOLLAM - 691007, Kerala",9388950001,bme@babymarine.com,www.babymarine.com,"KL1/RX/474/22 23/06/2022 
22/06/2025",Frozen,
201,"BLUE SEA EXPORTS 18/2338 F , TRINITY ","BUILDING 
KOCHUPALLY ROAD, COCHIN/682005, Kerala",4844022381,mailbluec@gmail.com,-,"KL1/RX/432/20 02/07/2020 
01/07/2023","Frozen 
Chilled",
202,CORAL EXPORTS ,"16/90C, Karakkattukunnu, Mekkad PO, 
Athani, Ernakulam - 683589, Kerala",9442128660,lissy@coralexports.in,,"KL1/RX/414/19 07/06/2019 
06/06/2025","Frozen 
Chilled",
203,FINESSE MARKET LINK PRIVATE LIMITED ,"T.C. 9/328-5, LA-4 
JAWAHAR NAGAR 
TRIVANDRUM - 695003, Kerala",9995945885,exports@thefinessegroup.com,,"KL1/RX/467/22 10/02/2022 
09/02/2025",Frozen,
204,"FRESH CATCH EXPORTS 7/324-A, Darussalam Road, Kappalandimukku, ","Mattancherry, Kochi-682002, Kerala",9846055567,freshcatchexports@gmail.com,www.shrimpsindia.com,"KL1/RX/480/22 04/08/2022 
03/08/2025","Frozen 
Canned/Bottled/Retort Pouched Product 
Freeze Dried 
Dried 
Chilled",
205,GRAND MARINE FOODS No 11/750A ,"Industrial Development Area, Aroor, Alappuzha-688534, Kerala",4782875555,grandmarinefoods@gmail.com,,"KL1/RX/484/22 05/09/2022 
04/09/2025",Frozen,
206,MANGALA MARINE EXIM INDIA PRIVATE LIMITED BHAT MEMORIAL ,"BUILDING 
THOPPUMPADY 
KOCHI-682005, Kerala",9846422991,mangala@mangalagroup.com,www.mangalagroup.com,"KL1/RX/487/22 04/11/2022 
03/11/2025","Frozen 
Canned/Bottled/Retort Pouched Product 
Chilled",
207,PREMIER EXPORTS ,"INTERNATIONAL 
AP XII/800, CHANDIROOR, ALAPPUZHA, 
PIN-688547, Kerala",9847095621,premier.pei@gmail.com,,"KL1/RX/475/22 23/06/2022 
22/06/2025",Frozen,
208,PREMIER SEAFOODS EXIM PVT LTD ,"ARAFATH 
DHANYA THEATRE ROAD NETTOOR/682304, Kerala",9447044963,seafoods@bsnl.in,,"KL1/RX/384/17 08/12/2017 
07/12/2023",Frozen,
209,PROTECH ORGANO FOODS PVT LTD ,"PLOT NO 19 & 20, KSIDC 
MEGA FOOD PARK 
KSIDC GROWTH CENTRE, PALLIPURAM 
CHERTHALA, ALAPPUZHA-688541, Kerala",4782552300,pofoods.cok15@gmail.com,,"KL1/RX/476/22 13/07/2022 
12/07/2025",Frozen,
210,ROSHAN FOODS PVT LTD 22/1194 ,"JETTY ROAD 
EDAKOCHI/682010, Kerala",4842327575,info@roshanfoods.com,www.roshanfoods.com,"KL1/RX/357/16 29/04/2016 
28/04/2025",Frozen,
211,"ROYAL MARINE EXPORTS 9/143M, RGs BUILDING ","NEAR GOVT. HIGH SCHOOL CHANDIROOR, ALAPPUZHA DISTRCT/688537, Kerala",9387221434,royalmarineexports@gmail.com,,"KL1/RX/438/20 15/10/2020 
14/10/2023",Frozen,
212,SUMI MERCANTILE ,"COMPANY PVT LTD 
39/5866/A 
PARAMBITHARA CROSS ROAD 
PANAMPILLY 
NAGAR/682036, Kerala",4842310558,sumisindia@gmail.com,www.sumisindia.com,"KL1/RX/453/21 14/09/2021 
13/09/2024",Dried,
,,,,,,,,
,,,,,,,,
,,,,,,,,
08-02-2023:01:43:20,SoftWare Design & Hosting Credits : NIC Lakshadweep,,,,,,,
