1,A R EXPORTS ,"KARIMI MANZIL, 
BATTIWALI STREET 
BAHARKOT, VERAVAL, Gujarat",8511786115,arexports16@gmail.com,-,"GU1/ME/304/16 14/09/2016 
19/03/2025",Frozen,"Frozen:Fish Wild(FROZEN RIBBON FISH,FROZEN YELLOW 
CROAKER,,FROZEN SILVER CROAKER,FROZEN SILVER 
POMFRET,FROZEN SOLE FISH , FROZEN REEF COD,FROZEN SQUID WHOLE FROZEN INDIAN MACKEREL,,FROZEN HORSE MACKEREL,FROZEN LEATHER JACKET,FROZEN CUTTLE 
FISH,FROZEN LIZARD FISH,FROZEN BOMBAY DUCK,FROZEN YELLOW CROAKER,,FROZEN MERLIN FISH,FROZEN JAPANESE THREADFIN BREAM,FROZEN LIZARD FISH,FROZEN STING RAY WHOLE,FROZEN BONITO TUNA,FROZEN CAT FISH)"
2,ABIHA SEA FOODS ,"ALIBHAI SOCIETY ROAD, KAUSHAR COLONY 
VERAVAL, Gujarat",8140843218,abihaseafoods@gmail.com,-,"GU1/ME/390/22 05/09/2022 
04/09/2025",Frozen,
3,AHMED FOODS ,"MALEK WADA 
PRABHAS PATAN VERAVAL, Gujarat",2876231249,ahmedfoods.vrl@gmail.com,,"GU1/ME/271/14 14/10/2014 
13/10/2023",Frozen,"Frozen:Fish Wild(FROZEN RIBBON FISH,FROZEN REEF 
COD,FROZEN CROAKER FISH,FROZEN LEATHER JACKET 
FISH,FROZEN BULL EYE FISH,FROZEN JAPANESE THREADFIN BREAM,FROZEN TIGER TOOTH CROAKER FISH,FROZEN BIG MOUTH CROAKER,FROZEN SOLE FISH,FROZEN BOMBAY 
DUCK,FROZEN TILAPIA FISH,FROZEN BARRACUDA 
FISH,FROZEN BLACK EEL,FROZEN SCAD FISH,FROZEN HORSE MACKEREL,FROEN INDIAN MACKEREL,FROZEN FRINGE SCALE SARDINELLA,FROZEN BLACK SEA BREAM,FROZEN EEL 
FISH,FROZEN STING RAY,FROZEN LIZARD FISH,FROZEN RED SNAPPER,FROZEN EMPEROR,FROZEN SQUID,FROZEN 
OCTOPUS,FROZEN MAHI MAHI,FROZEN SKIP JACK TUNA,FROEN BONITO TUNA,FROZEN YELLOW FIN TUNA)"
4,AL YAHYA EXPORTS ,"CITY HEIGHT APARTMENT FLAT NO. 701 
CHAR CHOWK, BAHAR 
KOT,VERAVAL, Gujarat",8160248007,alyahyaexports@gmail.com,-,"GU1/ME/381/21 25/10/2021 
24/10/2024",Frozen,"Frozen:Fish Wild(FROZEN RIBBON FISH,FROZEN YELLOW 
CROAKER, FROZEN SILVER CROAKER,FROZEN SILVER 
POMFRET,FROZEN CHINESE POMFRET,FROZEN SOLE FISH , FROZEN REEF COD,FROZEN SOLE FISH , FROZEN SQUID 
WHOLE,FROZEN SPANISH MACKEREL . FROZEN INDIAN 
MACKEREL ,,FROZEN HORSE MACKEREL,FROZEN LEATHER JACKET,FROZEN CUTTLE FISH,FROZEN LIZARD FISH,FROZEN BOMBAY DUCK,FROZEN BARRACUDA,FROZEN KINGFISH WHOLE,,FROZEN EEL FISH, FROZEN TILAPIA,FROZEN YELLOW TAIL SCAD, FROZEN MAHI MAHI,FROZEN QUEEN FISH)"
5,"AMARNATH FOODS Ghanshyam Plot, ","Street No 4, 
Veraval, Gujarat",9228271570,amarnathfooddocs@gmail.com,,"GU1/ME/229/13 11/02/2013 
10/02/2025",Frozen,
6,AMBAR FROZEN FOODS OPP. NEW SHABINA ,"FOODS, 
GIDC AREA, NR. REAL FROZEN FOODS, Gujarat",2876233266,ambarfrozenfoodsdoc@gmail.com,,"GU1/ME/305/16 14/09/2016 
13/09/2025",Frozen,
7,ANMOL EXPORT ,"PLOT NO.1017 
GIDC ESTATE, 
VERAVAL GIR 
SOMNATH/362269, Gujarat",2876233501,ANMOLEXPORT16@GMAIL.COM,,"GU1/ME/307/16 28/09/2016 
27/09/2022",Frozen,
8,ASHRA INTERNATIONAL PLOT NO.1406 ,"G.I.D.C ESTATE 
VERAVAL/362269, Gujarat",9228403275,ilyaspatni@gmail.com,,"GU1/ME/321/17 04/08/2017 
03/08/2020",Dried,
9,DHARMA EXPORTS ,"Near Chamunda Ice Factory Bandar Road , Vanakbara-DIU (UT) 
/362570, Daman & Diu",9737514444,dharmaexportsdiu@gmail.com,,"GU1/ME/300/16 09/08/2016 
08/08/2022",Frozen,
10,DHARMIKA MARINE ,"EXPORTS 
NEAR F.C.I GODAWN 
IN VERAVAL PORT 
VERAVAL-362 265, Gujarat",9879714355,dharmikamarine@gmail.com,,"GU1/ME/236/13 05/08/2013 
04/08/2022",Frozen,
, ,,,,,"
",,
"
11",GAIBI EXPORTS,"JABBAR CHOWK,NEAR BAHARKOT MASJID VERAVAL GIR 
SOMNATH,GUJARAT, Gujarat",9924686577,gaibiexports@gmail.com,,GU1/ME/359/19 13/08/2019 12/08/2025,Frozen,"Frozen:Fish Aquaculture(FROZEN RIBBON FISH,FROZEN CROAKER FISH,FROZEN CUTTLE FISH WHOLE,FROZEN BABY CUTTLE FISH WHOLE,FROZEN SQUID WHOLE,FROZEN INDIAN 
MACKEREL,FROZEN HORSE MACKEREL,FROZEN SKIP JACK TUNA,FROZEN REEF CODE WHOLE,FROZEN SOLE FISH,FROZEN YELLOW FIN TUNA,FROZEN LEATHER JACKET FISH 
WHOLE,FROZEN MAHI MAHI,FROZEN SQUID WHOLE 
CLEANED,FROZEN SQUID RING AND TENTACLES,FROZEN OCTOPUS WHOLE)"
12,GLOBUS MARINE ,"EXPORTS 
YOGINI VIDHYUT NAGAR SOCIETY 
60 FEET ROAD 
/362265, Gujarat",9978881087,globusexpo@gmail.com,,"GU1/ME/315/17 21/03/2017 
20/03/2023",Frozen,
13,GOHEL EXPORTS ,"Krishna, Ghanshyam Plot, Street No.7, Veraval, Gujarat",9228875177,gohelexports@yahoo.com,www.gohelexports.com,"GU1/ME/189/11 22/09/2011 
21/09/2023",Frozen,"Frozen:Fish Wild(FROZEN RIBBON FISH,FROZEN CROAKER FISH,Frozen Sole Fish,Frozen Reef cod Whole,Frozen Katti Fish,Frozen Cuttlefish Whole,Frozen Tuna,Frozen Horse Mackerel,Frozen Yellow Tail Scad,Frozen Cat Fish,Frozen Mahi Mahi,Frozen EEL Fish,Frozen Indian Mackerel,Frozen Bombay Duck,Frozen Squid Whole,Frozen Japanese Threadfin Bream,Frozen Kawa fish,Frozen Leather Jacket,Frozen Shad Fish,Frozen Sting Ray,Frozen Hilsa Fish,Frozen Black Sea Bream,Frozen Barracuda,Frozen Lady Fish,Frozen Lizard Fish,Frozen Emperor,Frozen Dorab Fish,Frozen Octopus)"
14,HALAL EXPORTS ,"PLOT NO-104/A,G.I.D.C ESTATE.
VERAVAL,GIR 
SOMNATH,GUJARAT, Gujarat",9624795601,halal.document@gmail.com,,"GU1/ME/323/17 25/09/2017 
24/09/2023",Frozen,"Frozen:Fish Wild(FROZEN RIBBON FISH,FROZEN SOLE 
FISH,RIBBON CROAKER FISH,FROZEN OCTOPUS FISH,FROZEN SQUID FISH,FROZEN EEL FISH,FROZEN CAT FISH,FROZEN MAHI MAHI,FROZEN QUEEN FISH,FROZEN CUTTLE FISH,FROZEN LOBSTER,FROZEN SEA WHITE,FROZEN TUNA FISH,FROZEN MACKEREL FISH,FROZEN REEFCOD FISH,FROZEN LEATHER JACKET FISH,FROZEN SHRIMP)"
15,HAMMAD FROZEN FOODS ZAVERI BAZAR ,"VERAVAL, Gujarat",9099022506,hammadfrozenfoods@gmail.com,,"GU1/ME/319/17 06/07/2017 
05/07/2023",Frozen,
16,HANNAN EXPORTS ,"DURVESH MANZIL 
OPP. KHUSHBU 
APARTMENT SHAHIGARA COLONY VERAVAL/362265, Gujarat",9898596961,hannanexports2019@gmail.com,,"GU1/ME/357/19 13/08/2019 
12/08/2022",Frozen,"Frozen:Fish Wild(FROZEN RIBBON FISH,FROZEN SOLE 
FISH,RIBBON CROAKER FISH,FROZEN OCTOPUS FISH,FROZEN SQUID FISH,FROZEN EEL FISH,FROZEN CAT FISH,FROZEN MAHI MAHI,FROZEN QUEEN FISH,FROZEN CUTTLE FISH,FROZEN LOBSTER,FROZEN SEA WHITE,FROZEN TUNA FISH,FROZEN MACKEREL FISH,FROZEN REEFCOD FISH,FROZEN LEATHER JACKET FISH)"
17,HASNAIN SEA FOOD ,"SHAHIGARA COLONY NEAR MAHEK SCHOOL VERAVAL-362265/362265, Gujarat",9727414384,hasnainseafood2018@gmail.com,,"GU1/ME/363/19 23/10/2019 
22/10/2025",Dried,
18,HLN ENTERPRISES ,"B-113, Vivekanand Society, Opp. G.I.D.C. Estate, 
Somnath Road, Veraval-
362268, Gujarat",2876232288,,,"GU1/ME/151/09 11/09/2009 
09/09/2021",Frozen,
19,I K FOODS ,"VESTERN FOODS KHARAKUVA 
VERAVAL, Gujarat",9601087302,ikfood14@gmail.com,,"GU1/ME/299/16 21/07/2016 
20/07/2025",Frozen,"Frozen:Fish Wild(FROZEN RIBBON FISH,FROZEN SOLE 
FISH,FROZEN CROAKER FISH,FROZEN OCTOPUS FISH,FROZEN SQUID FISH,FROZEN EEL FISH,FROZEN CAT FISH,FROZEN MAHI MAHI,FROZEN QUEEN FISH,FROZEN CUTTLE FISH,FROZEN LOBSTER,FROZEN SEA WHITE,FROZEN TUNA FISH,FROZEN MACKEREL FISH,FROZEN REEFCOD,FROZEN LEATHER JACKET FISH,FROZEN SILVER POMFRET,FROZEN HORSE 
MACKEREL,FROZEN LIZARD FISH,FROZEN BOMBAY 
DUCK,FROZEN BARRACUDA,FROZEN KINGFISH 
WHOLE,FROZEN CHINESE POMFRET,FROZEN BLACK 
POMFRET,FROZEN SCAD FISH,FROZEN SHAD FISH,FROZEN STING RAY WHOLE,FROZEN DORAB FUSH,FROZEN MOON FISH,FROZEN LEATHER SKIN,FROZEN WHITE SHAD 
FISH,FROZEN IAPANESE THREADFIN BREAM,FROZEN INDIAN MACKEREL)"
20,JAI GAYATRI EXPORT ,"Shree Padvani Krupa,Ratna Deep Society 
Nr.Prathna Hall, 
Bhidiya,Veraval, Gujarat",9898199744,jaigayatriexport@gmail.com,,"GU1/ME/242/13 02/09/2013 
01/09/2022",Frozen,"Frozen:Fish Wild(FROZEN RIBBON FISH,FROZEN SILVER CROKAER,FROZEN YELLOW CROAKER,FROZEN SOLE FISH,FROZEN LEATHER JACKET FISH,FROZEN CUTTLE FISH,FROZEN SQUID,FROZEN REEF COD,FROZEN FISH)"
"21
",KAIF SEA FOOD ,"SAHIN COLONY 
PRABHAS PATAN 
VERAVAL/362268, Gujarat
",9275017428,kaif.documents18@gmail.com,,"GU1/ME/340/18 31/10/2018 
30/10/2024
","Frozen
","Frozen:Fish Wild(Frozen:Fish Wild(FROZEN RIBBON FISH, FROZEN YELLOW,CROAKER,,FROZEN SILVER CROAKER,,FROZEN 
LEATHER JACKET,,FROZEN INDIAN MACKEREL,,FROZEN HORSE MACKEREL,,FROZEN SOLE FISH,,FROZEN YELLOW FIN 
TUNA,,FROZEN BONITO TUNA,,FROZEN SKIP JACK 
TUNA,,FROZEN LONG TAIL TUNA,,FROZEN MAHI MAHI 
FISH,,FROZEN SILVER POMFRET,,FROZEN BLACK 
POMFRET,,FROZEN EEL FISH,,FROZEN LIZARD FISH,,FROZEN BARRACUDA FISH,FROZEN KING FISH,,FROZEN PINK 
SNAPPER,,FROZEN JapaneseThreadfinBream,FROZEN REEF 
COD,,FROZEN STING RAY, FROZEN CHINESE POMFRET,,,FROZEN SEER FISH, FROZEN LITTLE TUNNY,,,FROZEN KING MACKEREL, FROZEN BULL EYE,,FROZEN BIG EYE TUNA, FROZEN 
SNAPPER,,,FROZEN LONG 
SPINEGROUPER,FROZENTHORNYCHEEKGROUPER,FROZEN TIGER TOOTH CROAKER, FROZEN BLACKSEA BREAM,,FROZEN YELLOWTAIL SCAD, FROZEN SCAD,,FROZEN QUEEN 
FISH,FROZEN SPOTTED CAT FISH,,FROZEN GIANT CAT FISH, FROZEN INDIAN OIL SARDINE,,,FROZEN HILSA FISH,FROZEN HALIBUT,,,FROZEN BOMBAY DUCK, FROZEN SWORD
"
,,,,,,,,"
FISH,,,FROZEN GREY MULLET,,FROZEN KARIKADI 
SHRIMP,,FROZEN INDIAN WHITE PRAWN,,,FROZEN BLACK TIGER PRAWN, FROZEN FLOWER PRAWN,,FROZEN PACIFIC WHITE SHRIMP, FROZEN FLOWER PRAWN,,FROZEN PINK SHRIMP, FROZEN SAND SHRIMP,,,FROZEN SQUID, FROZEN NIDDEL SQUID,FROZEN SQUID WHOLE CLEANED,FROZEN CUTTLEFISH WHOLE ,,FROZEN CUTTLEFISH WHOLE 
CLEANED,FROZEN OCTOPUSH WHOLE ,,FROZEN OCTOPUSH WHOLE CLEANED,FROZEN INDIAN MACKREL FISH,,FROZEN ROCK LOBSTER WHOLE/TAIL)"
22,"KALASONA INGREDIENTS PLOT NO 7 & 8, NEAR ","DEEPAK FOODS, GIDC 
AREA 
SOMNATH ROAD,BEHIND KRISHNA MALL 
VERAVAL/362269, Gujarat",02876-233157,kalasonaingredients@gmail.com,,"GU1/ME/223/12 09/11/2012 
31/12/2023",Others-Non Edible,Others-Non Edible:Fish Paste/Fish silage (Non- Edible)(SQUID LIVER PASTE)
23,KAMNATH EXPORT Krishna Nagar ,"Sheri No. 5, Kharvavad Veraval, Gujarat",9033533301,kamnathexport@gmail.com,NA,"GU1/ME/338/18 18/09/2018 
17/09/2024",Frozen,
24,KAPILA EXPORTS ,"5, Dev Ashish Building, 1st Floor, 
Bhidiya Plot, Veraval, Gujarat",2876231888,kapila.exports@gmail.com,,"GU1/ME/092/07 24/08/2007 
23/08/2025",Frozen,"Frozen:Fish Wild(FROZEN RIBBON FISH,FROZEN YELLOW 
CROAKER,FROZEN SILVER CROAKER,FROZEN CUTTLE FISH WHOLE,FROZEN SOLE FISH,FROZEN REEF COD,FROZEN SQUID WHOLE,FROZEN SILVER POMFRET,FROZEN CHINESE 
POMFRET,FROZEN SPANISH MACKEREL,FROZEN INDIAN 
MACKEREL,FROZEN HORSE MACKEREL,FROZEN LEATHER JACKET,FROZEN LIZARD FISH,FROZEN BOMBAY DUCK,FROZEN BARRACUDA,FROZEN KINGFISH WHOLE,FROZEN BLACK EEL FISH,FROZEN BLACK SEA-BREAM,FROZEN TUNA FISH,FROZEN CAT FISH,FROZEN LEZARD FISH,FROZEN MAHI MAHI,FROZEN HILSA FISH) 
Frozen:Shrimp Wild(FROZEN SHRIMPS) 
Frozen:Cuttlefish(FROZEN CUTTLEFISH WHOLE) 
Frozen:Squid(FROZEN SQUID WHOLE) 
Frozen:Octopus(FROZEN OCTOPUS WHOLE)"
25,KING FISHING ,"CORPORATION 
PLOT NO. 1203, 1204 
GIDC ESTAE 
VERAVAL/362269, Gujarat",9811600686,kfcvrl2017@gmail.com,NA,"GU1/ME/322/17 07/08/2017 
06/08/2020",Frozen,
26,"KMC MARINE EXPORTS AMINA MENSION, NEAR MADINA MASJID ","SAHIGARA SOCIETY, 
VERAVAL, Gujarat",9924278777,kmcmarineexports2016@gmail.com,-,"GU1/ME/385/22 21/07/2022 
20/07/2025",Frozen,"Frozen:Fish Wild(Frozen:Fish Aquaculture(FROZEN RIBBON 
FISH,FROZEN,FROZEN CROAKER FISH,FROZEN EEL 
FISH,FROZEN INDIAN MACKEREL,FROZEN HORSE 
MACKEREL,FROZEN LOLINGO SQUID WHOLE,FROZEN BABY CUTTLE FISH WHOLE,FROZEN SAIL FISH,FROZEN MERLIN 
FISH,FROZEN LEATHER JACKET FISH WHOLE,FROZEN REEF COD WHOLE,FROZEN GROUPER WHOLE,FROZEN SQUID 
WHOLE,FROZEN SOLE FISH,FROZEN SILVER POMPHRET,FROZEN BLACK POMPHRET,FROZEN KATTI FISH,FROZEN SEER 
FISH,FROZEN JAPANESE THREADFIN BREAM,FROZEN KING FISH,FROZEN BARRACUDA,FROZEN WHITE SNAPPER,FROZEN RED SNAPPER,FROZEN SEA BREAM,FROZEN LIZARD 
FISH,FROZEN QUEEN FISH (LEATHER SKIN),FROZEN RED BULL EYE,FROZEN EMPEROR,FROZEN MAHI MAHI,FROZEN MALABAR TREVALLY,FROZEN BOMBAY DUCK,FROZEN TRIGGER 
FISH,FROZEN SCAD FISH,FROZEN SARDINE,FROZEN LADY FISH,FROZEN MOON FISH,FROZEN OCTOPUS WHOLE,FROZEN SKIP JACK TUNA,FROZEN YELLOW FIN TUNA,FROZEN LONG TAIL TUNA,FROZEN BONITO TUNA,FROZEN CAT FISH,FROZEN DARA FISH,FROZEN TILAPIA,FROZEN STING RAY 
WHOLE,FROZEN DORAB,FROZEN JTB/P,FROZEN PUD 
SHRIMPS,FROZEN INDIAN OIL SARDINE,FROZEN HILSA FISH)"
27,LION FOODS PRIVATE LIMITED ,"1205, TITANIUM ONE NEAR PAKWAN CROSS ROAD, 
S.G. HIGHWAY, 
AHMADABAD, Gujarat",9558233032,info.lionfoods21@gmail.com,-,"GU1/ME/386/22 21/07/2022 
20/07/2025",Frozen,"Frozen:Fish Aquaculture(FROZEN RIBBON FISH,FROZEN CROAKER FISH,FROZEN EEL FISH,FROZEN INDIAN MACKEREL,FROZEN HORSE MACKEREL,FROZEN LOLINGO SQUID WHOLE,FROZEN BABY CUTTLE FISH WHOLE,FROZEN SAIL FISH,FROZEN MERLIN FISH,FROZEN LEATHER JACKET FISH WHOLE,FROZEN REEF COD WHOLE,FROZEN GROUPER WHOLE,FROZEN SQUID 
WHOLE,FROZEN SOLE FISH,FROZEN SILVER POMPHRET,FROZEN BLACK POMPHRET,FROZEN KATTI FISH,FROZEN SEER 
FISH,FROZEN JAPANESE THREADFIN BREAM,FROZEN KING FISH,FROZEN BARRACUDA,FROZEN WHITE SNAPPER,FROZEN RED SNAPPER,FROZEN SEA BREAM,FROZEN LIZARD 
FISH,FROZEN QUEEN FISH (LEATHER SKIN),FROZEN RED BULL EYE,FROZEN EMPEROR,FROZEN MAHI MAHI,FROZEN MALABAR TREVALLY,FROZEN BOMBAY DUCK,FROZEN TRIGGER 
FISH,FROZEN SCAD FISH,FROZEN SARDINE,FROZEN LADY FISH,FROZEN MOON FISH,FROZEN OCTOPUS WHOLE,FROZEN SKIP JACK TUNA,FROZEN YELLOW FIN TUNA,FROZEN LONG TAIL TUNA,FROZEN BONITO TUNA,FROZEN CAT FISH,FROZEN DARA FISH,FROZEN TILAPIA,FROZEN STING RAY 
WHOLE,FROZEN DORAB,FROZEN JTB/P,FROZEN PUD 
SHRIMPS,FROZEN INDIAN OIL SARDINE,FROZEN HILSA FISH)"
,,,,,,,,
"
28","M/S JAMADAR EXPORTS B/H Krishna Mall, Bhidiya","
Veraval-362267, 
Dist. Gir Somnath, Gujarat",9687777633,jamadar96@hotmail.com,,GU1/ME/284/15 02/07/2015 01/07/2024,Frozen,"Frozen:Fish Wild(FROZEN RIBBON FISH,FROZEN CROAKER FISH,FROZEN REEFCOD WHOLE,FROZEN SOLE FISH,FROZEN CUTTLE FISH WHOLE,FROZEN SQUID WHOLE,FROZEN SILVER POMFRET,FROZEN CHINESE POMFRET,FROZEN SPANISH MACKEREL,FROZEN INDIAN MACKEREL,FROZEN HORSE
	
MACKEREL,FROZEN LEATHER JACKET,FROZEN LIZARD 
FISH,FROZEN BOMBAY DUCK,FROZEN BARRACUDA,FROZEN KINGFISH WHOLE,FROZEN EEL FISH,FROZEN CAT FISH,FROZEN BONITO TUNA,FROZEN STING RAY WHOLE,FROZEN JAPANESE THREADFIN BREAM,FROZEN MERLIN FISH,FROZEN REEF COD FILLET)"
29,M/S. ASHA GANGA ,"MARINE 
PLOT NO.309, 
GIDC ESTATE 
VERAVAL/362269, Gujarat",7567901010,ashagangamarine@gmail.com,,"GU1/ME/331/18 18/06/2018 
17/06/2024",Frozen,
30,M/S. BLU MARINE EXPORT Plot No. 308 ,"G.I.D.C.,Estate 
Veraval/362269, Gujarat",9824669436,blumarinexport@gmail.com,-,"GU1/ME/353/19 29/07/2019 
28/07/2025",Frozen,"Frozen:Fish Wild(FROZEN RIBBON FISH,FROZEN CROAKER 
FISH,FROZEN BLACK POMFRET,FROZEN SILVER 
POMFRET,FROZEN HILSA FISH,FROZEN BOMBAY DUCK,FROZEN STING RAY,FROZEN KINGFISH,FROZEN EEL FISH,FROZEN 
BARRACUDA WHOLE ROUND,FROZEN WHITE FISH,FROZEN REEFCOD WHOLE ROUND,FROZEN YELLOW TAIL SCAD,FROZEN INDIAN MACKEREL,FROZEN HORSE MACKEREL,FROZEN 
OCTOPUS WHOLE CLEANED IF,FROZEN SQUID WHOLE 
ROUND,FROZEN CUT SQUID SKIN ON & TENTACLES,FROZEN BABY SQUID WHOLE ROUND,FROZEN CUTTLEFISH WHOLE ROUND,FROZEN BABY CUTTLEFISH)"
31,M/S.GREEN INDIA ,"BEHIND G.I.D.C.,B/H.
SHALIMAR ICE FACTORY Village:-VERAVAL 
VERAVAL-/362269, Gujarat",9974262777,greenindia.document@gmail.com,,"GU1/ME/342/19 04/01/2019 
03/01/2022",Dried,
32,M/S.S.H.EXPORT ,"DURVESH MANZIL, 
SAHIGARA COLONY, 
OPP.: KHUSHBU 
APARTMENT, 
VERAVAL/362265, Gujarat",9558676262,shexports313@gmail.com,,"GU1/ME/372/20 14/08/2020 
13/08/2023",Frozen,
33,MAHI INTERNATIONAL G.I.D.C.,"ESTATE 
VERAVAL, Gujarat",9925221249,mahiinternational.vrl@gmail.com,-,"GU1/ME/351/19 16/07/2019 
15/07/2025",Frozen,"Frozen:Fish Wild(FROZEN RIBBON FISH,FROZEN REEF 
COD,FROZEN CROAKER FISH,FROZEN LEATHER JACKET 
FISH,FROZEN BULL EYE FISH,FROZEN JAPANESE THREADFIN BREAM,FROZEN TIGER TOOTH CROAKER FISH,FROZEN BIG MOUTH CROAKER,FROZEN SOLE FISH,FROZEN BOMBAY 
DUCK,FROZEN TILAPIA FISH,FROZEN BARRACUDA 
FISH,FROZEN BLACK EEL,FROZEN SCAD FISH,FROZEN HORSE MACKEREL,FROEN INDIAN MACKEREL,FROZEN FRINGE SCALE SARDINELLA,FROZEN BLACK SEA BREAM,FROZEN EEL 
FISH,FROZEN STING RAY,FROZEN LIZARD FISH,FROZEN RED SNAPPER,FROZEN EMPEROR,FROZEN SQUID,FROZEN 
OCTOPUS,FROZEN MAHI MAHI,FROZEN SKIP JACK TUNA,FROEN BONITO TUNA,FROZEN YELLOW FIN TUNA)"
34,MINAZ EXPORTS ,"DUVAGIRI SOCIETY,NEAR FALAH MASJID 
ALIBHAI SOCIETY MAIN ROAD 
SOMNATH TAKIES 
AREA,VERAVAL/362265, Gujarat",8238633111,minazexports@gmail.com,,"GU1/ME/350/19 08/07/2019 
07/07/2025",Frozen,"Frozen:Fish Wild(Ribbon Fish,Silver Croaker,Yellow Croaker,Leather jacket,Indian Mackerel,Reef cod,Sole Fish,Lizard Fish,Horse 
Mackerel,Seer Fish,Yellow Tail Scad,Yellow Fin Tuna,Skipjack Tuna,Bonito Tuna) 
Frozen:Squid(Squid Whole,Whole Cleaned Squid,Squid Rings & Tentacles)"
35,NEW BHARAT FOODS ,"AL NISAR, B/H SOMNATH TALKIES 
KOUSAR COLONY, 
VERAVAL/362265, Gujarat",9228116092,nbfoods2014@gmail.com,,"GU1/ME/303/16 30/08/2016 
29/08/2025",Frozen,
36,NISHBAT EXPORTS ,"PRIVATE LIMITED 
Indralok arcade, 1st Floor, 
Shop NO.130 
Talav Gate, 
JUNAGADH/362001, Gujarat",7359403948,nishbatexports@gmail.com,,"GU1/ME/374/21 09/03/2021 
08/03/2024","Dried 
Others-Non Edible",
37,NISHIINDO FOODS PRIVATE LIMITED PLOT NO 3 TO 8 ,"SOMNATH ROAD VERAVAL, Gujarat",2876233158,NISHIINDOFOODS@GMAIL.COM,,"GU1/ME/355/19 13/08/2019 
12/08/2025",Frozen,Frozen:Fish Wild(Frozen Surimi)
38,"PRIME BIO PROTEINS G.I.D.C., PLOT NO.610/1, VERAVAL ","/362269, Gujarat",70166224470,primebiopro@gmail.com,,"GU1/ME/324/17 25/09/2017 
24/09/2020","Dried 
Others-Non Edible",
39,QUALITY EXPORT ,"PLOT NO.103/1,G.I.D.C 
Estate, 
VERAVAL, GIR SOMNATH, /362269, Gujarat",9978062099,qualityexportvrl@gmail.com,,"GU1/ME/392/22 25/10/2022 
24/10/2025",Frozen,
"40
",QUALITY MARINE ,"EXPORTS 
MASTAN 
VILLA,OPP.MEMUNA MASJID,MADINA 
COLONY,NEAR 
SHAHIN
",9228373147,govalmohammed@gmail.com,,"GU1/ME/352/19 16/07/2019 
15/07/2025
","Frozen
","Frozen:Fish Wild(FROZEN RIBBON FISH, FROZEN CROAKER FISH,,FROZEN REEFCOD, FROZEN TUNA FISH, FROZEN SOLE FISH,FROZEN INDIAN MACKEREL, FROZEN GROUPER WHOLE ROUND,FROZEN BLACK SEA BREAM FISH, FROZEN HORSE MACKEREL,FROZEN BOMBAY DUCK WHOLE) 
	"
,,"COLONY,PRABHAS PATAN VERAVAL 
JUNAGADH GUJARAT, 
Gujarat",,,,,,"
Frozen:Cuttlefish(FROZEN CUTTLEFISH WHOLE/WHOLE CLEANED) Frozen:Squid(FROZEN LOLIGO SQUID WHOLE,FROZEN SQUID WHOLE CLEANED)"
41,RAHIMI EXPORTS ,"KHARA KUVA VERAVAL DIST. JUNAGADH 
GUJARAT 362265 
INDIA, Gujarat",287623392,rahimiexports@gmail.com,,"GU1/ME/190/11 22/09/2011 
21/09/2023",Frozen,
42,RANGE DRY FISH ,"NEAR VASILA DRY FISH OPP SHALIMAR ICE 
FACTORY 
VERAVAL/362265, Gujarat",9099965777,rangedryfish@gmail.com,,"GU1/ME/344/19 06/03/2019 
05/03/2022",Dried,
43,RANGE DRY FISH ,"NEAR VASILA DRY FISH OPP SHALIMAR ICE 
FACTORY 
VERAVAL 362265, Gujarat",9099965777,rangedryfish@gmail.com,,"GU1/ME/328/17 28/11/2017 
27/11/2020",Dried,
44,REGENT MARINE ,"INDUSTRIES 
Patan Road, 
Opp. Taj Restaurant, 
GIDC,Veraval, Gujarat",2876231166,regentvrl@gmail.com,,"GU1/ME/008/04 16/12/2004 
09/12/2024",Frozen,"Frozen:Fish Wild(Frozen:Fish Wild(FROZEN RIBBON FISH,FROZEN CROAKER,,FROZEN YELLOW CROAKER,FROZEN SILVER 
CROAKER,FROZEN REEF COD WHOLE,FROZEN INDIAN 
MACKEREL,FROZEN SOLE FISH,FROZEN HORSE 
MACKEREL,FROZEN BLACK SEABREAM,FROZEN GROPUER WHOLE ROUND),Frozen:Cuttlefish(FROZEN CUTTLE FISH, 
IQF,FROZEN CUTTLEFISH WHOLE CLEANED IQF,FROZEN SQUID WHOLE IQF,FROZEN BABY SQUID IQF,FROZEN SQUID TUBE & TENTACLES IQF,FROZEN 
SHRIMPS/HLSO/PUD/PD/PDTO)IQF,Frozen:Octopus(FROZEN BABY OCTOPUS WHOLE,,FROZEN OCTOPUS WHOLE (LONG 
LEG),BLOCK,FROZEN OCTOPUS WHOLE CLEANED,FROZEN OCTOPUS WHOLE CLEANED (TRAY PACK))IQF)"
45,S.S.FOODS ,"PLOT NO.1410, 
Near G.E.B, G.I.D.C.
ESTATE, 
VERAVAL/362269, Gujarat",9825661611,ameensakhiyani@gmail.com,,"GU1/ME/317/17 03/05/2017 
02/05/2020",Dried,
46,SABIR SEA FOODS ,"PLOT NO 1401/02, 
GIDC ESTATE, 
VERVAL/362269, Gujarat",9825661611,ameensakhiyani@gmail.com,,"GU1/ME/314/17 07/03/2017 
06/03/2023",Dried,
47,SAHARA IMPEX ,"CLASSIC HOMES F 308 NR, AMBER TOWER 
SARKHEJ ROAD, 
JUHAPURA AHMEDABAD /380055, Gujarat",7359597868,saharaimpexinfo@gmail.com,,"GU1/ME/325/17 28/09/2017 
27/09/2020",Dried,
48,SEASTAR MARINE IMPEX PLOT NO.45 SATNAM ,"INDUSTRIAL AREA 
NEAR AVNI ICE FACTORY BY PASS AREA 
VERAVAL/362265, Gujarat",8980030222,seastarmi2018@gmail.com,,"GU1/ME/332/18 31/07/2018 
30/07/2024",Frozen,"Frozen:Fish Wild((FROZEN RIBBON FISH, FROZEN SOLE 
FISH,FROZEN SILVER CROKAER,FROZEN YELLOW 
CROAKER,FROZEN CROAKER FISH, FROZEN BIG MOUTH 
CROAKER,FROZEN TIGERN TOOTH CROAKER,FROZEN LEATHER JACKET FISH, FROZEN LEATHER JACKET,FROZEN INDIAN 
MACKEREL,FROZEN HORSE MACKEREL,FROZEN CAT FISH WHOLE,FROZEN LIZARD FISH,FROZEN REEF COD 
WHOLE,FROZEN STING RAY WHOLE,FROZEN HILSA FISH, 
FROZEN SEER FISH,FROZEN BARRACUDA,FROZEN BOMBAY DUCK,,FROZEN SKIP JACK TUNA,FROZEN YELLOW FIN 
TUNA,FROZEN JAPANESE THREADFIN BREAM,FROZEN BLACK SEA BREAM,FROZEN QUEEN FISH,FROZEN LEATHER 
SKIN,FROZEN EEL FISH, FROZEN YELLOW TAIL SCAD) 
Frozen:Cuttlefish(FROZEN CUTTLE FISH) 
Frozen:Squid(FROZEN SQUID WHOLE)"
49,SHAFI MARINE ,"Kaushar Colony, Street No 2, Talala Road, 
Veraval, Gujarat, Gujarat",9228359340,shafimarine@gmail.com,www.shafimarine.com,"GU1/ME/214/12 23/08/2012 
22/08/2024",Frozen,"Frozen:Squid(FROZEN CUTTLEFISH WHOLE/ WHOLE CLEANED ,,FROZEN SQUID WHOLE / WHOLE CLEANED ,,FROZEN KING FISH,,FROZEN CORVINA,,FROZEN CROAKER FISH ,,FROZEN RIBBON FISH,,FROZEN LEATHER JACKET,FROZEN INDIAN MACKEREL ,,FROZEN STING RAY ,,FROZEN HORSE 
MACKEREL,,FROZEN EEL FISH,,FROZEN REEF COD,,FROZEN MAHI MAHI ,,FROZEN YELLOW TAIL SCAD,FROZEN JTB ,,FROZEN LEATHER SKIN,FROZEN SNAPPER,FROZEN SOLE FISH,,FROZEN POMFRET,,FROZEN OCTOPUS,,FROZEN TUNA ,)"
50,SHREE LABHAM MARINE EXPORTS ,"GURU KRUPA, 
SHOP NO. 1 
BHALPARA ROAD, 
VERAVAL/362268, Gujarat",9228430269,slme142019@gmail.com,NA,"GU1/ME/349/19 02/07/2019 
01/07/2022",Frozen,
51,ANJANI MARINE TRADERS ,"Plot No. 402/414 
GIDC, 
Veraval, Gujarat",02876-231340,anjanimarinetraders@gmail.com,,"GU1/MT/039/05 18/02/2005 
17/02/2023",Frozen,
,,,,,,,,"Frozen:Fish Wild(Ribbon Fish,Croaker Fish,Leather Jacket,Sole Fish,Silver Pomfret,Chinese Pomfret,Black Pomfret,Eel Fish,Lizard Fish,Horse 
Mackerel,Yellow Fin Tuna,Bonito Tuna,Skip Jack Tuna,Long Tail
"
"
52",,"ASHA GANGA EXPORTS
Plot No.310/B, G.I.D.C.Estate,
Veraval, Gujarat",2876231165,ashagangaexports@gmail.com,,"GU1/MT/198/11 23/12/2011 
22/12/2023",Frozen,"
Tuna,Mahi Mahi Fish,Barracuda Fish,King Fish,Pink 
Snapper,JapaneseThreadfinBream,Reef Cod,Sting Ray,Seer Fish,Little Tunny,Bull Eye,Big Eye Tuna,Snapper fish,Tigertooth Croaker,Black Sea Brem,Yellow Tail Scad,Indian Oil Sardine,Hilsa Fish,Halibut,Bombay Duck,Conger Eel,Mahi mahi) 
Frozen:Shrimp Wild((PUD, P & D, Head on, Headless, HL/TL)) 
Frozen:Shrimp Aquaculture((PUD, Whole, P & D, Head on, Headless, HL/TL)) 
Frozen:Cuttlefish((Whole, Whole cleaned, Fillets, Strips, Tentacles)) Frozen:Squid(Whole, Whole cleaned, Tubes, Fillets,,Strips, 
Ring,SquidTentacles, Squid Wings) 
Frozen:Octopus((Whole, Whole cleaned, Gutted, Chopped)) 
Frozen:Lobster(RAW ROCK LOBSTER,SAND LOBSTER) 
Frozen:Crab(MUD CRAB,SEA CRAB)"
53,"ASHWINI FROZEN FOODS Plot No. 1343, ","Bunder Road, 
Mangrol-362 225, Gujarat",02878-223595,ashwinifrozenfood@rediffmail.com,,"GU1/MT/017/04 23/12/2004 
22/12/2022",Frozen,
54,ATLANTIC MARINE ,"PRODUCTS PRIVATE 
LIMITED 
SURVEY No.224/1, PLOT No.3 
JAFRABAD ROAD, 
MITIYALA 
JAFRABAD/365540, Gujarat",9904583366,atlanticmarineproducts@yahoo.c,,"GU1/MT/373/20 26/10/2020 
25/10/2023",Others-Non Edible Others-Edible,
55,BHAVANI SEAFOODS ,"Plot No. 12-13,Fisheries 
Harbour, 
Near CIFT Building, 
Bhidiya Plot , Veraval, Gujarat",02876-231385,bsfvrl@rediffmail.com,,"GU1/MT/015/04 21/12/2004 
16/03/2024",Frozen,
56,BHISTI EXPORTS ,"G.I.D.C. Plot No.601, 
Opp. Keshodwala Foods, Veraval, Gujarat",02876-231652,bhisti1@yahoo.com,,"GU1/MT/160/10 07/01/2010 
06/01/2025",Frozen,"Frozen:Fish Wild(Ribbon Fish,Croaker Fish)"
57,"BILAL FISH SUPPLIERS Plot No.802/2, ","GIDC Estate, 
Veraval, Gujarat",02876-645359,bilalfs@rediffmail.com,,"GU1/MT/041/05 18/02/2005 
17/02/2023",Frozen,
58,DEEPAK FOODS ,"Plot no 3 to 8, Somnath Road Veraval, Gujarat",2876233157,deepakfoods2012@gmail.com,,"GU1/MT/293/15 18/12/2015 
17/12/2024",Frozen,Frozen:Fish Wild(FROZEN SURIMI)
59,DEEPMALA FOODS ,"Opp. Bhavani Temple 
Near Municipality Water Filtration plant 
Somnath Road, Veraval, Gujarat",2876231255,deepmalafoods@hotmail.com,,"GU1/MT/090/07 11/07/2007 
10/07/2025",Frozen,"Frozen:Fish Wild(FROZEN RIBBON FISH,FROZEN REEF COD 
WHOLE,FROZEN REEF COD FILLETS-CHUNKS-GUTTED,FROZEN YELLOW FIN TUNA WHOLE ROUND,FROZEN SKIP JACK TUNA WHOLE ROUND,FROZEN LONG TAIL TUNA WHOLE 
ROUND,FROZEN CORVINA HL-TL-FL-GTD,FROZEN CROAKER FISH,FROZEN SEER FISH,FROZEN KING FISH WHOLE-
GUTTED,FROZEN MAHI MAHI WHOLE-FILLETS-
GUTTED,FROZEN SILVER/BLACK/CHINESE POMFRET,FROZEN LEATHER JACKET WHOLE & GUTTED & HL TL FL,FROZEN 
BARRACUDA WHOLE & GUTTED,FROZEN BLACK SEA 
BREAM,FROZEN T.T. CROAKER AND BIGMOUTH 
CROAKER,FROZEN INDIAN MACKEREL WHOLE,FROZEN EEL FISH & FROSEN SOLE FISH,FROZEN STING RAY,FROZEN 
EMPEROR WHOLE & GUTTED & FROZEN SCAD WHOLE,FROZEN HILSA FISH & KATTI FISH,FROZEN HORSE MACKEREL,FROZEN SQUID/WHOLE CLEANED/CUT (IF-IQF-BLOCK),FROZEN SQUID BLANCHED RINGS-TENTACLES(IQF-IF-BLOCK,FROZEN BABY SQUID PIN BONE OUT (IF-IQF-BLOCK),FROZEN CUTTLE FISH WHOLE CLEANED (IF-IQF),FROZEN CUTTLE FISH STRIPS-
TENTACLES (IQF-BLANCHED),FROZEN CUTTLE FISH/SQUID SKEWERS (IQF-IF),FROZEN OCTOPUS WHOLE CLEANED (IF-IQF-BLOCK),FROZEN OCTOPUS CHOPPED (IF-IQF-
BLANCHED),FROZEN CUTTLE FISH ROE (IQF-IF-BLOCK),FROZEN PUD SHRIMPS (KARIKADI-BROWN-FLOWER-DEEP SEA,FROZEN SHRIMPS (PUD-PD-IQF-BLANCHED-BLOCK))"
60,DEEPMALA MARINE ,"EXPORTS 
Nr. Fisheries Terminal Gate, Bhidiya Plot, 
Veraval, Gujarat",2876231840,deepmalamarine@gmail.com,,"GU1/MT/036/05 18/02/2005 
17/02/2023",Frozen,"Frozen:Fish Wild(FROZEN RIBBON FISH WHOLE,FROZEN 
CROAKER FISH (SILVER/YELLOW),FROZEN TT AND BMC 
CROAKER WHOLE,FROZEN REEF COD WHOLE,FROZEN SKIP JACK/YELLOW FIN/LONG TAIL TUNA WHOLE,FROZEN REEF COD GUTTED/FILLETS,FROZEN LEATHER JACKET WHOLE AND HL TL FL GUTTED,FROZEN SEER FISH,FROZEN 
SILVER/BLACK/CHINESE POMFRET WHOLE,FROZEN SOLE 
FISH,FROZEN SCADE FISH,FROZEN INDIAN/HORSE MACKEREL WHOLE,FROZEN BLACK SEA BREAM WHOLE,FROZEN RED SNAPPER WHOLE,FROZEN WHITE SNAPPER WHOLE,FROZEN HILSA FISH,FROZEN KING FISH WHOLE AND HEAD ON 
GUTTED,FROZEN KATTI FISH,FROZEN EMPEROR WHOLE & GUTTED,FROZEN BARRACUDA WHOLE,FROZEN STING RAY WHOLE,FROZEN MAHI MAHI WHOLE/GUTTED/FILLETS,FROZEN EEL FISH WHOLE/GUTTED,FROZEN BLACK KING FISH,FROZEN MAHI MAHI ROE,FROZEN SQUID WHOLE (IF-BLOCK),FROZEN CUTTLE FISH (IF-BLOCK),FROZEN OCTOPUS WHOLE (IF-
BLOCK),FROZEN RAW SHRIMPS (PD-PUD-HON-IF-BLOCK))"
,DHARMIKA MARINE EXPORTS,,,,,,,"Frozen:Fish Wild(LIZARD FISH,EEL FISH,STINGRAY FISH,BONITO TUNA,SCAD FISH,MOON FISH,KAWA KAWA FISH, CAT FISH SHAD FISH, LEATHER SKIN,,WHITE SHAD FISH,CAT FISH WHOLE,
	"
"
61",,"PLOT NO. 105/1 
GIDC ESTATE 
SOMNATH ROAD, VERAVAL, Gujarat",9227211137,dharmikamarine@gmail.com,-,"GU1/MT/378/21 31/08/2021 
30/08/2024",Frozen,"
YELLOW TAIL SCAD) 
Frozen:Shrimp Wild(HEAD ON, HEADLESS, PD & PUD) Frozen:Cuttlefish(WHOLE, WHOLE CLEANED) 
Frozen:Squid(WHOLE, WHOLE CLEANED) 
Frozen:Octopus(WHOLE,WHOLE CLEANED)"
62,"FAVOURITE EXPORTS, Plot No.611 ","GIDC Area, 
VERAVAL, Gujarat",9898622015,favouritexports@gmail.com,nil,"GU1/MT/228/13 08/01/2013 
07/01/2024",Frozen,"Frozen:Fish Wild(RIBBON FISH,SILVER CROAKER,YELLOW CROAKER,LEATHER JACKET FISH - HGT/WHOLE,REEFCOD WHOLE / HGT,INDIAN MACKEREL,HORSE MACKEREL,SOLE FISH,SPANISH MACKEREL / SEER FISH,LIZARD 
FISH,SQUID,CUTTLEFISH,BABY CUTTLEFISH,SILVER 
POMFRET,BLACK POMFRET,YELLOW FIN TUNA,SKIB JACK TUNA,BIG MOUTH CROAKER,BOMBAY DUCK,CAT FISH,EEL FISH,SEA BREAM,DORAB,BULL EYE,BARACUDA,KATTI FISH)"
63,GOLDEN STAR COLD STORAGE CO ,"Plot No 1109/1110, 
G.I.D.C. Estate 
Veraval, Gujarat",2876232386,goldenstarcoldstorage@rediffmail.com,,"GU1/MT/176/10 02/11/2010 
01/11/2025",Frozen,"Frozen:Fish Wild(Frozen:Fish Wild(FROZEN RIBBON FISH,,FROZEN REEF COD,FROZEN CROAKER FISH,,FROZEN LEATHER JACKET FISH,FROZEN BULL EYE FISH,,FROZEN JAPANESE THREADFIN BREAM,FROZEN TIGER TOOTH CROAKER FISH,FROZEN BIG MOUTH CROAKER,FROZEN SOLE FISH,FROZEN BOMBAY 
DUCK,FROZEN TILAPIA FISH,FROZEN BARRACUDA 
FISH,,FROZEN BLACK EEL,FROZEN SCAD FISH,FROZEN HORSE MACKEREL,FROEN INDIAN MACKEREL,FROZEN FRINGE SCALE SARDINELLA,FROZEN BLACK SEA BREAM,FROZEN EEL 
FISH,FROZEN STING RAY,FROZEN LIZARD FISH,FROZEN RED SNAPPER,FROZEN EMPEROR,FROZEN SQUID,FROZEN 
OCTOPUS,FROZEN MAHI MAHI,FROZEN SKIP JACK TUNA,FROEN BONITO TUNA,FROZEN YELLOW FIN TUNA),FROZEN 
POMFRET,FROZEN CUTTLE FISH,FROZEN SHRIMP, FROZEN SEERFISH,FROZEN CAT FISH,FROZEN CLUPEIDS)"
64,GOODWILL ENTERPRISE 1108 ,"G.I.D.C.
Veraval, Gujarat",02876 233119,goodwill2005@gmail.com,,"GU1/MT/118/08 12/03/2008 
10/03/2020",Frozen,
65,GOPAL FISHERIES ,"Plot No. 44 to 47, 
Fishery Harbour, 
Bhidiya, Veraval, Gujarat",2876231930,gopalfisheries126@gmail.com,,"GU1/MT/011/04 17/12/2004 
16/12/2025",Frozen,"Frozen:Fish Wild(FROZEN YELLOW FIN TUNA WHOLE 
ROUND,FROZEN SKIPJACK TUNA WHOLE ROUND,FROZEN BOINTO TUNA WHOLE ROUND,FROZEN LONG TAIL TUNA 
WHOLE ROUND,FROZEN REEF COD,FROZEN 
RIBBONFISH,FROZEN CROAKER FISH,FROZEN SOLE 
FISH,FROZEN KING FISH,FROZEN MAHI MAHI W/R/GTD,FROZEN SAILFISH HGT,FROZEN LEATHER JACKET,FROZEN EEL 
FISH,FROZEN INDIAN MECKEREL,FROZEN BARACUDA,FROZEN SILVER/BLACK/CHINESE POMFRET,FROZEN SNAPPER,FROZEN EMPEROR FISH,FROZEN LEATHER SKIN,FROZEN RED BULL EYE,FROZEN LIZARD FISH,FROZEN BOMBAY DUCK,FROZEN SEA BREAM) 
Frozen:Shrimp Wild(FROZEN KARIKADI/BROWN/KAPSI/FLOWER SHRIMPS,FROZEN PUD/HL KARIKADI/BROWN/KAPSI/FLOWER SHRIMPS) 
Frozen:Cuttlefish(FROZEN CUTTLEFISH WHOLE/WHOLE CLEANED) Frozen:Squid(FROZEN SQUID WHOLE/ WHOLE CLEANED 
IF/BLOCK) 
Frozen:Octopus(FROZEN OCTOPUS WHOLE ROUND/WHOLE 
CLEANED IF/BLOCK) 
Frozen:Crab(FROZEN BLUE SWIMMING CRAB WHOLE 
MALE/FEMALE,FROZEN BLUE SWIMMING CARB HALF CUT MALE FEMALE,FROZEN THREE SPOT CARB WHOLE 
MALE/FEMALE,FROZEN THREE SPOT CARB HALF CUT MALE /FEMALE,FROZEN CRAB)"
66,"GOPAL SEAFOODS Plot No. 2-4, ","GIDC Estate, 
Veraval, Gujarat",02876-231912,documents@gopalseafoods.com,,"GU1/MT/010/04 17/12/2004 
16/12/2025",Frozen,"Frozen:Fish Wild(FROZEN YELLOW FIN TUNA WHOLE 
ROUND,FROZEN SKIPJACK TUNA WHOLE ROUND,FROZEN BOINTO TUNA WHOLE ROUND,FROZEN LONG TAIL TUNA 
WHOLE ROUND,FROZEN REEF COD/GROUPER,FROZEN 
RIBBONFISH,FROZEN CROAKER FISH,FROZEN SOLE 
FISH,FROZEN KING FISH,FROZEN MAHI MAHI W/R/GTD,FROZEN SAILFISH HGT,FROZEN LEATHER JACKET,FROZEN EEL 
FISH,FROZEN INDIAN MECKEREL,FROZEN BARACUDA,FROZEN SILVER/BLACK/CHINESE POMFRET,FROZEN SNAPPER,FROZEN EMPEROR FISH,FROZEN LEATHER SKIN/QUEEN FISH,FROZEN RED BULL EYE,FROZEN LIZARD FISH,FROZEN BOMBAY 
DUCK,FROZEN SEA BREAM) 
Frozen:Shrimp Wild(FROZEN PUD/PD/HL KARIKADI 
SHRIMPS,FROZEN PUD/PD/HL BROWN SHRIMPS,FROZEN 
PUD/PD/HL SHRIMPS) 
Frozen:Cuttlefish(FROZEN CUTTLEFISH WHOLE/WHOLE CLEANED) Frozen:Squid(FROZEN SQUID WHOLE/ WHOLE CLEANED 
IF/BLOCK) 
Frozen:Octopus(FROZEN OCTOPUS WHOLE ROUND/WHOLE 
CLEANED IF/BLOCK) 
Frozen:Crab(FROZEN BLUE SWIMMING CRAB WHOLE 
MALE/FEMALE,FROZEN BLUE SWIMMING CARB HALF CUT MALE FEMALE,FROZEN THREE SPOT CARB WHOLE 
MALE/FEMALE,FROZEN THREE SPOT CARB HALF CUT MALE /FEMALE)"
"67
",GREAT WALL EXPORTS PLOT NO 1406 ,"G I D C ESTATE
",9904952555,,,"GU1/MT/367/19 21/11/2019 
","Frozen
","Frozen:Fish Wild(FROZEN RIBBON FISH,,FROZEN CROAKER FISH,FROZEN YELLOW CROAKER,FROZEN SILVER 
CROAKER,FROZEN REEF COD WHOLE,FROZEN INDIAN 
MACKEREL,FROZEN SOLE FISH,FROZEN HORSE 
MACKEREL,FROZEN BLACK SEABREAM,FROZEN GROPUER WHOLE ROUND,FROZEN YELLOWFIN TUNA,FROZEN SKIP JACK TUNA,FROZEN BONITO TUNA,FROZEN LONG TAIL
	"
,,"VERAVAL, Gujarat",,,-,20-11-2022,,"
TUNA,FROZEN SAIL FISH) 
Frozen:Cuttlefish(FROZEN CUTTLE FISH,FROZEN CUTTLEFISH WHOLE CLEANED) 
Frozen:Squid(FROZEN SQUID WHOLE,FROZEN SQUID WHOLE CLIEN) 
Frozen:Octopus(FROZEN OCTOPUS)"
68,HANSWATI EXPORT PVT. LTD.,"Plot No. 312, 
GIDC, 
Veraval-362 269, Gujarat",,hanswatiexport@gmail.com,,"GU1/MT/065/05 08/08/2005 
07/08/2020",Frozen,
69,HONEST FROZEN FOODS CO ,"PLOT NO.1405 
G.I.D.C. ESTATE 
VERAVAL, Gujarat",,honest.document@gmail.com,,"GU1/MT/038/05 18/02/2005 
17/02/2023",Frozen,"Frozen:Fish Wild(Ribbon Fish,Croaker Fish,Leather Jacket,Sole Fish,) Frozen:Shrimp Wild(PUD, P & D, Head on, Headless, HL/TL) 
Frozen:Cuttlefish(Whole, Whole cleaned, Fillets, Strips, Tentacles) Frozen:Squid(Whole, Whole cleaned, Tubes, Fillets,,Strips, Ring) Frozen:Octopus(Whole, Whole cleaned, Gutted, Chopped) 
Frozen:Lobster(RAW ROCK LOBSTER,SAND LOBSTER)"
70,J J SEA FOODS ,"Bara Road, 
Mangrol-362225, Gujarat",,jjseafoods@gmail.com,,"GU1/MT/136/08 27/10/2008 
26/10/2023","Frozen 
Chilled","Frozen:Cuttlefish(FROZEN CUTTLEFISH WHOLE CLEANED 
IQF,FROZEN CUTTLEFISH WHOLE BLOCK,FROZEN CUTTLEFISH WHOLE CLEANED VACCUME PACKED,FROZEN CUTTLEFISH FILLET IQF,FROZEN CUTTLEFISH WHOLE BLOCK/IQF,FROZEN CUTTLEFISH WHOLE CLEANED BLANCHED/ IQF,FROZEN 
CUTTLEFISH WHOLE CLEANED COOKED IQF,FROZEN 
CUTTLEFISH WHOLE CLEANED (TRAY PACK),FROZEN 
CUTTLEFISH WHOLE CLEANED BLANCHED IQF,FROZEN 
CUTTLEFISH STRIPS RAW/BLANCED IQF,FROZEN CUTTLEFISH TENTACLES RAW/BLANCHED IQF,FROZEN CUTTLEFISH STRIPS COOKED IQF,FROZEN CUTTLEFISHTENTACLES COOKED 
IQF,FROZEN CUTTLEFISH ROE IQF,FROZEN CUTTLEFISH WHOLE CLEANED BLOCK,FROZEN CUTTLEFISH WHOLE CLEANED SHRINK PACK,FROZEN CUTTLEFISH STRIPS & TENTACLES BLANCHED IQF) 
Frozen:Squid(FROZEN SQUID WHOLE BLOCK,FROZEN SQUID WHOLE BLOCK(VACCUME) PACKED),FROZEN SQUID WHOLE TRAY PACK,FROZEN SQUID WHOLE IQF,FROZEN SQUID 
RINGS(SKIN ON) RAW IQF,FROZEN SQUID RINGS BLANCHED IQF,FROZNED SQUID RINGS COOKED IQF,FROZEN SQUID 
WHOLE CLEANED IQF,FROZEN SQUID WHOLE CLEANED 
(VACCUME PACKED),FROZEN SQUID WHOLE CLEANED 
BLOCK,FROZEN SQUID WHOLE CLEANED (TRAY PACK),FROZEN SQUID WHOLE CLEANED TRAY PACK(VACCUME PACK),FROIZEN SQUID WHOLE CLEANED BLANCHED IQF,FROZEN SQUID 
WHOLE CLEANED STUFEED IQF,FROZEN CUT SQUID (SKIN ON) / SKINLESS IQF,FROZEN SQUID TENTACLED 
RAW/BLANCHED/COOKED IQF,FROZEN SQUID WHOLE CLEANED (BUTTERFLY) BLOCK/IQF,FROZEN SQUID RINGS/TENTACLES TRAY PACK IQF) 
Chilled:Fish Wild(FRESH & CHILLED POMFRET WHOLE,FRESH & CHILLED FISH WHOLE) 
Chilled:Shrimp Wild(RAW FRESH & CHILLED PUD 
SHRIMPS,BLANCHED/COOKED FRESH & CHILEED PUD 
SHRIMPS,FRESH & CHILLED HEAD ON SHRIMPS,FRESH & 
CHILLED PUD SHRIMPS BUTTERFLY,FRESH & CHILLED PD 
SHRIMPS) 
Chilled:Cuttlefish(FRESH & CHILLED CUTTLEFISH WHOLE,FRESH & CHILLED CUTTLEFISH WHOLE CLEANED,FRESH & CHILLED CUTTLEFISH STRIPS & TENTACLES,FRESH & CHILLED 
CUTTLEFISH FILLET,FRESH & CHILLED CUTTLEFISH ROE) Chilled:Squid(FRESH & CHILLED SQUID WHOLE,FRESH & 
CHILLED SQUID WHOLE CLEANED,FRESH & CHILLED SQUID RINGS // TENTACLES,FRESH & CHILLED SQUID STUFFED,FRESH & CHILLED SQUID WHOLE CLEANED BUTTERFLY)"
71,J.M. MARINE EXPORTS ,"R.S. No.1798/1, Paikys-1, 
.Near GIDC Udhyognagar, Patan Road, Veraval-362269., Gujarat",02876-232484,jmmarineexport@gmail.com,www.jmmarineexports.com,"GU1/MT/181/11 10/02/2011 
09/02/2026",Frozen,"Frozen:Fish Wild(FROZEN CUTTLEFISH WHOLE AND WHOLE CLEANED IQF,FROZEN SQUID WHOLE AND WHOLE CLEANED, IQF,FROZEN RIBBONFISH AND LEATHER JACKET,FROZEN SQUID(TRAY PACK, CUT SQUID, RINGS, TENTACLE,CUTTLEFISH TRAY PACK STRIPS,,FROZEN YELLOW AND SILVER 
CROCKER,FROZEN INDIAN MACKREL AND HORSE 
MACKREL,FROZEN REEF COD)"
72,JAGDISH MARINE ,"EXPORTS 
G.I.D.C. ESTATE, PLOT NO.: 47/48, 
VERAVAL, Gujarat",2876232197,jagdishmarineexportslab@gmail.com,,"GU1/MT/194/11 24/10/2011 
23/10/2023",Frozen,
"73
","JINNY MARINE TRADERS Plot No. 1306/1311, ","GIDC Area, 
Veraval, Gujarat
",02876-231602,jinnymarine@gmail.com,,"GU1/MT/003/04 13/12/2004 
09/12/2025
","Frozen
","Frozen:Shrimp Wild(Frozen PUD Shrimps IQF,Frozen PUD Shrimps Blanched IQF.,Frozen Cooked PUD Shrimps IQF.,Frozen Butterfly 
Shrimps IQF.,Frozen PD Shrimps IQF,Frozen PD Tail on Shrimps 
IQF.,Frozen Headless Blanched Shrimps IQF.,Frozen PUD Shrimps Vacuum Pack.) 
Frozen:Cuttlefish(Frozen Whole Cleaned Cuttlefish IQF.,Frozen Whole Cleaned Cuttlefish Block.,Frozen Cuttlefish Whole Vacuum Pack 
Tray.,Frozen Cuttlefish Whole Cleaned Vacuum Pack Tray.,Frozen 
Cuttlefish Strips Vacuum Pack Tray.,Frozen Cuttlefish Strips IQF.,Frozen Cuttlefish Strips Blanched IQF.,Frozen Cuttlefish Tentacles Blanched IQF.,Frozen Cuttlefish Roe IQF.) 
Frozen:Squid(Frozen Whole Cleaned Squid IQF.,Frozen Whole Cleaned Squid Block.,Frozen Whole Squid IQF.,Frozen Squid Rings & Tentacles IQF.,Frozen Squid Rings & Tentacles Blanched IQF.,Frozen Skin on Squid Rings & Tentacles IQF.,Frozen Squid Rings Blanched IQF.,Frozen Squid Tentacles Blanched IQF.,Frozen Stuffed Squid IQF.,Frozen Whole Squid
	"
,,,,,,,,"
Pin Bone off IQF.,Frozen Butterfly Squid IQF.,Frozen Squid Broken 
Blanched IQF.,Frozen Squid Whole Cleaned Vacuum Pack Tray.,Frozen Squid Whole Vacuum Pack Tray.,Frozen Skewers IQF.,Frozen Seafood Mix IQF.)"
74,K.R.SEAFOODS PVT. LTD.,"Plot No. 1006, 
GIDC, 
Veraval-362 269, Gujarat",2876232190,krsplvrl@gmail.com,,"GU1/MT/021/05 04/01/2005 
03/01/2026",Frozen,
75,"KALPANA IMPEX PLOT NO.403, ","GIDC ESTATE, 
VERAVAL, Gujarat",02876-231138,kalpana.impex@hotmail.com,http://www.kalpanaimpex.com,"GU1/MT/254/14 11/02/2014 
10/02/2023","Frozen 
Chilled",
76,KALPATARU EXPORTS ,"GMB PLOT 9/10, 
NEAR CIFT, BHIDIYA PLOT VERAVAL, Gujarat",9.12876E+11,kalpataru.exports@gmail.com,www.fishmart.com,"GU1/MT/215/12 24/08/2012 
23/08/2024",Frozen,"Frozen:Fish Wild(FROZEN RIBBON FISH,FROZEN CROAKER 
FISH,FROZEN YELLOW CROAKER,FROZEN SILVER 
CROAKER,FROZEN REEF COD,FROZEN MAHI MAHI,FROZEN LEATHER JACKETS,Frozen Skip Jack Tuna,Frozen Long Tail 
Tuna,Frozen Mahi Mahi Fish) 
Frozen:Cuttlefish(FROZEN WHOLE CLEANED CUTTLEFISH,FROZEN CUTTLEFISH CUBE,FROZEN CUTTLEFISH TENTACLES,FROZEN BABY CUTTLEFISH WHOLE CLEANED) 
Frozen:Squid(FROZEN SQUID WHOLE BLOCK,FROZEN NEEDLE SQUID,FROZEN SQUID TENTACLES,FROZEN CUT SQUID & 
TENTACLES,FROZEN SQUID WHOLE CLEANED IQF,FROZEN CUT SQUID SKINON,FROZEN BABY SQUID WHOLE,FROZEN BABY SQUID PIN BONE OFF IQF,FROZEN SQUID WHOLE CLEANED BUTTERFLY) 
Frozen:Octopus(FROZEN OCTOPUS WHOLE CLEANED,FROZEN CHOPPED OCTOPUS IQF,FROZEN BABY OCTOPUS WHOLE 
CLEANED,FROZEN OCTOPUS WHOLE BLOCK,FROZEN LONG ARM OCTOPUS WHOLE,FROZEN CLEANED BABY OCTOPUS)"
77,KANAIYA MARINE ,"EXPORTS 
PLOT NO.48/A, G.I.D.C.
ESTATE, 
VERAVAL-362269, Gujarat",2876232197,documentkanaiyamarine@gmail.com,,"GU1/MT/193/11 24/10/2011 
23/10/2020",Frozen,
78,"KARTIK COLD STORAGE Plot No. 1308, ","GIDC Estate, 
Veraval, Gujarat",2876232330,masani_ad1@yahoo.co.in,,"GU1/MT/020/04 23/12/2004 
23/12/2025",Frozen,"Frozen:Fish Wild(Red bally Reef cod,Ribbon FIsh,Silver Croaker,Yellow Croaker,Horse Mackerel,Indian Mackerel,Yellow Tail Scad,Red 
Snepper,Barracuda,J.T. Fin Bream,Lizard Fish,Red Bull Eye,Leather jacket,Sardine,Yellow Fin Tuna,Skipjack Tuna,Bonito Tuna,Sole Fish,Eel Fish,Bombay Duck,King Fish,Kati Fish,Malabar Travelly,Black 
pomfret,Silver pomfret,Seer Fish,MahiMahi Fish,Sting Ray,Cat 
Fish,Spoted Reef Cod,Lady FIsh,Silver Herring) 
Frozen:Shrimp Wild(Tiny Karikadi Shrimp,Goinar Shrimp,Flower Shrimp,Indian White Shrimp,Indian Sea Tiger Shrimp) 
Frozen:Shrimp Aquaculture(Kapsi Shrimp,Scampi Shrimp) 
Frozen:Cuttlefish(Pharaoh Cuttelfish) 
Frozen:Squid(Indian Squid,Needle Squid) 
Frozen:Octopus(Smoothskin Octopus,Sandbird Octopus) 
Frozen:Lobster(Sand Lobster,Rock Lobster,Scalloped Spiny Lobster) Frozen:Crab(Blue Swimming Crab,Three Spot Crab)"
79,"KESHODWALA FOODS Plot No. 305, ","GIDC, 
Veraval, Gujarat",2876231644,sales@keshodwala.com,,"GU1/MT/007/04 15/12/2004 
09/12/2025",Frozen,"Frozen:Fish Wild(FROZEN RIBBON FISH WHOLE,FROZEN YELLOW CROAKER,FROZEN SILVER POMFRET,FROZEN CHINESE 
POMFRET,FROZEN SOLE FISH,FROZEN REEFCOD,FROZEN 
SPANISH MACKEREL,FROZEN INDIAN MACKEREL,FROZEN HORSE MACKEREL,FROZEN LEATHER JACKET,FROZEN LIZARD FISH,FROZEN BOMBAY DUCK,FROZEN BARRACUDA,FROZEN KINGFISH WHOLE,FROZEN YELLOW FIN TUNA WHOLE 
ROUND,FROZEN SKIPJACK TUNA WHOLE ROUND,FROZEN RED SNAPPER,FROZEN SILVER CROACKER,FROZEN BONITO 
TUNA,FROZEN LONG TAIL TUNA,FROZEN MAHI MAHI,FROZEN EEL FISH,FROZEN CROACKER FISH,FROZEN TIGER TOOTH CROACKER,FROZEN STING RAY,FROZEN HILSA,FROZEN KOOTH FISH,FROZEN WHITE SNAPPER,FROZEN OCTOPUS 
WHOLE,FROZEN SCAD FISH,FROZEN JAPANESE THREADFIN BREAM,FROZEN BULL EYE FISH,FROZEN BIG MOUTH 
CROAKER) 
Frozen:Shrimp Wild(FROZEN PUD SHRIMPS BLANCHED 
IQF,FROZEN PD SHRIMPS BLANCHED IQF,FROZEN PUD SHRIMPS IQF) 
Frozen:Cuttlefish(FROZEN CUTTLE FISH WHOLE,FROZEN CUTTLE FISH WHOLE CLEANED IQF,FROZEN CUTTLE FISH STRIPS 
BLANCHED IQF,FROZEN CUTTLE FISH TENTACLES BLANCHED IQF) 
Frozen:Squid(FROZEN SQUID WHOLE,FROZEN SQUID WHOLE CLEANED IQF,FROZEN SQUID TENTACLES BLANCHED 
IQF,FROZEN SQUID RINGS BLANCHED IQF,FROZEN SQUID TUBES IQF,FROZEN SQUID WHOLE LAYER PACK) 
Frozen:Octopus(FROZEN OCTOPUS WHOLE,FROZEN OCTOPUS WHOLE CLEANED IQF)"
"80
",KEVAL EXPORTS ,"Plot no. 24/26 
Port Area, Ward -B, 
Veraval â€“ 362 265, Gujarat
",2876232499,kevalexports@yahoo.co.in,,"GU1/MT/087/07 14/02/2007 
13/02/2023
","Frozen
","Frozen:Fish Wild(FROZEN RIBBON FISH,FROZEN CROAKER FISH,FROZEN SILVER AND YELLOW CROAKER,FROZEN BIG MOUTH CROAKER,FROZEN KATTI FISH,FROZEN EEL 
FISH,FROZEN GHOL FISH,FROZEN REEF COD,FROZEN HILSA FISH,FROZEN SOLE FISH,FROZEN SEA BREAM,FROZEN BARRACUDA,FROZEN SNAPPER,FROZEN CAT FISH,FROZEN SQUID WHOLE,FROZEN CUTTLE FISH,FROZEN TUNA 
FISH,FROZEN SKIPJACK TUNA,FROZEN YELLOW FIN 
TUNA,FROZEN BIG EYE TUNA,FROZEN SEER FISH,FROZEN INDIAN MACKEREL,FROZEN BOMBAY DUCK WHOLE &
	"
,,,,,,,,"
HL/TL,FROZEN MAHI MAHI,FROZEN SILVER PROMFRET,FROZEN CHINESE POMFRET,FROZEN SPANISH MACKEREL,FROZEN HORSE MACKEREL,FROZEN LEATHER JACKET,FROZEN QUEEN FISH,FROZEN DORAB FISH,FROZEN DARA FISH)"
81,"KRISHNA FROZEN FOODS GIDC, MALALA, ","DIU, Daman & Diu",2875253847,contact@krishnafrozenfoods.com,,"GU1/MT/140/09 27/01/2009 
26/01/2024",Frozen,"Frozen:Fish Wild(FROZEN RIBBON FISH,FROZEN SOLE 
FISH,FROZEN CROAKER,FROZEN LEATHER JACKET,FROZEN REEF COD,FROZEN BIG MOUTH CROAKER,FROZEN 
MACKEREL,FROZEN POMFRET,FROZEN SEER FISH,FROZEN KING FISH,FROZEN HILSA FISH,FROZEN TUNA) 
Frozen:Shrimp Aquaculture(FROZEN VANNAMEI,FROZEN BLACK TIGER) 
Frozen:Cuttlefish(FROZEN CUTTLE FISH,FROZEN BABY CUTTLE FISH) 
Frozen:Squid(FROZEN SQUID)"
82,"M/S KING FISH EXPORTS Plot No. 1201/1202, ","GIDC Area, 
Veraval, Gujarat",02876-233701,info@kingfishexports.com,,"GU1/MT/037/05 18/02/2005 
17/02/2023",Frozen,
83,M/S DEEPMALA ,"FISHERIES 
Plot No 805,GIDC Estate, 
Veraval-362269 
GIR Somanath Dist,, Gujarat",02876-233132,deepmalafisheries@gmail.com,,"GU1/MT/287/15 11/08/2015 
10/08/2024",Frozen,
84,M/S MARUTI FROZEN FOODS ,"Bara Bunder Road 
Mangrol 
Dist.Junagadh, Gujarat",2876223155,marutifrozenfoods2014@gmail.com,,"GU1/MT/274/14 14/11/2014 
13/11/2023",Frozen,"Frozen:Fish Wild(FROZEN RIBBON FISH,FROZEN CROAKER FISH,FROZEN SOLE FISH,FROZEN LATHER JACKET FISH)"
85,M/S VANITA COLD STORAGE ,"Somnath Road, 
Near Bhidia Bridge, Veraval, Gujarat",02876-232692,vanitacoldstorage@gmail.com,,"GU1/MT/013/04 21/12/2004 
20/12/2025","Frozen 
Dried","Frozen:Fish Wild((FROZEN RIBBON FISH,FROZEN CROAKER 
FISH,FROZEN YELLOW CROAKER,FROZEN SILVER 
CROAKER,FROZEN REEF COD WHOLE,FROZEN INDIAN 
MACKEREL,FROZEN SOLE FISH,FROZEN HORSE 
MACKEREL,FROZEN BLACK SEABREAM,FROZEN GROPUER WHOLE ROUND,FROZEN RED REEF COD WOHLE,FROZEN MAHI MAHI FISH,FROZEN LEATHER JACKETS) 
Frozen:Shrimp Wild(Frozen:Shrimp Wild(Shrimps (PUD, P & D, Head on, H) 
Frozen:Shrimp Aquaculture(Frozen:Shrimp Aquaculture(PUD, PD, HOSO, HL/TL) ),FROZEN HEADLESS SHELL ON VANNMEI 
SHRIMPS,FROZEN PD VANNAMEI SHRIMPS IQF,FROZEN PUD VANNMEI SHRIMPS IQF,FROZEN H/L BLACK TIGER SHRIMPS IQF) Frozen:Cuttlefish(FROZEN CUTTLEFISH WHOLE CLEANED 
IQF,RAW FROZEN CUTTLEFISH WHOLE CLEANED 
IQF,Frozen:Cuttlefish((Whole, Whole cleaned, Fillets,) 
Frozen:Squid(Frozen:Squid((Whole, Whole cleaned, Tubes, 
Fillets,Frozen:Squid(Strips,,Rings, Tentacles, Wings)),RAW FROZEN CUT SQUID IQF) 
Frozen:Octopus(Frozen:Octopus((Whole, Whole cleaned, Gutted, Chop)"
86,M/S. S.K. FOODS ,"PLOT NO. 1/2, G.I.D.C 
ESTATE 
OPPOSITE OF BHARAT PETROLEUM, SOMNATH ROAD 
VERAVAL, Gujarat",2876232888,skfoodsveraval@gmail.com,,"GU1/MT/343/19 06/03/2019 
05/03/2025",Frozen,"Frozen:Fish Wild(FROZEN RIBBON FISH,FROZEN YELLOW 
CROAKER,,FROZEN CROAKER FISH,FROZEN SILVER 
CROAKER,FROZEN REEF COD WHOLE,FROZEN SOLE 
FISH,FROZEN INDIAN MACKEREL,FROZEN HORSE 
MACKEREL,FROZEN BLACK SEA-BREAM,FROZEN GROPUER WHOLE ROUND,FROZEN RED REEF COD WHOLE,FROZEN MAHI MAHI FISH,FROZEN LEATHER JACKETS,FROZEN YELLOW FIN TUNA,FROZEN BONITO TUNA,FROZEN SKIP JACK TUNA,FROZEN LONG TAIL TUNA,FROZEN SILVER POMFRET,FROZEN BLACK POMFRET,FROZEN EEL FISH,FROZEN LIZARD FISH,FROZEN BARRACUDA FISH,FROZEN KING FISH,FROZEN PINK 
SNAPPER,FROZEN JapaneseThreadfinBream,FROZEN STING 
RAY,FROZEN CHINESE POMFRET,FROZEN SEER FISH, FROZEN LITTLE TUNNY,FROZEN KING MACKEREL, FROZEN BULL 
EYE,FROZEN BIG EYE TUNA, FROZEN SNAPPER,FROZEN LONG SPINEGROUPER,FROZENTHORNYCHEEKGROUPER,FROZEN TIGER TOOTH CROAKER,FROZEN CAT FISH,FROZEN TIGER TOOTH CROAKER,FROZEN HALIBUT,,FROZEN BOMBAY 
DUCK,FROZEN SWORD FISH,,FROZEN CONGER EEL,FROZEN SEER FISH,FROZEN CRAB) 
Frozen:Shrimp Wild((PUD, P & D, Head on, Headless, HL/TL)) 
Frozen:Shrimp Aquaculture(FROZEN VANNAMI SHRIMP 
(PUD,WHOLE,P&D)) 
Frozen:Cuttlefish((Whole, Whole cleaned, Fillets, Strips, Tentacles) Frozen:Squid(Whole, Whole cleaned, Tubes, Fillets, 
Strips,,Ring,SquidTentacles, Squid Wings) 
Frozen:Octopus((Whole, Whole cleaned, Gutted, Chopped)) 
Frozen:Lobster((RAW ROCK LOBSTER,SAND LOBSTER)) 
Frozen:Crab((MUD CRAB,SEA CRAB))"
87,"M/S. AMBAR EXPORTS Plot No.610/2, G.I.D.C, Veraval-362269, Gujarat",,9904037625,ambarexports@gmail.com,,"GU1/MT/279/15 22/04/2015 
21/04/2024",Frozen,"Frozen:Fish Wild(FROZEN RIBBON FISH, FROZEN CROAKER FISH,FROZEN REEF COD, FROZEN INDIAN MACKEREL,FROZEN HORSE MACKEREL, FROZEN LIZARD FISH,FROZEN INDIAN MACKEREL, FROZEN HORSE MACKEREL,FROZEN SQUID WHOLE, FROZEN CUTTLEFISH WHOLE,FROZEN SKIPJACK TUNA, FROZEN YELLOW FIN TUNA)"
,M/S. CAPITAL FISH CENTRE ,"Plot No. 1305
",9898425050,,,"GU1/MT/345/19
",,"Frozen:Fish Wild(Ribbon Fish, Croaker Fish, Leather Jacket,Sole Fish, Silver Pomfret, Chinese Pomfret,Black Pomfret, Eel Fish, Lizard Fish,,Barracuda,Snapper, Japanese Threadfin Bream,,Reefcod,Stingray, Snapper, Cat Fish,,Indian Halibut,Bombay Duck, Indian Salmon,Indian Thread Fin bream,Marlin, Sailfish,LITTLE TUNNY,BONITO 
FISH,YELLOWFIN TUNA) 
	"
"
88",,"G.I.D.C. Estate
Veraval/362269, Gujarat",,capitalfishcenter1305@gmail.com,-,08/03/2019 07/03/2025,Frozen,"
Frozen:Shrimp Wild(Shrimps (PUD, P & D, Head on,Headless, HL/TL) Frozen:Cuttlefish(Whole, Whole cleaned, Fillets, Strips, Tentacles) Frozen:Squid(Whole, Whole cleaned, Tubes, Fillets, Strips,Rings, Tentacles, Wings) 
Frozen:Octopus(Whole, Whole cleaned, Gutted, Chopped)"
89,M/S. H.H. MARINE ,"Plot No. 19 
Suervy No, 1788/1 
Near Win Marine Exports, Gujarat",9824465348,hhmarinefoods@gmail.com,-,"GU1/MT/369/20 22/01/2020 
21/01/2026",Frozen,"Frozen:Fish Wild(FROZEN RIBBON FISH,FROZEN CROAKER 
FISH,FROZEN REEF COD,FROZEN INDIAN MACKEREL,FROZEN HORSE MACKEREL,, FROZEN LIZARD FISH,FROZEN SOLE 
FISH,FROZEN YELLOW FIN TUNA,FROZEN MAHI MAHI 
FISH,FROZEN SILVER POMFRET,FROZEN EEL FISH,FROZEN LIZARD FISH,,BARRACUDA FISH,KING FISH,FROZEN Japanese Threadfin Bream,Frozen:Cuttle 
fish,Frozen:Squid,Frozen:Octopus,Frozen:Lobster,Frozen:Shrimp,FROZEN INDIAN WHITE PRAWN,FROZEN SNAPPER,LONG SPINE 
GROUPER,FROZEN YELLOWTAIL SCAD,FROZEN MALABAR TREVALLY,FROZEN MALABAR TREVALLY,LARGE HEADED RIBBON FISH,,FROZEN GROUPER,TIGER TOOTH 
CROAKER,FROZEN GOAT FISH,PARROT FISH,MILK FISH,WHITE FISH,,FROZEN LEATHER JACKET,FROZEN SEER FISH,,FROZEN COWTAIL STING RAY)"
90,M/S. J.M. SEA FOODS ,"SURVEY NO.1798/3 - 4 
NEAR GIDC UDYOG 
NAGAR 
PATAN ROAD , VERAVAL GUJRAT/362268, Gujarat",2876232484,jmseafoods10@gmail.com,,"GU1/MT/295/16 13/01/2016 
12/01/2025","Frozen 
Others-Non Edible","Frozen:Fish Wild(FROZEN CUTTLEFISH WHOLE AND WHOLE CLEANED IQF,,FROZEN SQUID WHOLE AND WHOLE CLEANED, IQF,,FROZEN WHOLE CLEANED OCTOPUS ,IQF,FROZEN HORSE MACKEREL,,FROZEN YELLOW CROAKER,FROZEN SILVER CROAKER,FROZEN INDIAN MACKEREL,FROZEN REEF 
COD,FROZEN RINGS AND TENTACLES ,IQF,FROZEN WHOLE SQUID PIN BONE OFF IQF,FROZEN SQUID CUTS ,IQF) 
Others-Non Edible:Fish Meals (Non-Edible)(FISH MEAL FISH AND FISH OIL,SHRIMP MEAL,SQUID MEAL)"
91,M/S. RAHEMAT FISH CENTER ,"Plot No. 812 
G.I.D.C.,Estate 
Veraval/362269, Gujarat",9227563228,rahematfishcentre@gmail.com,-,"GU1/MT/366/19 21/11/2019 
20/11/2025","Frozen 
Chilled","Frozen:Fish Wild(FROZEN RIBBON FISH,FROZEN CROAKER 
FISH,FROZEN REEF COD,FROZEN LEATHER JACKET 
FISH,FROZEN EEL FISH,FROZEN SOLE FISH,FROZEN HORSE MACKEREL,FROZEN INDIAN MACKEREL,FROZEN BLACK SEA BREAM,FROZEN BIG MOUTH CROAKER,FROZEN JAPANESE THREADFIN BREAM,FROZEN YELLOW TAIL SCAD FISH,FROZEN STINGRAY,FROZEN LIZARD FISH,FROZEN RED 
SNAPPER,FROZEN EMPEROR FISH,FROZEN MAHI MAHI,FROZEN BOMBAY DUCK,FROZEN SWORD FISH,FROZEN CAT 
FISH,FROZEN BARRACUDA FISH,FROZEN KING FISH,FROZEN QUEEN FISH,FROZEN SEER FISH,FROZEN LEATHER SKIN 
FISH,FROZEN SILVER POMFRET,FROZEN BLACK 
POMFRET,FROZEN HILSA FISH,FROZEN MOON FISH,FROZEN SARDINE FISH,FROZEN KOOTH FISH,FROZEN GOAT 
FISH,FROZEN BIGEYE SCAD,FROZEN BONITO TUNA,FROZEN SKIPJACK TUNA,FROZEN YELLOWFIN TUNA,FROZEN BIGEYE TUNA,FROZEN LITTLE TUNA,FROZEN FRIGATE TUNA,FROZEN GREY MULLET,FROZEN HALIBUT FISH) 
Frozen:Cuttlefish(FROZEN CUTTLE FISH WHOLE,FROZEN CUTTLE FISH WHOLE CLEANED,FROZEN BABY CUTTLE FISH,FROZEN CUTTLE FISH STRIPS) 
Frozen:Squid(FROZEN LOLIGO SQUIDS,FROZEN NEDDLE 
SQUIDS,FROZEN SEMI-NEDDLE SQUIDS,FROZEN LOLIGO 
SQUIDS WHOLE CLEANED,FROZEN CUT SQUIDS,FROZEN SQUID RINGS,FROZEN SQUID TENTACLES) 
Frozen:Octopus(FROZEN OCTOPUS WHOLE,FROZEN OCTOPUS WHOLE CLEANED) 
Frozen:Lobster(FROZEN ROCK LOBSTER,FROZEN SAND LOBSTER) Frozen:Crab(FROZEN BLUE SWIMMING CRAB)"
92,"M/S. RAJAN SEA FOODS Plot No. 609, GIDC, ","Veraval-362269, Gujarat",02876-231068,rajanseafoodsvrl@gmail.com,,"GU1/MT/283/15 10/06/2015 
09/06/2024",Frozen,
93,M/S. RAMESHWAR COLD STORAGE ,"Somnath Road 
Bhidiya 
Veraval, Gujarat",2876232035,rameshwarvrl@gmail.com,,"GU1/MT/052/05 10/03/2005 
09/03/2023",Frozen,
94,M/S. REAL EXPORTS ,"Plot No.8 & 9 
Somnath Road, Bhidiya Veraval - 362 269, Gujarat",02876-232035,real1160@gmail.com,,"GU1/MT/127/08 07/07/2008 
04/04/2023",Frozen,
,,,,,,,,"Frozen:Fish Wild(FROZEN RIBBON FISH WHOLE,FROZEN RIBBON FISH,FROZEN RIBBON FISH IWP,FROZEN CROAKER 
FISH,FROZEN SILVER CROAKER,FROZEN YELLOW 
CROAKER,FROZEN SOLE FISH,FROZEN LEATHER JACKET 
WHOLE,FROZEN LEATHER JACKET HLTL,FROZEN LEATHER JACKET HGT,FROZEN LEATHER JACKET FISH,FROZEN INDIAN MACKEREL,FROZEN HORSE MACKEREL,FROZEN TIGER TOOTH CROAKER,FROZEN T T CROAKER,FROZEN BIG MOUTH 
CROAKER,FROZEN REEF COD,FROZEN EEL FISH,FROZEN BLACK POMFRET,FROZEN SILVER POMFRET,FROZEN BARRACUDA WHOLE,FROZEN SEER FISH,FROZEN BLACK SEA 
BREAM,FROZEN JAPANESE THREADFIN BREAM FISH,FROZEN KING FISH) 
Frozen:Shrimp Wild(Frozen:Shrimp Wild(FROZEN 
KARIKADI/BROWN,FROZEN PUD/HL 
KARIKADI/BROWN/KAPSI/FLOWER SHRIMPS,Frozen:Shrimp 
Wild((PUD, P & D, Head on, Headless,) 
Frozen:Shrimp Aquaculture(Frozen:Shrimp Aquaculture((PUD, Whole, P
"
"
95",,"M/S. S.S. INTERNATIONAL Plot No.604/605, 
G.I.D.C.
VERAVAL, Gujarat",2876232888,ssintervrl@gmail.com,,"GU1/MT/179/11 05/01/2011 
04/01/2026",Frozen,"
& D,,Frozen:Shrimp Aquaculture((Head 
ON,HEADLESS,HLTL),FROZEN VANNAMI SHRIMP,FROZEN 
VANNAMI SHRIMP (PUD,WHOLE,P&D),FROZEN VANNAMI 
SHRIMP(HEADON,HEADLESS,HLTL)) 
Frozen:Cuttlefish(FROZEN CUTTLEFISH WHOLE,FROZEN 
CUTTLEFISH WHOLE CLEANED IQF,FROZEN WHOLE CLEANED CUTTLEFISH IQF,FROZEN WHOLE CLEANED CUTTLEFISH PINK IQF,FROZEN CUTTLEFISH WHOLE CLEANED RAW IQF,FROZEN CUTTLEFISH STRIPPED BLANCHED IQF,RAW FROZEN 
CUTTLEFISH WHOLE CLEANED IQF) 
Frozen:Squid(FROZEN SQUID WHOLE,FROZEN SQUID WHOLE CLEANED IQF,FROZEN BABY SQUID WHOLE,FROZEN BABY SQUID WHOLE LAYERPACK BLOCK,FROZEN BABY SQUID 
WHOLE PINBONEOUT IQF,FROZEN CUT SQUID RINGS SKIN ON AND TENTACLES IQF,FROZEN CUT SQUID SKIN ON RINGS AND TENTACLES IQF,INDIAN SQUID WHOLE CLEANED IQF,FROZEN SQUID WHOLE CLEANED BLOCK,FROZEN WHOLE CLEANED SQUID PINK IQF,FROZEN CUT SQUID IQF,FROZEN SQUID 
STUFFED IQF) 
Frozen:Octopus(FROZEN OCTOPUS WHOLE,FROZEN OCTOPUS WHOLE CLEANED IQF,FROZEN OCTOPUS CLEANED IQF,FROZEN WHOLE CLEANED OCTOPUS IQF) 
Frozen:Lobster(Frozen:Lobster(RAW ROCK LOBSTER,SAND 
LOBSTER)) 
Frozen:Crab(Frozen:Crab(MUD CRAB,SEA CRAB))"
96,M/S. SHIVGANGA MARINE PRODUCTS ,"PLOT NO. 1315, G.I.D.C.
ESTATE, 
VERAVAL, GUJARAT, Gujarat",2876231938,shivgangamarine@gmail.com,,"GU1/MT/268/14 11/09/2014 
10/09/2023",Frozen,"Frozen:Fish Wild(RIBBONFISH,SILVER 
CROAKER,SOELFISH,REEFCOD,INDIAN 
MACKERAL,CUTTLEFISH,SQUID,QUEENFISH,HORSE 
MACKERAL,LEATHER JACKET,BARRACUDA,BULL EYE,YELLOW CROAKER,JAPANESE THREAD FIN BREAM,BIG MOUTH 
CROAKER,TT CROAKER,GHOLEFISH,STING RAY,WOLF 
HERRING,CAT FISH)"
97,M/S. SHYAM MARINE ,"FOODS 
SURVEY NO. 1787/1, PLOT NO. 2, 
NEAR GIDC ESTATE, 
UDYOGNAGAR 
PRABHAS PATAN, 
VERAVAL, Gujarat",9925838670,smfbluetreasure@gmail.com,www.bluetreasure.in,"GU1/MT/389/22 23/08/2022 
22/08/2025","Frozen 
Chilled","Frozen:Fish Wild(Ribbon Fish, Croaker Fish, Leather Jacket,,Sole Fish, Silver Pomfret, Chinese Pomfret,,Black Pomfret, Eel Fish, Lizard 
Fish,,Barracuda, Snapper, Japanese Threadfin Bream,,Reef cod, Stingray, Cat Fish, Indian Halibut,,Bombay Duck, Indian Salmon,,Indian Thread Fin bream, Marlin, Sailfish,,Tuna Fish, Indian Mackerel, Horse Mackerel,,Seer Fish,(Scombroids & Non-scombroids Fishes )) 
Frozen:Shrimp Wild(Shrimps (PUD, P & D, Head on, Headless, HL/TL) Frozen:Cuttlefish((Whole, Whole cleaned, Fillets, Strips, Tentacles) Frozen:Squid(Whole, Whole cleaned, Fillets, Strips,,Rings, Tubes, 
Tentacles, Wings) 
Frozen:Octopus(Whole, Gutted, Whole cleaned) 
Chilled:Fish Wild(Scombroids & Non-Scombroids Fish Varieties) 
Chilled:Shrimp Wild(Tiger shrimps, Flower Shrimps, Karikadi 
Shrimps,Red Shrimps)"
98,"M/S. SIDDIQEE EXPORTS 104 -A,G.I.D.C. ESTATE ","Veraval, Gujarat",02876-232350,siddiqeeexports@gmail.com,www.siddiqeeexport.com,"GU1/MT/218/12 18/09/2012 
17/09/2021",Frozen,
99,M/S. SUN INTERNATIONAL PLOT NO. 1403 ,"G.I.D.C. ESTATE 
VERAVAL, Gujarat",2876232300,suninternationalveraval@gmail.,,"GU1/MT/382/22 31/05/2022 
30/05/2025",Frozen,"Frozen:Fish Wild(Ribbon Fish, Croaker Fish, Leather Jacket,,Sole Fish, Silver Pomfret, Chinese Pomfret,,Black Pomfret, Eel Fish, Lizard 
Fish,,Barracuda, Snapper, Japanese Threadfin Bream,,Reefcod, Stingray, Snapper, Cat Fish,,Indian Halibut, Bombay Duck, Indian Salmon,,Indian Thread Fin bream, Marlin, Sailfish) 
Frozen:Shrimp Wild(Shrimps (PUD, P & D, Head on, Headless, HL/TL)) Frozen:Shrimp Aquaculture(Shrimps (PUD, P & D, Head on, Headless, HL/TL) 
Frozen:Cuttlefish((Whole, Whole cleaned, Fillets, Strips, Tentacles)) Frozen:Squid((Whole, Whole cleaned, Tubes, Fillets, Strips,,Rings, Tentacles, Wings)) 
Frozen:Octopus((Whole, Whole cleaned, Gutted, Chopped))"
100,"M/S. VANITA FOODS Plot No. 312 & 313, ","G.I.D.C. Estate, Veraval 362269, Gujarat",2876232692,vanitafoods8@gmail.com,,"GU1/MT/380/21 12/10/2021 
11/10/2024",Frozen,"Frozen:Fish Wild(HISTAMINE FORMING FISHES,NONHISTAMINE FORMING FISH) 
Frozen:Shrimp Wild((PUD, PD, Head on, Headless, HL/TL) 
Frozen:Shrimp Aquaculture(PUD, PD, Head on, Headless, HL/TL) Frozen:Cuttlefish(Whole, Whole cleaned, Fillets, Strips, Tentacles) Frozen:Squid(Whole, Whole cleaned, Tubes, Fillets,,Strips,Rings, Tentacles, Wings) 
Frozen:Octopus(Whole, Whole cleaned, Gutted, Chopped)"
101,M/S. ZENITH EXPORTS PLOT NO. 317 ,"G.I.D.C.,ESTATE 
VERAVAL, Gujarat",362269,shehbaz@zasinfotech.com,www.zenithexport.com,"GU1/MT/361/19 09/09/2019 
08/09/2022","Frozen 
Chilled","Frozen:Fish Wild(FROZEN RIBBON FISH,FROZEN YELLOW 
CROAKER,,FROZEN SILVER POMFRET,FROZEN CHINESE 
POMFRET,,,FROZEN CHINESE POMFRET,FROZEN SOLE FISH ,,FROZEN REEF COD,FROZEN SQUID WHOLE,,WHOLE,FROZEN SPANISH,MACKEREL . FROZEN INDIAN MACKEREL ,,,FROZEN HORSE MACKEREL,,FROZEN LEATHER JACKET,FROZEN CUTTLE FISH,,FROZEN LIZARD FISH,FROZEN BOMBAY DUCK,,FROZEN BARRACUDA,FROZEN KINGFISH WHOLE,))"
,,,,,,,,"Frozen:Fish Wild(RIBBON FISH,YELLOW CROAKER,SILVER 
CROAKER,LEATHER JACKET,INDIAN MACKEREL,HORSE 
MACKEREL,COBIA FISH,SOLE FISH,YELLOW FIN TUNA,BONITO TUNA,SKIP JACK TUNA,LONG TAIL TUNA,MAHI MAHI 
FISH,SILVER POMFRET,BLACK POMFRET,EEL FISH,LIZARD FISH,BARRACUDA FISH,KING FISH,PINK SNAPPER,Japanese Threadfin Bream,KING FISH,REEF COD,COWTAIL STING 
RAY,CHINESE POMFRET,SEER FISH,LITTLE TUNNY,KING 
MACKEREL,BULL EYE,BIG EYE TUNA,SNAPPER,LONG SPINE GROUPER,THORNYCHEEK GROUPER,TIGER TOOTH 
CROAKER,SIN CROAKER,YELLOWTAIL SCAD,INDIAN
"
"
102",,"M/S.INDIAN EXPORTS Plot No 1316/1-2, 
G.I.D.C. Estate, 
Veraval, Gujarat",2876232466,indianexports.document@gmail.com,,"GU1/MT/227/12 19/12/2012 
18/12/2024","Frozen 
Dried","
SCAD,BIGEYE SCAD,DOUBLE SPOTTED QUEEN FISH,LEATHER SKIN,MALABAR TREVALLY,LARGE HEADED RIBBON 
FISH,HAIRTAIL RIBBON FISH,SPOTTED CAT FISH,GIANT MARINE CAT FISH,INDIAN OIL SARDINE,HILSA,INDIAN 
HALIBUT,SMOOTH WOLF HERRING,MALABAR TONGUE 
SOLE,BOMBAY DUCK,INDIAN SALMON,INDIAN 
THREADFIN,SWORD FISH,BLACK MARLIN,INDO PACIFIC SAIL FISH,INDIAN CONGER EEL,SEA BASS,GOAT FISH,PARROT 
FISH,MILK FISH,WHITE FISH,LONG SPINE SEA-
BREAM,BARRAMUNDI,GREY MULLET,CATLA) 
Frozen:Shrimp Wild(KARIKADI SHRIMP,INDIAN WHITE 
PRAWN,BLACK TIGER PRAWN,MANDAPAM FLOWER 
PRAWN,PACIFIC WHITE SHRIMP,FLOWER PRAWN,PINK 
SHRIMP,SAND SHRIMP,KING PRAWN,ARABIAN RED 
SHRIMP,DEEP SEA SHRIMP,KUTCH PRAWN,SPECKLED 
PRAWN,TIGER PRAWN,KURUMA PRAWN,RAINBOW 
PRAWN,HUNTER SHRIMP) 
Frozen:Cuttlefish(PHARAOH CUTTLEFISH,CUTTLE FISH,NEEDLE CUTTLEFISH,SPINELESS CUTTLEFISH) 
Frozen:Squid(SQUID,INDIAN SQUID,NEEDLE SQUID) 
Frozen:Octopus(OCTOPUS (MARBLED OCTOPUS)) 
Frozen:Lobster(RAW ROCK LOBSTER,SAND LOBSTER) 
Dried:Salted Jelly Fish(SALTED JELLY FISH)"
103,M/S.JALARAM KALIDAS EXPORTS ,"Plot No. 1841/1,Nr, Bhidiya Bridge, 
Somnath Road, 
Veraval, Gujarat",9824351701,jalaram.kalidas80@gmail.com,NIL,"GU1/MT/383/22 06/06/2022 
05/06/2025",Frozen,
104,M/S.PREMIER MARINE PRODUCTS ,"GIDC 
PLOT NO.814, 
VERAVAL, Gujarat",2876233140,premiermarine.document@gmail.com,,"GU1/MT/256/14 22/04/2014 
21/04/2024","Dried 
Others-Non Edible",
105,"M/S.REAL FROZEN FOODS PLOT NO.105/2, ","G.I.D.C., ESTATE, 
VERAVAL, Gujarat",8140708414,realfoodsvrl@gmail.com,,"GU1/MT/370/20 20/07/2020 
19/07/2023",Frozen,"Frozen:Fish Wild(FROZEN RIBBON FISH,FROZEN YELLOW 
CROAKER,FROZEN SILVER CROAKER,FROZEN SOLE 
FISH,FROZEN TIGER TOOTH CROAKER,FROZEN INDIAN 
MACKEREL,FROZEN HORSE MACKEREL,FROZEN LEATHER JACKET FISH,FROZEN REEF COD (GROUPER FISH),FROZEN EEL FISH,FROZEN SCAD FISH,FROZEN STING RAY,FROZEN SHAD FISH,FROZEN RED SNAPPER,FROZEN SEA BREAM,FROZEN RANI FISH,FROZEN SEER FISH,FROZEN CAT FISH,FROZEN 
BARRACUDA,FROZEN SAIL FISH,FROZEN BOMBAY 
DUCK,FROZEN MAHI MAHI,FROZEN BONITO TUNA,FROZEN YELLOW FIN TUNA,FROZEN SKIPJACK TUNA,FROZEN QUEEN FISH,FROZEN SQUID WHOLE,FROZEN OCTOPUS,FROZEN 
CUTTLE FISH,FROZEN SHRIMPS 
(KAPSI/FLOWER/KARIKADI/BROWN),FROZEN PUD)"
106,M/S.SAGAR MARINE ,"IMPEX 
Behind Trivedi Weigh Bridge Near Keval Exports,Patan 
Road 
Veraval, Gujarat",02876-231027,sagarmarineimpex@gmail.com,,"GU1/MT/282/15 18/05/2015 
17/05/2024",Frozen,"Frozen:Fish Wild(Frozen Yellowfin tuna whole,Frozen Skipjack Tuna Whole,Frozen Little Tunny / tuna Whole,Frozen Big eye tuna 
Whole,Frozen Hilsa shad/ Indian shad Clean Fish H/L,Frozen Big eye ilisha,Frozen Indian oil Sardine,Frozen Johnâ€™s Snapper,Frozen Emperor Red snapper,Frozen Blood red snapper,Frozen Big eye snapper,Frozen Brown spotted Reefcod/ Grouper,Frozen Leather Jacket,Frozen Bombay Duck,Frozen Catfish,Frozen Chinese pomfret,Frozen Black Pomfret,Frozen Silver pomfret,Frozen Bronze Croaker,Frozen Ghol,Frozen Indian 
Mackerel,Frozen Indian salmon,Frozen Seer Fish/Spanish mackerel/king fish,Frozen Spotted seer fish,Frozen Bronze croaker,Frozen Leather 
skin/queen fish,Frozen Indian Threadfin Fish,Frozen Malabar 
travelly,Frozen Lizard Fish,Frozen Ribbon Fish,Frozen Sole,Frozen White Snapper,Frozen Japanese threadfin fish,Frozen Horse Mackerel,Frozen Yellow Croaker) 
Frozen:Shrimp Wild(Frozen Brown shrimp,Frozen Goinar shrimp/ Deep sea mud shrimp,Frozen Flower prawn,Frozen White shrimps,Frozen Tiger shrimps,Frozen Yellow Prawn) 
Frozen:Cuttlefish(Frozen Cuttle fish,Frozen Needle cuttle fish) 
Frozen:Squid(Frozen Indian Squid,Frozen Squid,Frozen Needle squid) Frozen:Octopus(Frozen Octopus) 
Frozen:Lobster(Frozen Deep sea lobster,Frozen Green spiny lobster,Frozen Sand / Mud lobster,Frozen Rock lobster) 
Frozen:Crab(Frozen Mud crab,Frozen Blue swimming crab,Frozen Spotted crab,Frozen Cross crab)"
107,MAMDANI SEAFOODS RAMPARA PATIYA ,"NAVABUNDER ROAD NAVABUNDER/362510, Gujarat",9920204666,mamdaniseafoods@gmail.com,,"GU1/MT/337/18 14/09/2018 
13/09/2024",Dried,
108,"MAMTA COLD STORAGE Plot No. 806, G.I.D.C. Estate, Veraval, Gujarat",,2876232742,bluefish229@gmail.com,,"GU1/MT/170/10 04/08/2010 
03/08/2025",Frozen,"Frozen:Fish Wild(FROZEN RIBBON FISH,FROZEN CROAKER 
FISH,FROZEN YELLOW CROAKER,FROZEN SILVER 
CROAKER,FROZEN REEF COD WHOLE,FROZEN INDIAN 
MACKEREL,FROZEN SOLE FISH,FROZEN HORSE 
MACKEREL,FROZEN BLACK SEABREAM,FROZEN GROPUER WHOLE ROUND,FROZEN RED REEF COD WOHLE,FROZEN MAHI MAHI FISH,FROZEN LEATHER JACKETS,FROZEN SPOTTED REEF COD) 
Frozen:Cuttlefish(FROZEN CUTTLE FISH,FROZEN CUTTLEFISH WHOLE CLEANED) 
Frozen:Squid(FROZEN SQUID WHOLE,FROZEN BABY 
SQUID,FROZEN SQUID TUBE)"
,,,,,,,,"	"
109,"MIRA SEAFOODS Plot No.1008, ","GIDC Estate, 
Veraval, Gujarat",02876-232193,mira.seafoods@gmail.com,,"GU1/MT/126/08 24/06/2008 
17/02/2023",Frozen,
110,MONARCH FOODS PVT.,"LTD 
Bhidiya Plot, 
Somnath Road, 
Veraval-362269., Gujarat",02876 233108,lenin.augustin@gmail.com,,"GU1/MT/105/08 08/01/2008 
07/01/2023",Frozen,
111,NAGINA EXPORTS ,"PRABHAS PATAN R.S 
NO.1766 NR GIDC 
B/H GOLDERN STAR COLD STORAGE 
VERAVAL, Gujarat",9824223248,naginaexports@gmail.com,,"GU1/MT/312/17 10/02/2017 
09/02/2026",Dried,"Dried:Dried Fish(DRY SINGALA (DRY CAT FISH),DRY KATTA (DRY QUEEN FISH),DRY BOMBAY DUCK,DRY KOONY,DRY 
LIZARD,DRY VANNA (MAHI MAHI),DRIED CROAKER FISH,DRY RIBBON FISH,DRY BALAYA (DRY SKIPJACK TUNA)) 
Dried:Salted Jelly Fish(SALTED JELLY FISH) 
Dried:Fish Maws/Isinglass(AIR VAAM FISH MAWS,GHOLE FISH MAWS,DARA FISH MAWS,SINGALA FISH MAWS (CAT FISH MAWS),KUTH FISH MAWS,AIR SOILY FISH MAWS)"
112,NEW FAIZAN FOODS ,"Plot No 301,GIDC Estate 
Behind the Veraval Industries Association 
Veraval, Gujarat",02876-231395,newfaizan@gmail.com,,"GU1/MT/213/12 30/07/2012 
29/07/2024",Frozen,"Frozen:Fish Wild(FROZEN KOOTH FISH HGT/ FIILET,FROZEN GROUPER FISH WHOLE, H/ON GTD, FILLET,,FROZEN MAHI MAHI FISH HGT/ FIILET,FROZEN LEATHER JAKET FILLET,FROZEN RIBBON FISH,,FROZEN CROAKER FISH,FROZEN AMBERJACK FILLET,FROZEN CRIMSON SNAPPER FISH FILLET,,FROZEN YELLOWTAIL,FROZEN BULLEYE FISH,FROZEN HILSHA 
FISH,FROZEN SOLE FISH,FROZEN SILVER POMFRET 
FISH,FROZEN CHINESE POMFRET FISH,FROZEN CORVINA 
(GHOL) FISH HGT/ FILLET) 
Frozen:Shrimp Wild(FROZEN SURAJBARI SHRIMS HLSO/ 
PUD,FROZEN KARIKADI SHRIMPS HLSO, PUD, PD) 
Frozen:Cuttlefish(CUTTLE FISH WHOLE, WHOLE CLEANED) 
Frozen:Squid(FROZEN SQUID WHOLE,SQUID WHOLE 
CLEANED,FROZEN CUT SQUID IQF,FROZEN SQUID 
RINGS,FROZEN SQUID TUBE,FROZEN SQUID RING WITH 
TENTACLES,FROZEN BABY SQUID PIN BONE OUT) 
Frozen:Octopus(FROZEN OCTOPUS WHOL,E CLEANED) 
Frozen:Lobster(FROZEN LOBSTER WHOLE ROUND)"
113,NEW ROYAL FROZEN FOODS ,"Plot No.304, 
GIDC , 
Veraval-362 269, Gujarat",02876-231807,newroyal08@gmail.com,,"GU1/MT/006/04 15/12/2004 
14/12/2025",Frozen,"Frozen:Fish Wild(Ribbon fish,silver croaker,Yellow Croaker,Eel Fish,Red Bally Reef Code,Horse Mackerel,Indian Mackerel,Red 
Snepper,Barracuda,sting Ray,Indian-Pacific King Mackerel,Skip Jack Tuna,Yellowfin Tuna,Big Eye Tuna,Tigertooth Croaker,Indian Conger Eel,Tuna Bonito,Sole Fish,Bombay Duck,Leather Jacket Fish,Cat 
Fish,Leather Skin) 
Frozen:Shrimp Wild(Tiny Karikadi Shrimp,Goinar Shrimp ,Flower Shrimp,Indian Whie Shrimp , Indian Sea Tiger Shrimp) 
Frozen:Cuttlefish(Pharaoh CuttelFish) 
Frozen:Squid(Indian Squid, Needle Squid) 
Frozen:Octopus(Smoothskin Octopus, Sandbird Octopus) 
Frozen:Crab(Blue swimming Crab ,Three Spot Crab ,)"
114,"PRIME BIO PROTEINS G.I.D.C., PLOT NO.610/1, VERAVAL, Gujarat",,7016624470,primebiopro@gmail.com,,"GU1/MT/348/19 11/06/2019 
10/06/2025","Dried 
Others-Non Edible",
115,PRIME MARINE EXPORT Plot No. 602 ,"G.I.D.C.,Estate 
Veraval, Gujarat",9898589610,primemarineexports@gmail.com,-,"GU1/MT/365/19 21/11/2019 
20/11/2022",Frozen,
116,RATNA SURIMI ,"Bara Road, 
Mangrol, Tal. Mangrol, Junagadh Dist., Gujarat",2878222820,ratnasurimi@gmail.com,,"GU1/MT/177/10 09/12/2010 
08/12/2019",Frozen,
117,RAUNAQ ICE & COLD STORAGE ,"Bara Road, 
Mangrol, Gujarat",2876222176,raunaq95@gmail.com,,"GU1/MT/047/05 23/02/2005 
20/02/2026",Frozen,"Frozen:Shrimp Wild(FROZEN RAW PUD SHRIMPS 
IQF/BLOCK,FROZEN RAW HL SHRIMPS IQF/BLOCK) Frozen:Cuttlefish(FROZEN CUTTLEFISH WHOLE CLEANED IQF,FROZEN CUTTLEFISH WHOLE) 
Frozen:Squid(FROZEN SQUID WHOLE CLEANED 
IQF/BLOCK,FROZEN SQUID RINGS IQF,FROZEN SQUID TENTACLES IQF,FROZEN SQUID WHOLE IQF/BLOCK)"
118,"RICH MARINE EXPORT PLOT NO.904, ","GIDC ESTATE, 
VERAVAL, Gujarat",9825220517,richmarineexports@gmail.com,,"GU1/MT/251/13 11/12/2013 
10/12/2025",Frozen,"Frozen:Fish Wild(Frozen:Fish Wild(FROZEN RIBBON FISH,FROZEN CROAKER,,FROZEN YELLOW CROAKER,FROZEN SILVER 
CROAKER,FROZEN REEF COD WHOLE,FROZEN INDIAN 
MACKEREL,FROZEN SOLE FISH,FROZEN HORSE 
MACKEREL,FROZEN BLACK SEABREAM,FROZEN GROPUER WHOLE ROUND),Frozen:Cuttlefish(FROZEN CUTTLE FISH, 
IQF,FROZEN CUTTLEFISH WHOLE CLEANED IQF,FROZEN SQUID WHOLE IQF,FROZEN BABY SQUID IQF,FROZEN SQUID TUBE & TENTACLES IQF,FROZEN 
SHRIMPS/HLSO/PUD/PD/PDTO)IQF,Frozen:Octopus(FROZEN BABY OCTOPUS WHOLE,,FROZEN OCTOPUS WHOLE (LONG 
LEG),BLOCK,FROZEN OCTOPUS WHOLE CLEANED,FROZEN OCTOPUS WHOLE CLEANED (TRAY PACK))IQF)"
119,S.I.A IMPEX ,"Plot No. 811 
G.I.D.C., Estate 
Veraval, Gujarat",9867666661,siaimpex.vrl@gmail.com,-,"GU1/MT/347/19 14/05/2019 
13/05/2025",Frozen,"Frozen:Fish Wild(FROZEN RIBBON FISH,FROZEN CROAKER FISH,Frozen Sole Fish,Frozen Reef cod Whole,Frozen Katti Fish,Frozen Cuttlefish Whole,Frozen Tuna,Frozen Horse Mackerel,Frozen Yellow Tail Scad,Frozen Cat Fish,Frozen Mahi Mahi,Frozen EEL Fish,Frozen Indian Mackerel,Frozen Bombay Duck,Frozen Squid Whole,Frozen Japanese Threadfin Bream,Frozen Kawa fish,Frozen Leather Jacket,Frozen Shad Fish,Frozen Sting Ray,Frozen Hilsa Fish,Frozen Black Sea Bream,Frozen Barracuda,Frozen Lady Fish,Frozen Lizard Fish,Frozen Emperor,Frozen Dorab Fish,Frozen Octopus)"
,,,,,,,,"	"
120,S.S. IMPEX ,"Plot No. 1401/1402, 
G.I.D.C. Estate, Veraval-362269., Gujarat",2876233313,abdullah2s@yahoo.com,www.ssimpex.in,"GU1/MT/187/11 16/09/2011 
15/09/2017",Frozen,
121,"SAGAR FOODS Plot No. 715/716, GIDC Estate, ","Veraval, Gujarat",02876-231674,sagarfoodsvrl@gmail.com,,"GU1/MT/024/05 10/01/2005 
09/01/2026",Frozen,"Frozen:Fish Wild(REEFCOD FILLETS IQF) 
Frozen:Shrimp Wild(PUD SHRIMPS BLANCHED IQF) 
Frozen:Cuttlefish(CUTTLEFISH WHOLE CLEANED IQF,CUTTLEFISH STRIPS BLANCHED IQF,CUTTLEFISH TENTACLES BLANCHED IQF) 
Frozen:Squid(SQUID WHOLE CLEANED IQF,SQUID RINGS 
BLANCHED IQF,SQUID RINGS BROKEN BLANCHED IQF,SQUID TENTACLES BLANCHED IQF,SQUID TUBE BLANCHED IQF,RAW SQUID TUBE IQF) 
Frozen:Octopus(CHOPPED OCTOPUS BLANCHED IQF)"
122,"SAILGANGA EU EXPORTS Plot No.7 to 10, ","G.I.D.C. Estate, 
Veraval, Gujarat",02876 231681,sailganga@gmail.com,,"GU1/MT/113/08 12/02/2008 
11/02/2023",Frozen,"Frozen:Fish Wild(frozen all fish histamine forming iqf/if/iwp,frozen all non histamine forming fishes iqf/if/iwp) 
Frozen:Shrimp Wild(Wild/Sea Caught Shrimps : Frozen PUD Shrimps IQF,,Frozen PUD Shrimps Blanched IQF,Frozen PD Shrimps IQF,Frozen PD Tail on Shrimps IQF,Frozen Headless Blanched Shrimps IQF,) 
Frozen:Cuttlefish(Wild/Sea Caught Cephalopods: frozen cfwc,Frozen Whole Cleaned Cuttlefish IQF,Frozen Whole Cleaned Cuttlefish 
Block,Frozen Cuttlefish Whole Cleaned Tray packed,Frozen Cuttlefish Strips IQF,Frozen Cuttlefish Tentacles IQF,Frozen Cuttlefish Strips 
Blanched IQF,Frozen Cuttlefish Tentacles Blanched IQF,Frozen Cuttlefish Roe IQF) 
Frozen:Squid(Frozen Whole Cleaned Squid IQF,Frozen Whole Cleaned Squid Block,Frozen Whole Squid IQF,Frozen Squid Rings & Tentacles IQF,Frozen Squid Rings & Tentacles Blanched IQF,Frozen Skin on Squid Rings & Tentacles IQF,Frozen Squid Rings Blanched IQF,Frozen Squid Tentacles Blanched IQF,Frozen Stuffed Squid IQF,Frozen Whole Squid Pin Bone off IQF,Frozen Skewers IQF, Frozen Seafood Mix iqf) 
Frozen:Octopus(Frozen Octopus Whole IQF,Frozen Octopus Whole Cleaned IQF,Frozen Octopus Whole Cleaned tray packed,Frozen Octopus Strips/ chopped iqf)"
123,SATYAM MARINE ,"EXPORTS 
Lati Plot No.14, Behinds Maklai Cold Storage, 
Bhidiya, Verava, Gujarat",02876-232157,satyam.export4@gmail.com,,"GU1/MT/199/11 27/12/2011 
26/12/2023",Frozen,"Frozen:Fish Wild((RIBBON FISH, SILVER CROAKER, YELLOW CROAKER,,LEATHER JACKET FISH - HGT/WHOLE, REEF COD WHOLE/,HGT, INDIAN MACKEREL, HORSE MACKEREL, SOLE FISH,,SPANISH MACKEREL / SEER FISH, LIZARD FISH, 
SQUID,,CUTTLE FISH, BABY CUTTLE FISH, SILVER 
POMFRET,,BLACK POMFRET, YELLOW FIN TUNA, SKIP JACK TUNA,,BIG MOUTH CROAKER, BOMBAY DUCK, CAT FISH, EEL FISH,SEA BREAM, DORAB, BULL EYE, BARRACUDA, KATTI FISH)"
124,SHAAN EXPORTS ,"PLOT NO.1406 
G.I.D.C AREA 
VERAVAL/362269, Gujarat",2876231323,shaancor@gmail.com,,"GU1/MT/309/16 06/10/2016 
05/10/2019",Dried,
125,SOMNATH IMPEX ,"Bunder Road, Navabunder, Tal. UNA, Dist. Junagadh,-362510, Gujarat",2876231112,somnathimpex@gmail.com,,"GU1/MT/182/11 21/04/2011 
30/06/2020",Dried,
126,SOMNATH MARINE EXPORT ,"GIDC Plot No.308, 
Veraval, Gujarat",2876231960,somnathmarine@rediffmail.com,,"GU1/MT/196/11 21/11/2011 
19/11/2023","Frozen 
Chilled","Frozen:Fish Wild(FROZEN MAHI MAHI,FROZEN CUT SQUID SKIN ON IF,FROZEN SQUID WHOLE ROUND,FROZEN SQUID 
TUBE,FROZEN OCTOPUS WHOLE CLEANED IF,FROZEN SILVER POMFRET,FROZEN STING RAY,FROZEN CRAB WHOLE,FROZEN BLACKSEA BREAM,FROZEN BARRACUDA WHOLE 
ROUND,FROZEN WHITE FISH,FROZEN REEFCOD WHOLE 
ROUND,FROZEN YELLOW TAIL SCAD,FROZEN INDIAN 
MACKEREL,FROZEN HORSE MACKEREL,FROZEN BOMBAY DUCK,FROZEN CUTTLEFISH WHOLE CLEANED,FROZEN BABY CUTTLEFISH,FROZEN GROUPER FISH,FROZEN SKIPJACK TUNA) Chilled:Lobster(FROZEN LOBSTER,FROZEN SILVER 
POMFRET,FROZEN BLACK POMFRET,FROZEN GROUPER 
FISH,FROZEN HILSA FISH,FROZEN BOMBAY DUCK)"
"127
","SONERI MARINE FOODS Plot No. U/1/1, GIDC Area, Opp. Taj Hotel, ","Somnath Road, Veraval, 
Gujarat
",02876-231691,sonerimarines@gmail.com,www.sonerimarines@exportersindia.com,"GU1/MT/115/08 12/02/2008 
11/02/2023
","Frozen
","Frozen:Fish Wild(FROZEN RIBBON FISH,FROZEN SILVER 
CROKAER,FROZEN YELLOW CROAKER,FROZEN SOLE 
FISH,FROZEN LEATHER JACKET FISH,FROZEN CUTTLE FISH WHOLE,,FROZEN SQUID WHOLE,FROZEN RIBBONFISH WHOLE -IWP,FROZEN T. T. CROAKER WHOLE,FROZEN INDIAN 
MACKEREL,FROZEN SILVER POMFRET WHOLE,FROZEN RED SNAPPER WHOLE,FROZEN MAHI MAHI WHOLE,FROZEN CAT FISH WHOLE,FROZEN TUNA FISH,FROZEN REEF COD 
WHOLE,FROZEN STING RAY WHOLE,FROZEN PUD 
SHRIMP,FROZEN OCTOPUS WHOLE,FROZEN FISH,FROZEN SEAFOOD MIX IQF,FROZEN HILSA FISH,FROZEN LIZARD 
FISH,FROZEN BARRACUDA,FROZEN EMPEROR,FROZEN 
MALABAR TREVALLY,FROZEN BOMBAY DUCK,FROZEN SKIP JACK TUNA,FROZEN YELLOW FIN TUNA,FROZEN KING 
FISH,FROZEN JAPANESE THREADFIN BREAM,FROZEN LONG TAIL TUNA,FROZEN GROUPER WHOLE,FROZEN RED 
SNAPPER,FROZEN SEER FISH WHOLE,FROZEN EEL FISH 
WHOLE,FROZEN INDIAN OIL SARDINE,FROZEN KATTI 
FISH,FROZEN TRIGGER FISH,FROZEN SCAD FISH,FROZEN 
SARDINE,FROZEN LADY FISH,FROZEN BONITO TUNA,FROZEN CAT FISH,FROZEN MARLIN FISH,FROZEN DORAB FISH,FROZEN RED BULL EYE,FROZEN WHITE SNAPPER,FROZEN SEA 
BREAM,FROZEN HORSE MACKEREL,FROZEN BIG MOUTH CROAKER) 
Frozen:Shrimp Wild(SHRIMP WILD,FROZEN SHRIMP 
PUD/PD/HL/HO,FROZEN SHRIMP WHOLE,FROZEN SHRIMP IF) 
"
,,,,,,,,"
Frozen:Crab(FROZEN BLUE SWIMMING CRAB WHOLE,FROZEN BLUE SWIMMING CUT CRAB TRAY PACK,FROZEN THREE SPOT CRAB WHOLE,FROZEN THREE SPOT CUT CRAB TRAY 
PACK,FROZEN RED CROSS CRAB(CRUCIFIX CRAB),FROZEN MUD CRAB WHOLE)"
128,STAR MARINE PRODUCTS M/s Star Marine Products ,"613/2,GIDC,AREA,UDHYOG NAGAR 
VERAVAL, Gujarat",02876-231974,star.mp786@gmail.com,,"GU1/MT/261/14 04/07/2014 
03/07/2023",Frozen,"Frozen:Fish Wild(FROZEN RIBBON FISH,FROZEN SOLE 
FISH,FROZEN CROAKER FISH,FROZEN OCTOPUS FISH,FROZEN SQUID FISH,FROZEN EEL FISH,FROZEN CAT FISH,FROZEN MAHI MAHI,FROZEN QUEEN FISH,FROZEN LOBSTER,FROZEN SEA WHITE,FROZEN TUNA FISH,FROZEN MACKEREL FISH,FROZEN REEFCOD,FROZEN LEATHER JACKET FISH,FROZEN SILVER POMFRET,FROZEN HORSE MACKEREL,FROZEN LIZARD 
FISH,FROZEN BOMBAY DUCK,FROZEN BARRACUDA,FROZEN KINGFISH WHOLE,FROZEN CHINESE POMFRET,FROZEN BLACK POMFRET,FROZEN SCAD FISH,FROZEN SHAD FISH,FROZEN STING RAY WHOLE,FROZEN DORAB FISH,FROZEN MOON 
FISH,FROZEN LEATHER SKIN,FROZEN WHITE SHAD 
FISH,FROZEN IAPANESE THREADFIN BREAM,FROZEN INDIAN MACKEREL,FROZEN BONITO TUNA,FROZEN CUTTLE FISH WHOLE,FROZEN T T CROAKER,FROZEN SPOTTED 
REEFCOD,FROZEN KATI FISH,FROZEN BIG MOUTH 
CROAKER,FROZEN SEABREAM FISH,FROZEN YELLOWTAIL SCAD,FROZEN INDIAN OIL SARDINE)"
129,"SUN EXPORTS Plot No 1313, ","GIDC Estate 
Veraval, Gujarat",2876232300,sunexports12@gmail.com,,"GU1/MT/265/14 22/07/2014 
21/07/2023",Frozen,"Frozen:Fish Wild(HISTAMINE FORMING FISHES,NON- HISTAMINE FORMING FISHES) 
Frozen:Shrimp Wild((PUD, P & D, Head on, Headless, HL/TL)) 
Frozen:Cuttlefish((Whole, Whole Cleaned, Strips, Tentacles)) 
Frozen:Squid((Whole, Whole Cleaned, Tube, Strips, Fillet,,Rings, 
Tentacles, Wings)) 
Frozen:Octopus((Whole, Whole cleaned, Gutted, Chopped))"
130,SUN MARINE EXPORTS PLOT NO. 1312 ,"GIDC ESTATE 
VERAVAL, Gujarat",9.12876E+11,sunmarinevrl@gmail.com,,"GU1/MT/368/19 21/11/2019 
20/11/2025",Frozen,"Frozen:Fish Wild(Ribbon Fish, Croaker Fish, Leather Jacket,,Sole Fish, Silver Pomfret, Chinese Pomfret,,Black Pomfret, Eel Fish, Lizard Fish,,Barracuda, Snapper, Japanese Threadfin Bream,,Reefcod, Stingray, Snapper, Cat Fish,,Indian Halibut, Bombay Duck, Indian Salmon,,Indian Thread Fin bream, Marlin, Sailfish,,Tuna, Indian Mackerel, Horse Mackerel,,Indian oil Sardine, Mahi mahi, Leather Skin, Hilsa) 
Frozen:Fish Aquaculture((PUD, P & D, Head on, Headless, HL/TL)) Frozen:Shrimp Wild((PUD, P & D, Head on, Headless, HL/TL)) 
Frozen:Cuttlefish((Whole, Whole cleaned, Fillets, Strips, Tentacles)) Frozen:Squid((Whole, Whole cleaned, Tubes, Fillets,,Strips, Rings, Tentacles, Wings)) 
Frozen:Octopus((Whole, Whole cleaned, Gutted, Chopped))"
131,USK FOODS ,"PLOT NO.U 1/5-6 GIDC AREA 
B/H ,SONERI 
MARINE,SOMANATH 
ROAD 
VERAVAL/362269, Gujarat",9275053378,uskfoods@gmail.com,,"GU1/MT/310/16 21/12/2016 
20/12/2022",Frozen,
132,VINTA COLD STORAGE VERAVAL HIGHWAY ,"ROAD, 
NEAR PARAB, 
MANGROL/GUJARAT /362225, Gujarat",9275057831,vintacoldstorage2@gmail.com,,"GU1/MT/294/16 06/01/2016 
05/01/2025",Frozen,"Frozen:Fish Wild(FROZEN RIBBON FISH,FROZEN SILVER 
CROAKER,FROZEN YELLOW CROAKER,FROZEN SOLE 
FISH,FROZEN REEFCOD,FROZEN INDIAN MACKEREL,FROZEN HORSE MACKEREL,FROZEN CUTTLE FISH,FROZEN STING 
RAY,FROZEN SEABREAM FISH,FROZEN CAT FISH,FROZEN WOLF HERRING,FROZEN TT CROAKER,FROZEN BARRACUDA,FROZEN LEATHER JACKET,FROZEN BOMBAY DUCK,FROZEN SQUID WHOLE,FROZEN BIG MOUTH CROAKER,FROZEN KING 
FISH,FROZEN GHOLE FISH,FROZEN SPOTTED REEFCOD,FROZEN KATI FISH)"
133,WIN MARINE PRODUCTS SURVEY NO. 1787/ 1-6 ,"NEAR GIDC 
SOMNATH ROAD 
VERAVAL, Gujarat",9879325362,winmarineproducts@gmail.com,,"GU1/MT/298/16 26/04/2016 
25/04/2025",Frozen,"Frozen:Fish Wild(FROZEN RIBBON FISH, FROZEN YELLOW 
CROAKER,,FROZEN SILVER CROAKER, FROZEN LEATHER 
JACKET,,FROZEN INDIAN MACKEREL, FROZEN HORSE 
MACKEREL,,FROZEN SOLE FISH, FROZEN YELLOW FIN 
TUNA,,FROZEN BONITO TUNA, FROZEN SKIP JACK 
TUNA,,FROZEN LONG TAIL TUNA, FROZEN MAHI MAHI 
FISH,,FROZEN SILVER POMFRET, FROZEN BLACK 
POMFRET,,FROZEN EEL FISH, FROZEN LIZARD FISH,,FROZEN BARRACUDA FISH, FROZEN KING FISH,,FROZEN PINK 
SNAPPER,FROZEN JapaneseThreadfinBream,,FROZEN KING FISH, FROZEN REEF COD,,FROZEN STING RAY, FROZEN CHINESE POMFRET,,FROZEN SEER FISH, FROZEN LITTLE TUNNY,,FROZEN KING MACKEREL, FROZEN BULL EYE,,FROZEN BIG EYE TUNA, FROZEN SNAPPER,,FROZEN LONG 
SPINEGROUPER,FROZENTHORNYCHEEKGROUPER,,FROZEN TIGER TOOTH CROAKER, FROZEN BLACKSEA BREAM,,FROZEN YELLOWTAIL SCAD, FROZEN SCAD,,FROZEN QUEEN 
FISH,FROZEN SPOTTED CAT FISH,,FROZEN GIANT CAT FISH, FROZEN INDIAN OIL SARDINE,,FROZEN HILSA FISH,FROZEN HALIBUT,,FROZEN BOMBAY DUCK, FROZEN SWORD 
FISH,,FROZEN CONGER EEL, FROZEN GREY MULLET,,FROZEN KARIKADI SHRIMP, FROZEN INDIAN WHITE PRAWN,,FROZEN BLACK TIGER PRAWN, FROZEN FLOWER PRAWN,,FROZEN PACIFIC WHITE SHRIMP, FROZEN FLOWER PRAWN,,FROZEN PINK SHRIMP, FROZEN SAND SHRIMP,,FROZEN KING PRAWN, FROZEN TIGER PRAWN,,FROZEN SPINELESS CUTTLEFISH, FROZEN CUTTLE FISH,,FROZEN NEEDLE CUTTLEFISH,FROZEN SQUID,,FROZEN NEEDLE SQUID, FROZEN OCTOPUS ,,FROZEN ROCK LOBSTER,FROZEN SAND LOBSTER,)"
,,,,,,,,"	"
ODA,,,,,,,,
134,"WINSOR WORLD EXPORT, Plot No.801/802-1/2, GIDC ESTATE, ","Br. Office at : PLOT 
NO:103/1, GIDC Estate, 
VERAVAL, Gujarat",9227339111,winsorworldexp.2011@gmail.com,,"GU1/MT/346/19 19/03/2019 
18/03/2025",Frozen,"Frozen:Fish Wild(FROZEN RIBBON FISH,YELLOW 
CROAKER,SILVER CROAKER,LEATHER JACKE,INDIAN 
MACKEREL,HORSE MACKEREL,COBIA FISH,SOLE FISH,YELLOW FIN TUNA,BONITO TUNA,SKIP JACK TUNA,LONG TAIL 
TUNA,MAHI MAHI FISH,SILVER POMFRET,BLACK POMFRET,EEL FISH,LIZARD FISH,BARRACUDA FISH,KING FISH,PINK 
SNAPPER,Japanese Threadfin Bream,REEF COD,COWTAIL STING RAY,CHINESE POMFRET,SEER FISH,LITTLE TUNNY,KING 
MACKEREL,BULL EYE,BIG EYE TUNA,SNAPPER,LONG SPINE GROUPER,THORNYCHEEK GROUPER,TIGER TOOTH 
CROAKER,SIN CROAKER,YELLOWTAIL SCAD,INDIAN 
SCAD,BIGEYE SCAD,DOUBLE SPOTTED QUEEN FISH,LEATHER SKIN,MALABAR TREVALLY,LARGE HEADED RIBBON 
FISH,LEATHER JACKET,HAIRTAIL RIBBON FISH,SPOTTED CAT FISH,GIANT MARINE CAT FISH,CAT FISH,INDIAN OIL 
SARDINE,HILSA,INDIAN HALIBUT,SMOOTH WOLF 
HERRING,MALABAR TONGUE SOLE,BOMBAY DUCK,INDIAN SALMON,INDIAN THREADFIN,SWORD FISH,BLACK 
MARLIN,INDO PACIFIC SAIL FISH,INDIAN CONGER EEL,SEA BASS,GOAT FISH,PARROT FISH,MILK FISH,WHITE FISH,LONG SPINE SEA- BREAM,BARRAMUNDI,GREY 
MULLET,CATLA,FROZEN:SHRIMP WILD(KARIKADI 
SHRIMP,GHOLEFISH,INDIAN WHITE PRAWN,BLACK TIGER PRAWN,MANDAPAM FLOWER PRAWN,PACIFIC WHITE 
SHRIMP,FLOWER PRAWN,PINK SHRIMP,SAND SHRIMP,KING PRAWN,ARABIAN RED SHRIMP,DEEP SEA SHRIMP,KUTCH 
PRAWN,SPECKLED PRAWN,TIGER PRAWN,KURUMA 
PRAWN,RAINBOW PRAWN,HUNTER 
SHRIMP,FROZEN:CUTTLEFISH(PHARAOH CUTTLEFISH,CUTTLE FISH,N,FROZEN:SQUID(SQUID,INDIAN SQUID,NEEDLE 
SQUID),FROZEN:OCTOPUS(OCTOPUS (MARBLED 
OCTOPUS),FROZEN:LOBSTER(RAW ROCK LOBSTER,SAND 
LOBSTER),MUD CRAB,SEA CRAB,RED SNAPPER,BLACK 
SNAPPER)"
135,AHMED FOODS ,"MALEK WADA,PRABHAS PATAN 
VERAVAL-362269 
/362269, Gujarat",9925221249,ahmedfoods.vrl@gmail.com,,"GU1/RX/316/17 23/03/2017 
22/03/2023",Frozen,
136,AMARNATH FOODS ,"GHANSHYAM PLOT 
STREET NO: 04 
VERAVAL/362265, Gujarat",2876231020,amarnathfooddocs@gmail.com,,"GU1/RX/311/17 23/01/2017 
22/01/2023",Frozen,
137,AMBAR FROZEN FOODS OPP. NEW SHABINA ,"FOODS, GIDC 
AREA, NR. REAL FROZEN FOODS, 
VERAVAL/362269, Gujarat",7878602302,ambarfrozenfoodsdoc@gmail.com,N.A.,"GU1/RX/334/18 23/08/2018 
22/08/2024",Frozen,
138,"BHAVANI SEAFOODS Plot No. 12/13, ","Fishery Harbour, 
Bhidiya, Veraval-362 267, Gujarat",,,,"GU1/RX/049/05 23/02/2005 
22/02/2014",Frozen,
139,BHISTI EXPORTS ,"Plot No.601, G.I.D.C. Estate, Veraval 
Junagadh Dist., Gujarat",2876231063,bhisti1@yahoo.com,,"GU1/RX/133/08 08/10/2008 
31/03/2012",Frozen,
140,CHANDRASHILA EXPORTS KAMNATH SOCIETY ,"BHALPARA ROAD 
VERAVAL, Gujarat",9898299230,chandrashilavrl@gmail.com,,"GU1/RX/396/23 31/01/2023 
30/01/2026",Frozen,
141,DEEPMALA FISHERIES Plot No.805 GIDC Estate Veraval ,"Plot No.805 GIDC Esate Veraval, Gujarat",2876233132,deepmalafisheries@gmail.com,,"GU1/RX/327/17 24/10/2017 
23/10/2023",Frozen,
142,DEEPMALA MARINE ,"EXPORTS 
Near Fisheries Terminal Gate, Bhidiya Plot, 
Veraval-362267, GUJARAT, Gujarat",02876 231036,,,"GU1/RX/106/08 08/01/2008 
06/01/2026",Frozen,
143,"FAVOURITE EXPORTS GIDC Estate, ","Plot No.611 
Veraval/362269, Gujarat",9898622015,favouritexports@gmail.com,,"GU1/RX/395/23 16/01/2023 
15/01/2026",Frozen,
144,GLOBUS MARINE ,"EXPORTS 
YOGINI, VIDHYUT NAGAR SOCIETY, 
60 FEET ROAD, VERAVAL /362265, Gujarat",9978881087,globusexpo@gmail.com,N.A.,"GU1/RX/354/19 08/08/2019 
07/08/2025",Frozen,
145,GOPAL FISHERIES ,"Plot No 44 - 47 
Fishery Harbour ,Bhidiya, Veraval - 362267, Gujarat",2876231930,gopalsf@yahoo.co.in,,"GU1/RX/175/10 11/10/2010 
10/10/2013",Frozen,
,,,,,,,,
146,HLN ENTERPRISES ,"B-113,Vivekanand society, Opp,G.I.D.C,Estate,Somnath Road 
Veraval -362268, Gujarat",02876-233108,monarch.foods.pl@gmail.com,,"GU1/RX/260/14 03/07/2014 
02/07/2017",Frozen,
147,"JINNY MARINE TRADERS Plot No. 1306/1311, ","GIDC Estate, 
Veraval-362 269, Gujarat",,,,"GU1/RX/050/05 23/02/2005 
21/02/2023","Frozen 
Freeze Dried 
Dried 
Live other than ornamental fish Chilled 
Ornamental Fish",
148,"KARTIK COLD STORAGE PLOT No.1308, ","G.I.D.C.
VERAVAL-362269./362269, Gujarat",2876232330,masani_ad1@yahoo.co.in,WWW.KARTIKCOLDSTORAGE.COM,"GU1/RX/296/16 22/01/2016 
21/01/2019",Frozen,
149,"KESHODWALA FOODS Plot No. 305, ","GIDC Estate, 
Veraval-362 269, Gujarat",,,,"GU1/RX/054/05 18/03/2005 
17/03/2014","Freeze Dried 
Dried 
Live other than ornamental fish Chilled 
Ornamental Fish",
150,"KESHODWALA FOODS PLOT NO.305, GIDC ","ESTATE, 
VERAVAL 362 269 
GUJARAT INDIA/362269, Gujarat",9825221240,lab.keshodwala@gmail.com,keshodwala.com,"GU1/RX/387/22 10/08/2022 
09/08/2025",Frozen,
151,KEVAL EXPORTS ,"Prakash Complex, Opp. Radha Krishna Temple, 
Street No.1, Veraval-362265., Gujarat",2876232499,kevalexports@yahoo.co.in,,"GU1/RX/209/12 18/05/2012 
31/03/2020",Frozen,
152,KHAIYA EXPORTS ,"KRISHIV, OPP- AKSHAY 
APPARTMENT 
VIVEKANAND SOCIETY,60 FEET ROAD 
VERAVAL/362266, Gujarat",9898183410,khaiyaexports@gmail.com,,"GU1/RX/336/18 12/09/2018 
11/09/2021",Frozen,
153,"M/S GOHEL EXPORTS Krishna, Ghanshyam Plot, Street No.7, ","Veraval-362265, Gujarat",,gohelexports@yahoo.com,www.gohelexports.com,"GU1/RX/280/15 23/04/2015 
31/03/2025",Frozen,
154,M/S INDIAN EXPORTS ,"PLOT NO 1316/1-2 
G.I.D.C ESTATE VERAVAL 362269 
GUJARAT-INDIA9/362269, Gujarat",2876232466,indianexports.document@gmail.com,,"GU1/RX/341/18 20/11/2018 
19/11/2024",Frozen,"Frozen:Fish Wild(RIBBON FISH,YELLOW CROAKER,SILVER 
CROAKER,LEATHER JACKET,INDIAN MACKEREL,HORSE 
MACKEREL,COBIA FISH,SOLE FISH,YELLOW FIN TUNA,BONITO TUNA,SKIP JACK TUNA,LONG TAIL TUNA,MAHI MAHI 
FISH,SILVER POMFRET,BLACK POMFRET,EEL FISH,LIZARD FISH,BARRACUDA FISH,KING FISH,PINK SNAPPER,Japanese Threadfin Bream,KING MACKEREL,REEF COD,COWTAIL STING RAY,CHINESE POMFRET,SEER FISH,LITTLE TUNNY,BULL 
EYE,BIG EYE TUNA,SNAPPER,LONG SPINE 
GROUPER,THORNYCHEEK GROUPER,TIGER TOOTH 
CROAKER,SIN CROAKER,YELLOWTAIL SCAD,INDIAN 
SCAD,BIGEYE SCAD,DOUBLE SPOTTED QUEEN FISH,LEATHER SKIN,MALABAR TREVALLY,LARGE HEADED RIBBON 
FISH,HAIRTAIL RIBBON FISH,SPOTTED CAT FISH,GIANT MARINE CAT FISH,INDIAN OIL SARDINE,HILSA,INDIAN 
HALIBUT,SMOOTH WOLF HERRING,MALABAR TONGUE 
SOLE,BOMBAY DUCK,INDIAN SALMON,INDIAN 
THREADFIN,SWORD FISH,BLACK MARLIN,INDO PACIFIC SAIL FISH,INDIAN CONGER EEL,SEA BASS,GOAT FISH,PARROT 
FISH,MILK FISH,WHITE FISH,LONG SPINE SEA-
BREAM,BARRAMUNDI,GREY MULLET,CATLA) 
Frozen:Shrimp Wild(KARIKADI SHRIMP,INDIAN SQUID,NEEDLE SQUID,MANDAPAM FLOWER PRAWN,PACIFIC WHITE 
SHRIMP,FLOWER PRAWN,PINK SHRIMP,SAND SHRIMP,KING PRAWN,ARABIAN RED SHRIMP,DEEP SEA SHRIMP,KUTCH 
PRAWN,SPECKLED PRAWN,TIGER PRAWN,KURUMA 
PRAWN,RAINBOW PRAWN,HUNTER SHRIMP) 
Frozen:Cuttlefish(PHARAOH CUTTLEFISH,CUTTLE FISH,NEEDLE CUTTLEFISH,SPINELESS CUTTLEFISH) 
Frozen:Squid(KARIKADI SHRIMP,INDIAN SQUID,NEEDLE SQUID) Frozen:Octopus(OCTOPUS (MARBLED OCTOPUS)) 
Frozen:Lobster(RAW ROCK LOBSTER,SAND LOBSTER)"
155,"M/S JAMADAR EXPORTS B/H Krishna Mall, ","Bhidiya Road, 
Veraval/362269, Gujarat",9687777633,jamadar96@hotmail.com,-,"GU1/RX/391/22 12/09/2022 
04/06/2025",Frozen,
156,"M/S RAHIMI EXPORTS Khara Kuva, ","Veraval-362265, Gujarat",2876243392,rahimiexports@gmail.com,,"GU1/RX/281/15 27/04/2015 
26/04/2024",Frozen,
,M/S RAMESHWAR COLD STORAGE,,,,,"GU1/RX/056/05
","Canned/Bottled/Retort Pouched Product 
Freeze Dried
","	"
"
157",,"Somnath Road, 
Bhidiya, 
Veraval-362 269, Gujarat",,,,12/04/2005 11/04/2023,"Dried 
Chilled 
Ornamental Fish",
158,M/S SOMNATH MARINE EXPORT ,"M/s Somnath Marine Export GIDC Plot no.308 
Veraval, Gujarat",02876-231960,somnathmarine@gmail.com,,"GU1/RX/263/14 08/07/2014 
07/07/2020",Frozen,
159,M/S. GOPAL SEA FOODS PLOT NO. 2-4 ,"G.I.D.C. ESTATE 
VERAVAL/362269, Gujarat",2876232197,gopalsf@gmail.com,,"GU1/RX/377/21 23/08/2021 
22/08/2024",Frozen,
160,M/S. SHAFI MARINE ,"KAUSHAR COLONY, ST NO2, TALALA ROAD 
VERAVAL 
/362265, Gujarat",9898059470,shafimarine@gmail.com,www.shafimarine.com,"GU1/RX/329/18 16/03/2018 
15/03/2024",Frozen,"Frozen:Squid(FROZEN CUTTLEFISH WHOLE/ WHOLE CLEANED ,,FROZEN SQUID WHOLE / WHOLE CLEANED ,,FROZEN KING FISH,,FROZEN CORVINA,,FROZEN CROAKER FISH ,,FROZEN RIBBON FISH,,FROZEN LEATHER JACKET,,FROZEN INDIAN MACKEREL ,,FROZEN STING RAY ,,FROZEN HORSE 
MACKEREL,,FROZEN EEL FISH,,FROZEN REEF COD,,FROZEN MAHI MAHI ,,FROZEN YELLOW TAIL SCAD,,FROZEN JTB ,,FROZEN LEATHER SKIN,,FROZEN SNAPPER,,FROZEN SOLE FISH,,FROZEN POMFRET,,FROZEN OCTOPUS,,FROZEN TUNA ,)"
161,M/S.BLU MARINE EXPORT PLOT NO.308 ,"G.I.D.C ESTATE SOMNATH ROAD VERAVAL 
/362269, Gujarat",9106649691,blumarinedocs@gmail.com,,"GU1/RX/379/21 07/10/2021 
06/10/2024",Frozen,"Frozen:Fish Wild(FROZEN RIBBON FISH,FROZEN CROAKER 
FISH,FROZEN SQUID WHOLE ROUND,FROZEN GROUPER 
FISH,FROZEN HILSA FISH,FROZEN SILVER POMFRET,FROZEN BLACK POMFRET,FROZEN KINGFISH,FROZEN EEL FISH,FROZEN BARRACUDA WHOLE ROUND,FROZEN WHITE FISH,FROZEN REEFCOD WHOLE ROUND,FROZEN YELLOW TAIL SCAD,FROZEN INDIAN MACKEREL,FROZEN HORSE MACKEREL,FROZEN 
BOMBAY DUCK,FROZEN CUTTLEFISH WHOLE 
CLEANED,FROZEN BABY CUTTLEFISH,FROZEN BABY SQUID WHOLE ROUND,FROZEN SKIPJACK TUNA,FROZEN CUT SQUID SKIN ON,FROZEN SQUID TENTACLES,FROZEN MAHI MAHI WHOLE GTD,FROZEN CAT FISH,FROZEN BULLEYE,FROZEN CRAB WHOLE,FROZEN STING RAY,FROZEN YELLOW FIN 
TUNA,FROZEN OCTOPUS WHOLE CLEANED,FROZEN KOOTH FILLETS)"
162,M/S.S.S.INTERNATIONAL PLOT NO.604/605 ,"G.I.D.C.
VERAVAL/362269, Gujarat",2876232888,ssintervrl@gmail.com,WWW.ssigroup.co.in,"GU1/RX/394/22 15/11/2022 
14/11/2025",Frozen,
163,"MARUTI FROZEN FOODS BARA ROAD, MANGROL-362225 ","GUJARAT, Gujarat",9227111122,marutifrozenfoods2014@gmail.com,,"GU1/RX/384/22 16/06/2022 
15/06/2025",Frozen,
164,MINAZ EXPORTS ,"DUVAGIRI SOCIETY,NEAR FALAH MASJID 
ALIBHAI SOCIETY MAIN ROAD SOMNATH TAKIES AREA 
VERAVAL, Gujarat",8238633111,minazexports@gmail.com,-,"GU1/RX/393/22 03/11/2022 
02/11/2025",Frozen,
165,MIRA SEAFOODS ,"PLOT NO. 1008, G.I.D.C.
ESTATE, 
VERAVAL-362269., Gujarat",2876232193,mirafish_ad1@bsnl.net.in,,"GU1/RX/200/12 02/01/2012 
31/03/2022",Frozen,
166,NEW FAIZAN FOODS ,"TAWAKAL MANZIL, 
NEAR JABBAR CHOWK, BAHARKOT, 
VERAVAL-362265, Gujarat",2876231395,newfaizan@gmail.com,,"GU1/RX/184/11 03/05/2011 
02/05/2014",Frozen,
167,NEW FAIZAN FOODS ,"PLOT NO. 301 
GIDC ESTATE 
BEHIND ASSOCIATION HALL, VERAVAL/362269, Gujarat",9227535505,newfaizan@gmail.com,www.newfaizan.com,"GU1/RX/318/17 23/06/2017 
22/06/2023",Frozen,
168,R.K. ICE AND COLD ,"STORAGE, 
Bunder Bara Road, 
Mangrol-362225., Gujarat",2878222820,rkics2003@yahoo.com,,"GU1/RX/144/09 02/06/2009 
29/09/2015",Frozen,
169,"REAL EXPORTS Plot No 8 & 9, ","Somnath Road, 
Veraval, Gujarat",2876232035,real1112@gmail.com,www.realrameshwar.com,"GU1/RX/174/10 05/10/2010 
31/03/2023",Frozen,
170,"REAL FROZEN FOODS Plot No 705,GIDC Estate Veraval-362269, Gujarat",,,realfoodsvrl@gmail.com,,"GU1/RX/273/14 22/10/2014 
31/03/2022",Frozen,
171,REGENT MARINE ,"INDUSTRIES 
Opp. Taj Restaurant, Patan road 
Veraval 
Gujarat -362269, Gujarat",2876231166,regentgaffar@gmail.com,,"GU1/RX/239/13 21/08/2013 
31/03/2023",Frozen,
,,,,,,,,"	"
,,,,,,,,
172,SAGAR MARINE IMPEX BEHIND TRIVEDI WEIGH BRIDGE ,"NEAR KEVAL EXPORT, BALKA ROAD 
VERAVAL-362269/362269, Gujarat",9898589612,sagarmarineimpex@gmail.com,,"GU1/RX/364/19 13/11/2019 
12/11/2025",Frozen,
173,SUN EXPORTS ,"Plot No. 1313 
GIDC Estate 
Veraval/362269, Gujarat",2876232300,sunexports12@gmail.com,,"GU1/RX/388/22 22/08/2022 
21/08/2025",Frozen,
